booking_id,booking_date,travel_date,customer_id,cust_segment,tour_type,channel,payment_method,destination,pax,base_price_vnd,discount_rate,booking_status,revenue_vnd,satisfaction,is_returning,DateAnomaly
B02553,2023-08-20,2023-09-24,C0001,Student,Family,Website,Cash,Đà Lạt,1,3093000.0,0.1309524064461386,Completed,2688000.0,4.0,True,False
B00434,2025-02-24,2025-03-22,C0001,Family,Family,Mobile App,Cash,Đà Lạt,5,3690000.0,0.127,Completed,16107000.0,4.7,False,False
B01830,2022-09-24,2022-11-16,C0002,Family,City Break,Mobile App,Card,Đà Lạt,4,2362000.0,0.0948698444376751,Completed,8552000.0,4.5,True,False
B02944,2024-01-30,2024-03-02,C0002,Family,Beach,Website,Card,Hà Nội,1,4220000.0,0.1716189437267367,Completed,3496000.0,4.4,True,False
B00871,2024-08-01,2024-08-20,C0002,Young Professional,City Break,Mobile App,Card,Đà Lạt,1,2596000.0,0.067,Completed,2422000.0,3.7,False,False
B04167,2025-07-05,2025-09-17,C0002,Family,Family,Mobile App,Bank Transfer,Đà Lạt,1,2633000.0,0.1209362464829608,Completed,2315000.0,3.7,True,False
B00815,2024-04-07,2024-06-14,C0003,Corporate,Foodie,Website,Card,Nha Trang,2,2248000.0,0.034,Completed,4343000.0,4.1,False,False
B03755,2025-01-08,2025-03-23,C0003,Family,Cultural,Website,Card,Phú Quốc,4,2586000.0,0.0497158813762957,Completed,9830000.0,3.8,True,False
B01271,2022-02-01,2022-02-10,C0004,Family,Cultural,Agent,Bank Transfer,Sa Pa,1,2781000.0,0.0284936111724611,Completed,2702000.0,4.0,True,False
B03353,2024-07-18,2024-09-05,C0004,Family,Beach,Agent,Card,Hội An,1,3987000.0,0.1311361969882473,Completed,3464000.0,3.5,True,False
B00891,2025-04-30,2025-05-24,C0004,Family,Cultural,Agent,Cash,Phú Quốc,2,2104000.0,0.148,Completed,3585000.0,4.1,False,False
B01121,2025-06-07,2025-06-26,C0004,Family,Cultural,Website,E-wallet,Đà Lạt,1,2621000.0,0.025,Completed,2555000.0,4.1,True,False
B00485,2025-06-23,2025-07-08,C0004,Family,Family,Mobile App,Card,TP.HCM,4,3124000.0,0.043,Completed,11959000.0,3.5,True,False
B00159,2025-08-22,2025-10-17,C0004,Family,Beach,Mobile App,Bank Transfer,Hạ Long,2,2995000.0,0.048,Completed,5702000.0,3.3,True,False
B01476,2022-05-03,2022-07-01,C0005,Student,Beach,Agent,E-wallet,TP.HCM,1,4110000.0,0.188713385845188,Completed,3334000.0,4.8,True,False
B01588,2022-06-21,2022-08-10,C0005,Family,Family,Website,Bank Transfer,Phú Quốc,4,3937000.0,0.0948844623219533,Completed,14254000.0,4.6,True,False
B02333,2023-05-11,2023-07-06,C0005,Corporate,Cultural,Mobile App,E-wallet,Hạ Long,2,2867000.0,0.0533983562697688,Completed,5428000.0,4.7,True,False
B02648,2023-10-01,2023-12-31,C0005,,Beach,Website,Card,Sa Pa,2,4013000.0,0.1527798539422971,Completed,6800000.0,4.8,True,False
B00559,2024-01-16,2024-04-13,C0005,Student,Cultural,Website,Card,Phú Quốc,2,2745000.0,0.188,Completed,4458000.0,4.6,False,False
B04226,2025-07-25,2025-09-23,C0005,Young Professional,Family,Agent,Bank Transfer,Nha Trang,2,3633000.0,0.1065632115241919,Completed,6492000.0,4.1,True,False
B00582,2025-09-11,2025-10-22,C0005,Student,Adventure,Website,Card,Đà Lạt,1,5962000.0,0.088,Completed,5437000.0,4.7,True,False
B01780,2022-09-02,2022-11-26,C0006,Young Professional,Cultural,Website,Card,Hà Nội,3,2778000.0,0.0976142232590015,Completed,7520000.0,3.6,True,False
B01153,2024-06-27,2024-08-30,C0006,Corporate,City Break,Mobile App,Card,Hạ Long,3,2378000.0,0.031,Completed,6913000.0,3.8,False,False
B00664,2024-07-19,2024-10-04,C0006,Corporate,Cultural,Agent,Cash,Hội An,2,1828000.0,0.118,Completed,3225000.0,4.4,True,False
B03930,2025-04-07,2025-06-23,C0006,Family,Beach,Mobile App,Bank Transfer,Đà Lạt,3,3833000.0,0.1307858900547298,Completed,9995000.0,4.5,True,False
B00990,2025-09-04,2025-11-25,C0006,Corporate,Beach,Website,Cash,Huế,2,3988000.0,0.152,Completed,6764000.0,3.9,True,False
B01469,2022-05-01,2022-05-22,C0007,Family,Cultural,Mobile App,Cash,Huế,1,2220000.0,0.114966090636514,Completed,1965000.0,4.3,True,False
B02057,2023-01-15,2023-03-19,C0007,Student,Family,Website,Bank Transfer,Phú Quốc,1,3611000.0,0.1412238401432982,Completed,3101000.0,3.7,True,False
B00864,2024-05-04,2024-07-03,C0007,Family,City Break,Website,E-wallet,Huế,1,2130000.0,0.093,Completed,1932000.0,4.4,False,False
B02823,2023-12-09,2024-03-05,C0008,Corporate,Foodie,Agent,Card,Đà Lạt,3,2392000.0,0.0833144041169338,Completed,6578000.0,3.5,True,False
B00265,2024-07-09,2024-10-01,C0008,Family,City Break,Agent,Bank Transfer,Nha Trang,2,2061000.0,0.064,Completed,3858000.0,4.9,False,False
B00618,2024-10-10,2024-11-10,C0008,Family,Cultural,Mobile App,Card,Sa Pa,3,1723000.0,0.128,Completed,4507000.0,3.9,True,False
B00877,2025-02-06,2025-04-07,C0008,Family,Beach,Call Center,Bank Transfer,Huế,3,3645000.0,0.122,Completed,9601000.0,5.0,True,False
B01758,2022-08-25,2022-10-13,C0009,Family,Cultural,,Bank Transfer,Đà Lạt,2,2623000.0,0.0979012983436776,Completed,4732000.0,3.7,True,False
B02228,2023-03-31,2023-05-16,C0009,Family,City Break,Mobile App,Card,Phú Quốc,1,2172000.0,0.0848476480633967,Completed,1988000.0,4.4,True,False
B02552,2023-08-20,2023-09-28,C0009,Young Professional,Cultural,Website,Cash,Sa Pa,1,2265000.0,0.1559430671003879,Completed,1912000.0,4.6,True,False
B03118,2024-04-17,2024-05-27,C0009,Young Professional,Beach,Mobile App,Cash,Đà Nẵng,1,4327000.0,0.0873354731709077,Completed,3949000.0,5.0,True,False
B00548,2024-07-21,2024-08-25,C0009,Student,Family,Website,Card,TP.HCM,4,3998000.0,0.058,Completed,15064000.0,4.1,False,False
B01583,2022-06-20,2022-07-04,C0010,Young Professional,Family,Mobile App,Card,Sa Pa,2,3581000.0,0.1142494470171242,Completed,6344000.0,4.6,True,False
B00564,2024-07-19,2024-09-12,C0010,Young Professional,Cultural,Website,Card,Nha Trang,1,3633000.0,0.12,Completed,3197000.0,4.8,True,False
B00069,2024-08-19,2024-09-20,C0010,Young Professional,Beach,Website,Cash,Hội An,2,4156000.0,0.059,Completed,7822000.0,4.2,True,False
B00707,2025-03-04,2025-04-01,C0010,Young Professional,Family,Website,Bank Transfer,Hội An,4,2733000.0,0.129,Completed,9522000.0,4.5,True,False
B00822,2025-01-15,2025-04-10,C0010,Young Professional,Foodie,Mobile App,Card,Phú Quốc,3,2188000.0,0.031,Completed,6361000.0,4.0,True,False
B00836,2025-09-04,2025-10-25,C0010,Young Professional,Adventure,Mobile App,Cash,Hội An,2,3542000.0,0.13,Completed,6163000.0,3.2,True,False
B01227,2022-01-13,2022-03-16,C0011,Family,Family,Website,Cash,Nha Trang,2,3440000.0,0.1102167423559875,Completed,6122000.0,4.1,True,False
B01822,2022-09-21,2022-11-21,C0011,Corporate,Cultural,Website,E-wallet,Hạ Long,4,2592000.0,0.0816397193186977,Completed,9522000.0,3.7,True,False
B02377,2023-06-05,2023-07-24,C0011,Family,Beach,Agent,Bank Transfer,Huế,2,3939000.0,0.1408112333135704,Completed,6769000.0,4.5,True,False
B03167,2024-05-06,2024-06-21,C0011,Young Professional,Cultural,Agent,Card,Sa Pa,1,2476000.0,,Completed,2254000.0,4.3,True,False
B03242,2024-06-07,2024-06-21,C0011,Young Professional,Cultural,Agent,Card,Hà Nội,2,2903000.0,0.0673766879979732,Completed,5415000.0,4.5,True,False
B03726,2024-12-25,2025-02-18,C0011,Young Professional,Cultural,Mobile App,,Hạ Long,2,2816000.0,0.0887721588004859,Completed,5132000.0,3.3,True,False
B01020,2025-04-02,2025-05-04,C0011,Young Professional,Cultural,Website,Card,Phú Quốc,1,2829000.0,0.091,Completed,2572000.0,3.6,True,False
B00757,2025-02-14,2025-05-05,C0011,Young Professional,Family,Website,Card,Sa Pa,5,3396000.0,0.099,Completed,15299000.0,3.5,False,False
B03900,2025-03-20,2025-05-31,C0011,Family,Family,Agent,Bank Transfer,Hội An,5,2666000.0,0.1492227450771076,Completed,11341000.0,5.0,True,False
B00202,2025-06-17,2025-08-19,C0011,Young Professional,Beach,Agent,Card,Hội An,2,4262000.0,0.0,Completed,8524000.0,3.5,True,False
B01866,2022-10-14,2022-11-18,C0012,Family,City Break,Website,Cash,Huế,4,2019000.0,0.0842070251722897,Completed,7396000.0,4.5,True,False
B00246,2025-06-06,2025-08-22,C0012,Corporate,Family,Agent,Card,Huế,4,3515000.0,0.12,Completed,12373000.0,5.0,False,False
B01207,2022-01-03,2022-02-02,C0013,Family,Cultural,Agent,Card,Phú Quốc,1,2787000.0,0.1145306895299056,Completed,2468000.0,4.1,True,False
B01882,2022-10-24,2023-01-08,C0013,Family,Cultural,Agent,Card,Hà Nội,3,2609000.0,0.0844076017789346,Completed,7166000.0,4.3,True,False
B00297,2025-03-27,2025-05-12,C0013,Family,Beach,Website,Card,Hạ Long,1,3635000.0,0.01,Completed,3599000.0,5.0,False,False
B00218,2025-04-26,2025-06-27,C0013,Family,Family,Mobile App,Card,Nha Trang,5,4131000.0,0.136,Completed,17846000.0,4.4,True,False
B01415,2022-04-11,2022-05-28,C0014,Family,Beach,Website,Bank Transfer,Hội An,1,3879000.0,0.1505249658897009,Completed,3295000.0,4.0,True,False
B01879,2022-10-23,2022-12-26,C0014,Corporate,Cultural,Agent,Card,Phú Quốc,2,2671000.0,0.1272479959920558,Completed,4662000.0,4.2,True,False
B01035,2024-09-11,2024-11-07,C0014,Family,Beach,Mobile App,Card,Nha Trang,2,3219000.0,0.073,Completed,5968000.0,5.0,False,False
B00796,2024-11-30,2025-01-23,C0014,Family,Family,Agent,Bank Transfer,Hội An,3,2004000.0,0.062,Completed,5639000.0,4.3,True,False
B00920,2024-12-27,2025-02-13,C0014,Family,Cultural,Mobile App,Card,TP.HCM,1,2238000.0,0.219,Completed,1748000.0,4.1,True,False
B01004,2025-06-10,2025-08-01,C0014,Family,Family,Agent,Bank Transfer,Hạ Long,2,3215000.0,0.083,Completed,5896000.0,4.3,True,False
B01273,2022-02-01,2022-05-24,C0015,Corporate,Family,Mobile App,Card,Hà Nội,2,3077000.0,0.0485737443380621,Completed,5855000.0,4.3,True,False
B03124,2024-04-19,2024-06-10,C0015,Young Professional,Cultural,Mobile App,Card,Sa Pa,2,2806000.0,0.1349827607088391,Completed,4854000.0,4.1,True,False
B01064,2024-06-03,2024-07-18,C0015,Young Professional,Beach,Website,Cash,Sa Pa,1,4829000.0,0.043,Completed,4621000.0,3.3,False,False
B00080,2025-01-31,2025-04-07,C0015,Young Professional,Family,Mobile App,Bank Transfer,Đà Nẵng,3,3384000.0,0.102,Completed,9116000.0,3.9,True,False
B00763,2025-05-29,2025-08-27,C0015,Young Professional,Beach,Website,Card,Sa Pa,1,4058000.0,0.04,Completed,3896000.0,4.8,True,False
B03048,2024-03-17,2024-03-23,C0016,Corporate,Family,Agent,Card,Hà Nội,2,3104000.0,0.0948996410051693,Completed,5619000.0,4.9,True,False
B00515,2024-05-16,2024-08-13,C0016,Young Professional,Cultural,Website,Card,Đà Nẵng,3,3912000.0,0.003,Completed,11701000.0,4.4,False,False
B00393,2025-08-27,2025-09-19,C0016,Young Professional,Adventure,Agent,Card,Phú Quốc,2,6369000.0,0.195,Completed,10254000.0,4.7,True,False
B00954,2024-06-22,2024-09-09,C0017,Family,Foodie,Mobile App,Bank Transfer,Hà Nội,2,2483000.0,0.097,Completed,4484000.0,4.3,True,False
B03866,2025-03-02,2025-03-29,C0017,Family,Family,Website,Cash,Phú Quốc,2,3416000.0,0.0533476927989858,Completed,6468000.0,4.1,True,False
B01402,2022-04-05,2022-05-11,C0018,,Cultural,Agent,Card,Hội An,5,2738000.0,0.0926529083513462,Completed,12422000.0,3.3,True,False
B00640,2024-09-16,2024-10-26,C0018,Student,Adventure,Website,Card,Hạ Long,1,3523000.0,0.085,Completed,3224000.0,3.9,False,False
B00949,2024-10-21,2025-01-12,C0018,Student,Beach,Website,Bank Transfer,Huế,2,3451000.0,0.095,Completed,6246000.0,5.0,True,False
B01080,2024-11-26,2025-02-14,C0018,Student,Beach,Website,Card,Đà Lạt,2,-100000.0,0.127,Completed,5908000.0,4.1,True,False
B03959,2025-04-20,2025-06-11,C0018,Family,Family,Mobile App,Card,Phú Quốc,1,3538000.0,0.09363024447842,Completed,3207000.0,3.5,True,False
B00852,2025-07-08,2025-09-02,C0018,Student,Foodie,Website,Card,Hội An,2,1966000.0,0.104,Completed,3523000.0,3.9,True,False
B02703,2023-10-22,2023-11-19,C0019,Corporate,Beach,Website,Card,Hạ Long,2,3948000.0,0.1268486637505326,Completed,6894000.0,3.5,True,False
B01029,2024-01-19,2024-02-10,C0019,Family,City Break,Agent,Card,Nha Trang,3,1768000.0,0.085,Completed,4853000.0,4.4,False,False
B00782,2024-01-03,2024-03-20,C0020,Family,Adventure,Website,Bank Transfer,Phú Quốc,1,5030000.0,0.126,Completed,4396000.0,5.0,False,False
B00612,2024-01-26,2024-04-16,C0020,Family,Adventure,Mobile App,Card,Hạ Long,1,4691000.0,0.138,Completed,4044000.0,4.9,True,False
B03697,2024-12-13,2025-02-22,C0020,Family,Cultural,Mobile App,E-wallet,Hà Nội,1,2947000.0,0.1564526456343821,Completed,2486000.0,3.8,True,False
B00123,2025-06-07,2025-07-19,C0020,Family,Family,Mobile App,Card,Nha Trang,5,3681000.0,0.0,Completed,18405000.0,4.4,True,False
B00631,2025-07-13,2025-09-25,C0020,Family,Cultural,Mobile App,Bank Transfer,Nha Trang,2,3396000.0,0.081,Completed,6242000.0,3.9,True,False
B00887,2025-08-14,2025-10-12,C0020,Family,Cultural,Agent,Card,TP.HCM,4,1566000.0,0.134,Completed,5425000.0,4.2,True,False
B01414,2022-04-11,2022-06-09,C0021,Family,Beach,Website,Card,TP.HCM,5,3835000.0,0.0650146934597122,Completed,17928000.0,3.9,True,False
B01593,2022-06-24,2022-08-07,C0021,Family,City Break,Mobile App,Card,Sa Pa,4,2305000.0,0.0869786734732977,Completed,8418000.0,4.9,True,False
B01107,2024-04-07,2024-06-08,C0021,Family,Cultural,Website,Bank Transfer,Hội An,2,3186000.0,0.036,Completed,6143000.0,3.9,False,False
B01089,2024-04-23,2024-06-12,C0021,Family,Adventure,Website,E-wallet,Phú Quốc,1,5389000.0,0.065,Completed,5039000.0,3.9,True,False
B03332,2024-07-13,2024-08-09,C0021,Student,City Break,Agent,Card,Đà Nẵng,3,2732000.0,0.1032815181067134,Completed,7350000.0,3.3,True,False
B00098,2024-04-02,2024-04-13,C0022,Young Professional,Family,Mobile App,Card,Đà Nẵng,4,3454000.0,0.126,Completed,12075000.0,4.0,False,False
B01101,2024-04-12,2024-05-31,C0022,Young Professional,Beach,Website,Card,Đà Lạt,1,3702000.0,0.089,Completed,3373000.0,3.8,True,False
B00880,2024-11-18,2024-12-28,C0022,Young Professional,Beach,Website,Cash,Huế,2,4460000.0,0.0,Completed,8920000.0,5.0,True,False
B00377,2024-11-11,2025-01-10,C0022,Young Professional,Beach,Website,Card,Hạ Long,2,4287000.0,0.138,Completed,7391000.0,3.9,True,False
B00224,2025-03-15,2025-05-05,C0022,Young Professional,Adventure,Website,Card,Hội An,2,3118000.0,0.089,Completed,5681000.0,4.8,True,False
B02848,2023-12-21,2024-03-01,C0024,Family,Beach,Mobile App,Cash,Đà Lạt,1,2998000.0,0.1021134000237667,Completed,2692000.0,4.7,True,False
B00560,2024-07-05,2024-08-15,C0024,Corporate,Beach,Agent,Cash,Đà Lạt,1,2972000.0,0.134,Completed,2574000.0,4.1,False,False
B00212,2024-08-15,2024-10-08,C0024,Corporate,Family,Website,Card,Hội An,5,3462000.0,0.139,Completed,14904000.0,3.5,True,False
B00117,2024-09-06,2024-10-21,C0024,Corporate,City Break,Mobile App,Cash,Sa Pa,2,1850000.0,0.097,Completed,3341000.0,4.6,True,False
B00945,2025-03-29,2025-06-05,C0024,Corporate,Family,Agent,Card,Huế,5,3312000.0,0.024,Completed,16163000.0,4.9,True,False
B00541,2025-09-02,2025-10-13,C0024,Corporate,Family,Mobile App,Card,Đà Lạt,3,3098000.0,0.112,Completed,8253000.0,3.9,True,False
B01290,2022-02-07,2022-03-14,C0025,Corporate,Foodie,Agent,Card,Đà Nẵng,2,2521000.0,0.0737966264874978,Completed,4670000.0,3.8,True,False
B01381,2022-03-25,2022-04-28,C0025,Student,Family,Website,Bank Transfer,Hà Nội,1,3568000.0,0.0,Completed,3568000.0,5.0,True,False
B01667,2022-07-26,2022-08-19,C0025,Family,City Break,,E-wallet,Đà Lạt,4,2346000.0,0.1027006054018832,Completed,8420000.0,4.3,True,False
B01148,2024-05-12,2024-06-23,C0025,Family,Family,Agent,Cash,Đà Lạt,4,3551000.0,0.073,Completed,13167000.0,4.1,False,False
B00269,2025-08-09,2025-09-12,C0025,Family,Beach,Website,Card,Sa Pa,1,4142000.0,0.113,Completed,3674000.0,4.8,True,False
B00261,2024-10-25,2024-11-25,C0026,Student,Adventure,Agent,Card,Phú Quốc,1,5456000.0,0.134,Completed,4725000.0,4.5,False,False
B00679,2024-11-04,2024-12-30,C0026,Student,Family,Agent,Cash,Hạ Long,3,2499000.0,0.073,Completed,6950000.0,4.1,True,False
B00293,2025-05-09,2025-06-09,C0026,Student,Beach,Mobile App,Cash,Hạ Long,1,3887000.0,0.025,Completed,3790000.0,4.4,True,False
B01978,2022-12-14,2023-02-14,C0028,Student,Beach,Mobile App,Card,Huế,3,3784000.0,0.086860844733232,Completed,10366000.0,4.5,True,False
B02405,2023-06-18,2023-08-20,C0028,Corporate,Beach,Website,Bank Transfer,Sa Pa,4,3964000.0,0.1602043100842875,Completed,13316000.0,3.8,True,False
B03734,2024-12-29,2025-02-20,C0028,Student,Beach,Website,Card,Hạ Long,1,4700000.0,0.1508793179915646,Completed,3991000.0,4.1,True,False
B00558,2025-02-11,2025-04-20,C0028,Student,Adventure,Website,Bank Transfer,Đà Nẵng,1,4900000.0,0.159,Completed,4121000.0,5.0,False,False
B03855,2025-02-27,2025-06-07,C0028,Family,City Break,Website,Cash,Đà Nẵng,1,2689000.0,0.1540368435649434,Completed,2275000.0,4.6,True,False
B01051,2024-04-25,2024-06-01,C0029,Student,Foodie,Agent,Cash,Hà Nội,1,1741000.0,0.12,Completed,1532000.0,5.0,False,False
B03178,2024-05-11,2024-06-09,C0029,Family,Cultural,Agent,Card,Hà Nội,2,2906000.0,0.1335113633861724,Completed,5036000.0,3.9,True,False
B01037,2024-05-25,2024-06-12,C0029,Student,Beach,Agent,Card,Nha Trang,1,5382000.0,0.096,Completed,4865000.0,3.9,True,False
B03605,2024-10-30,2024-12-08,C0029,Family,Beach,Mobile App,Card,Hội An,3,4308000.0,0.1235609562401929,Completed,11327000.0,4.4,True,False
B00677,2024-10-27,2024-12-11,C0029,Student,Foodie,Website,Card,Hà Nội,1,2237000.0,0.162,Completed,1875000.0,4.2,True,False
B01154,2025-02-02,2025-02-27,C0029,Student,Beach,Website,E-wallet,TP.HCM,2,2762000.0,0.0,Completed,5524000.0,4.1,True,False
B00321,2024-12-29,2025-03-01,C0029,Student,Adventure,Agent,E-wallet,Phú Quốc,3,5653000.0,0.193,Completed,13686000.0,3.8,True,False
B01638,2022-07-12,2022-08-22,C0030,Family,Beach,Website,Card,Sa Pa,1,4162000.0,0.1426877303588742,Completed,3568000.0,4.0,True,False
B02110,2023-02-04,2023-03-22,C0030,Corporate,Beach,,Cash,Đà Lạt,1,3162000.0,0.0772123861560818,Completed,2918000.0,3.3,True,False
B02762,2023-11-18,2024-01-20,C0030,Family,Adventure,Mobile App,Card,Phú Quốc,2,5264000.0,0.0926092924205201,Completed,9553000.0,3.8,True,False
B00748,2024-02-18,2024-03-03,C0030,Family,Cultural,Website,Card,Phú Quốc,1,2447000.0,0.021,Completed,2396000.0,3.7,False,False
B00171,2024-06-16,2024-08-21,C0030,Family,Adventure,Mobile App,Bank Transfer,Phú Quốc,2,4966000.0,0.01,Completed,9833000.0,3.7,True,False
B01159,2024-06-23,2024-09-20,C0030,Family,Adventure,Agent,Card,Đà Nẵng,3,5983000.0,0.192,Completed,14503000.0,4.1,True,False
B00292,2025-02-21,2025-05-11,C0030,Family,Cultural,Agent,Card,Đà Nẵng,2,3031000.0,0.149,Completed,5159000.0,3.4,True,False
B01963,2022-12-06,2022-12-17,C0031,Student,Beach,Website,E-wallet,Nha Trang,2,4927000.0,0.0864474510727595,Completed,9002000.0,3.2,True,False
B03420,2024-08-14,2024-10-15,C0031,Corporate,Cultural,Website,Cash,TP.HCM,1,2326000.0,0.1384398649670674,Completed,2004000.0,4.7,True,False
B00991,2024-08-09,2024-10-17,C0031,Family,Cultural,Website,Bank Transfer,Hội An,1,3255000.0,0.104,Completed,2916000.0,5.0,False,False
B00095,2024-10-02,2024-11-16,C0031,Family,Cultural,Website,Card,Nha Trang,2,3811000.0,0.148,Completed,6494000.0,5.0,True,False
B00412,2024-09-13,2024-12-04,C0031,Family,Adventure,Website,Bank Transfer,Đà Nẵng,1,3709000.0,-0.2,Completed,3438000.0,4.5,True,False
B00037,2024-12-02,2025-01-18,C0031,Family,Foodie,Website,Card,Nha Trang,1,1739000.0,0.186,Completed,1416000.0,4.7,True,False
B00576,2025-05-03,2025-07-06,C0031,Family,Beach,Website,Card,Đà Lạt,3,5470000.0,0.045,Completed,15672000.0,3.7,True,False
B02219,2023-03-25,2023-06-17,C0032,Young Professional,Family,Website,Cash,TP.HCM,2,3376000.0,0.0834394825658333,Completed,6189000.0,4.3,True,False
B00692,2024-01-06,2024-02-27,C0032,Corporate,Beach,Agent,Card,Phú Quốc,2,3950000.0,0.047,Completed,7529000.0,4.0,False,False
B00296,2024-02-06,2024-03-30,C0032,Corporate,City Break,Mobile App,Card,Đà Lạt,2,-100000.0,0.162,Completed,2774000.0,4.5,True,False
B00374,2025-06-24,2025-08-21,C0032,Corporate,Beach,Website,Card,Hà Nội,2,4741000.0,0.092,Completed,8610000.0,3.8,True,False
B02565,2023-08-25,2023-09-25,C0033,Family,Cultural,Call Center,Card,Hội An,3,2715000.0,0.0383466799752006,Completed,7833000.0,4.2,True,False
B00340,2024-01-16,2024-03-18,C0033,Young Professional,Beach,Agent,Card,Nha Trang,2,5753000.0,0.11,Completed,10240000.0,4.1,False,False
B03297,2024-06-28,2024-09-02,C0033,Student,Family,Mobile App,Bank Transfer,Hội An,1,2626000.0,0.144715286040752,Completed,2246000.0,3.7,True,False
B00676,2025-08-02,2025-09-18,C0033,Young Professional,Beach,Website,Card,Đà Nẵng,1,4383000.0,0.12,Completed,3857000.0,3.9,True,False
B00865,2025-07-27,2025-09-27,C0033,Young Professional,Family,Mobile App,Card,Phú Quốc,4,3337000.0,0.064,Completed,12494000.0,3.9,True,False
B01548,2022-06-07,2022-08-13,C0034,Young Professional,Family,Website,Cash,Đà Nẵng,2,3732000.0,0.0634987753536675,Completed,6990000.0,3.9,True,False
B00519,2024-03-05,2024-03-17,C0034,Young Professional,Family,Mobile App,E-wallet,Đà Lạt,2,2583000.0,0.095,Completed,4675000.0,4.1,False,False
B03117,2024-04-16,2024-06-02,C0034,Family,Cultural,Mobile App,Card,Nha Trang,2,2999000.0,0.1608211046000054,Completed,5033000.0,4.6,True,False
B02256,2023-04-12,2023-05-28,C0035,Family,Family,Website,Card,Hội An,2,2451000.0,0.0142160973075391,Completed,4832000.0,4.3,True,False
B00647,2024-04-11,2024-05-10,C0035,Young Professional,Cultural,Website,Bank Transfer,Hạ Long,1,1834000.0,0.2,Completed,1467000.0,4.0,False,False
B00399,2024-07-04,2024-09-20,C0035,Young Professional,City Break,Website,Cash,Đà Lạt,1,2203000.0,0.2,Completed,1762000.0,4.1,True,False
B02798,2023-11-30,2024-01-27,C0036,Student,Foodie,Website,Card,TP.HCM,2,2360000.0,0.0921282239142134,Completed,4285000.0,4.5,True,False
B03847,2025-02-22,2025-03-16,C0036,Young Professional,City Break,Website,Bank Transfer,Phú Quốc,2,2104000.0,0.0558408813704483,Completed,3973000.0,3.7,True,False
B00081,2025-06-27,2025-09-07,C0036,Student,Foodie,Website,Card,Phú Quốc,1,3055000.0,0.057,Completed,2881000.0,3.7,False,False
B00303,2025-08-03,2025-09-26,C0036,Student,Cultural,Website,Card,Đà Nẵng,1,3959000.0,0.15,Completed,3365000.0,4.2,True,False
B01309,2022-02-17,2022-02-25,C0037,,Beach,Agent,Bank Transfer,TP.HCM,2,3727000.0,0.0800001326889093,Completed,6858000.0,4.4,True,False
B01239,2022-01-19,2022-03-05,C0037,Family,Adventure,Agent,Card,Hạ Long,2,5779000.0,0.1295750254046321,Completed,10060000.0,3.6,True,False
B02095,2023-01-30,2023-03-27,C0037,Student,Family,Agent,Card,Hạ Long,2,3718000.0,0.0116529266913716,Completed,7349000.0,4.2,True,False
B00041,2024-02-23,2024-05-10,C0037,Student,Family,Agent,Card,Huế,3,2382000.0,0.031,Completed,6924000.0,4.7,False,False
B01192,2024-04-20,2024-05-17,C0037,Student,Beach,Mobile App,Card,Đà Nẵng,1,4364000.0,0.071,Completed,4054000.0,3.6,True,False
B03441,2024-08-23,2024-09-17,C0037,Corporate,City Break,Agent,Card,Phú Quốc,1,2158000.0,0.0993620160758024,Completed,1944000.0,4.1,True,False
B00380,2024-10-01,2024-11-13,C0037,Student,Foodie,Mobile App,Card,Nha Trang,1,2661000.0,0.131,Completed,2312000.0,4.5,True,False
B00295,2025-01-17,2025-03-12,C0037,Student,Cultural,Website,Card,Phú Quốc,3,3276000.0,0.089,Completed,8953000.0,4.6,True,False
B03999,2025-05-05,2025-05-31,C0037,Family,Adventure,Mobile App,Bank Transfer,Sa Pa,2,4751000.0,0.0719409286235876,Completed,8818000.0,3.7,True,False
B01466,2022-04-30,2022-06-26,C0038,Family,Family,Website,Bank Transfer,Hà Nội,4,3507000.0,0.1284832789920913,Completed,12226000.0,4.8,True,False
B01397,2022-04-03,2022-07-04,C0038,,Cultural,Website,Bank Transfer,TP.HCM,1,2742000.0,0.0831524819266694,Completed,2514000.0,4.1,True,False
B01513,2022-05-23,2022-07-07,C0038,Young Professional,Cultural,Website,Card,Đà Lạt,1,2733000.0,0.0950868096144402,Completed,2473000.0,4.8,True,False
B00008,2024-02-02,2024-03-26,C0038,Young Professional,Beach,Agent,E-wallet,Đà Lạt,1,3126000.0,0.111,Completed,2779000.0,3.8,False,False
B00742,2024-05-14,2024-08-07,C0038,Young Professional,Foodie,Website,Bank Transfer,Sa Pa,2,2532000.0,0.122,Completed,4446000.0,4.0,True,False
B01018,2024-12-29,2025-01-19,C0038,Young Professional,Cultural,Agent,Card,Hội An,2,2930000.0,0.076,Completed,5415000.0,4.6,True,False
B00288,2025-02-01,2025-02-24,C0038,Young Professional,Foodie,Website,Card,Huế,3,2780000.0,0.069,Completed,7765000.0,3.8,True,False
B00861,2024-06-14,2024-08-04,C0039,Young Professional,Beach,Website,Cash,Đà Nẵng,4,3297000.0,0.043,Completed,12621000.0,5.0,False,False
B00888,2024-12-21,2025-01-25,C0039,Young Professional,Family,Website,Card,TP.HCM,3,2103000.0,0.119,Completed,5558000.0,4.8,True,False
B01767,2022-08-27,2022-10-12,C0040,Corporate,Beach,Call Center,E-wallet,Huế,1,3589000.0,0.0298576857583408,Completed,3482000.0,4.4,True,False
B00432,2024-03-09,2024-03-27,C0040,Family,Cultural,Website,Card,TP.HCM,1,1713000.0,0.154,Completed,1449000.0,4.4,False,False
B00735,2024-04-02,2024-05-26,C0040,Family,Adventure,Mobile App,Cash,Huế,1,5253000.0,0.135,Completed,4544000.0,4.0,True,False
B01060,2024-07-30,2024-08-31,C0040,Family,Beach,Agent,Cash,Nha Trang,2,5055000.0,0.092,Completed,9180000.0,4.0,True,False
B01054,2025-03-18,2025-04-16,C0040,Family,Family,Mobile App,Card,Đà Nẵng,4,2236000.0,0.059,Completed,8416000.0,4.3,True,False
B01247,2022-01-23,2022-02-13,C0041,Young Professional,Cultural,Website,Cash,Hội An,1,3209000.0,0.0372024311529346,Completed,3090000.0,3.7,True,False
B00179,2024-01-26,2024-02-28,C0041,Young Professional,Beach,Mobile App,Bank Transfer,Phú Quốc,3,4900000.0,0.082,Completed,13495000.0,3.8,False,False
B00831,2025-04-20,2025-05-22,C0041,Young Professional,City Break,Website,Bank Transfer,Phú Quốc,1,2133000.0,0.073,Completed,1977000.0,4.1,True,False
B01470,2022-05-01,2022-07-16,C0042,Young Professional,Cultural,Mobile App,Bank Transfer,Sa Pa,5,2565000.0,0.0912023473632902,Completed,11655000.0,4.3,True,False
B00044,2024-04-06,2024-06-09,C0042,Family,Beach,Agent,Bank Transfer,Sa Pa,1,4308000.0,0.085,Completed,3942000.0,3.4,False,False
B03841,2025-02-17,2025-03-06,C0042,Corporate,Cultural,Mobile App,Cash,Hà Nội,1,2563000.0,0.1558080877454769,Completed,2164000.0,4.2,True,False
B01074,2025-04-29,2025-07-23,C0042,Family,Adventure,Call Center,Cash,Huế,1,3323000.0,0.053,Completed,3147000.0,4.4,True,False
B00103,2025-07-23,2025-10-18,C0042,Family,Cultural,Website,Cash,Phú Quốc,2,2838000.0,0.087,Completed,5182000.0,4.8,True,False
B01996,2022-12-19,2023-01-25,C0043,Corporate,City Break,,Cash,Phú Quốc,2,2228000.0,0.1135167224915697,Completed,3950000.0,3.9,True,False
B02845,2023-12-18,2024-01-28,C0043,Family,Foodie,Website,Card,Phú Quốc,2,2668000.0,0.0849800372927911,Completed,4883000.0,4.2,True,False
B00943,2024-01-15,2024-03-29,C0043,Family,Beach,Website,Card,Hạ Long,1,5380000.0,0.204,Completed,4282000.0,4.7,False,False
B03554,2024-10-09,2024-12-31,C0043,Young Professional,Beach,Website,Cash,Hà Nội,3,4882000.0,0.0401697124013095,Completed,14058000.0,4.2,True,False
B00830,2025-03-28,2025-04-23,C0043,Family,Cultural,Mobile App,Card,Hội An,2,2464000.0,0.099,Completed,4440000.0,4.2,True,False
B00567,2024-08-04,2024-09-26,C0044,Young Professional,Family,Website,Bank Transfer,Huế,3,2985000.0,0.084,Completed,8203000.0,4.8,False,False
B01180,2024-10-14,2024-11-28,C0044,Young Professional,Family,Website,Card,Nha Trang,3,2599000.0,0.08,Completed,7173000.0,4.0,True,False
B03898,2025-03-18,2025-04-02,C0044,,Cultural,Agent,Bank Transfer,TP.HCM,3,2426000.0,0.0919601710928539,Completed,6609000.0,3.6,True,False
B00257,2025-06-04,2025-06-27,C0044,Young Professional,Beach,Mobile App,Card,Huế,2,3150000.0,0.066,Completed,5884000.0,2.3,True,False
B04273,2025-08-18,2025-10-27,C0044,Young Professional,Cultural,Website,Card,Huế,1,2269000.0,0.1550636587259978,Completed,1917000.0,3.7,True,False
B00867,2025-09-04,2025-11-03,C0044,Young Professional,Beach,Website,Card,TP.HCM,2,4211000.0,0.101,Completed,7571000.0,3.5,True,False
B01300,2022-02-12,2022-03-29,C0045,Student,Beach,Mobile App,Card,Phú Quốc,4,3981000.0,0.1267983920438475,Completed,13905000.0,4.0,True,False
B01506,2022-05-17,2022-05-24,C0045,Young Professional,Beach,Website,E-wallet,TP.HCM,1,3692000.0,0.1062690173349414,Completed,3300000.0,4.9,True,False
B00613,2024-02-01,2024-05-01,C0045,Family,Adventure,Website,Card,Đà Nẵng,1,3538000.0,0.027,Completed,3442000.0,4.5,False,False
B00543,2024-08-03,2024-09-05,C0045,Family,Beach,Website,Bank Transfer,Hạ Long,1,4028000.0,0.123,Completed,3533000.0,3.5,True,False
B00113,2025-01-17,2025-04-06,C0045,Family,City Break,Mobile App,Card,Sa Pa,3,2519000.0,0.161,Completed,6340000.0,3.0,True,False
B00447,2025-07-19,2025-08-17,C0045,Family,City Break,Website,Cash,Sa Pa,1,2078000.0,0.023,Completed,2030000.0,4.1,True,False
B01280,2022-02-04,2022-03-15,C0046,Young Professional,Cultural,Website,Card,Hội An,2,2646000.0,0.1087115286890121,Completed,4717000.0,3.9,True,False
B02254,2023-04-11,2023-05-12,C0046,Young Professional,Cultural,Website,Cash,Hội An,1,2620000.0,0.0900625039447309,Completed,2384000.0,5.0,True,False
B00998,2024-07-08,2024-07-30,C0046,Family,Cultural,Website,Card,Nha Trang,1,4029000.0,0.043,Completed,3856000.0,4.0,False,False
B00251,2024-11-09,2024-12-20,C0046,Family,Cultural,Call Center,Bank Transfer,TP.HCM,2,1924000.0,0.005,Completed,3829000.0,4.9,True,False
B03710,2024-12-18,2025-02-03,C0046,Corporate,Beach,Mobile App,Card,TP.HCM,1,3885000.0,0.0,Completed,3885000.0,4.3,True,False
B00804,2025-01-05,2025-02-23,C0046,Family,Adventure,Agent,Card,Hà Nội,1,3106000.0,0.172,Completed,2572000.0,4.6,True,False
B00487,2025-02-27,2025-04-15,C0046,Family,City Break,Website,Card,Đà Nẵng,3,1271000.0,0.125,Completed,3336000.0,3.6,True,False
B00981,2024-07-13,2024-08-20,C0047,Young Professional,Family,Website,E-wallet,Phú Quốc,2,3841000.0,0.071,Completed,7137000.0,4.8,False,False
B01820,2022-09-21,2022-11-17,C0048,Family,Family,Website,Cash,Nha Trang,1,3362000.0,0.1019334051334815,Completed,3019000.0,3.7,True,False
B00551,2024-07-09,2024-07-24,C0048,Young Professional,Beach,Mobile App,Card,Nha Trang,3,5491000.0,0.0,Completed,16473000.0,4.4,False,False
B01194,2025-02-26,2025-03-08,C0048,Young Professional,Beach,Website,Card,Huế,2,3574000.0,0.236,Completed,5461000.0,4.6,True,False
B02727,2023-11-02,2023-12-02,C0049,Family,Family,Website,Cash,Phú Quốc,1,3700000.0,0.1143861734192163,Completed,3277000.0,4.8,True,False
B00770,2024-03-19,2024-04-13,C0049,Family,Family,Website,Card,Huế,4,3063000.0,0.139,Completed,10549000.0,4.5,False,False
B03437,2024-08-21,2024-11-02,C0049,Corporate,Cultural,Agent,Card,Hạ Long,1,2653000.0,0.1523693969607142,Completed,2249000.0,3.7,True,False
B01142,2025-01-22,2025-02-16,C0049,Family,Cultural,Call Center,E-wallet,Đà Nẵng,1,3710000.0,0.133,Completed,3217000.0,5.0,True,False
B01794,2022-09-09,2022-09-23,C0050,Corporate,Beach,Agent,Bank Transfer,Huế,2,3317000.0,0.083234164061866,Completed,6082000.0,4.1,True,False
B00130,2024-01-23,2024-04-21,C0050,Student,Beach,Website,Cash,Hội An,1,2906000.0,0.189,Completed,2357000.0,4.2,False,False
B01162,2024-02-08,2024-05-01,C0050,Student,City Break,Website,Bank Transfer,Hà Nội,2,2694000.0,0.017,Completed,5296000.0,4.4,True,False
B00065,2024-10-12,2024-12-31,C0050,Student,Beach,Website,Bank Transfer,Hà Nội,1,4885000.0,0.044,Completed,4670000.0,4.2,True,False
B01692,2022-08-03,2022-09-12,C0051,Student,Cultural,Website,Card,Đà Nẵng,3,2754000.0,,Completed,7662000.0,3.9,True,False
B02136,2023-02-11,2023-04-23,C0051,Student,City Break,Website,Cash,Đà Lạt,1,2531000.0,0.1370443248117838,Completed,2184000.0,3.7,True,False
B03675,2024-11-29,2024-11-29,C0051,,Adventure,,Bank Transfer,Đà Nẵng,4,5272000.0,0.0596831292953817,Completed,19829000.0,5.0,True,False
B01171,2024-11-05,2025-01-31,C0051,Student,Beach,Agent,Card,Huế,2,3081000.0,0.128,Completed,5373000.0,4.3,True,False
B00290,2025-02-08,2025-03-01,C0051,Student,Family,Agent,Card,Đà Nẵng,4,3854000.0,0.039,Completed,14815000.0,4.4,True,False
B00259,2024-01-26,2024-02-22,C0052,Student,Cultural,Mobile App,Card,Hà Nội,3,1712000.0,0.084,Completed,4705000.0,4.3,False,False
B01045,2025-01-19,2025-02-25,C0052,Student,Cultural,Mobile App,Bank Transfer,Hội An,1,3183000.0,0.199,Completed,2550000.0,4.1,True,False
B00109,2025-08-13,2025-10-30,C0052,Student,Adventure,Mobile App,Cash,Sa Pa,1,4313000.0,0.124,Completed,3778000.0,4.7,True,False
B00958,2024-04-25,2024-06-02,C0053,Family,Cultural,Agent,Bank Transfer,TP.HCM,2,2923000.0,0.063,Completed,5478000.0,4.2,False,False
B03265,2024-06-15,2024-08-09,C0053,Student,Adventure,Website,Card,Phú Quốc,1,5924000.0,0.1582890398920393,Completed,4986000.0,4.2,True,False
B03606,2024-11-01,2024-12-13,C0053,Student,Beach,Mobile App,Cash,Huế,2,3784000.0,0.0543491034686986,Completed,7157000.0,3.7,True,False
B00733,2025-04-02,2025-04-28,C0053,Family,Beach,Call Center,Card,Hà Nội,1,3446000.0,0.182,Completed,2819000.0,3.8,True,False
B00581,2025-08-14,2025-10-31,C0053,Family,Foodie,Website,Cash,Hạ Long,3,2519000.0,0.15,Completed,6423000.0,3.4,True,False
B01398,2022-04-03,2022-07-09,C0054,Student,Cultural,Mobile App,Card,Hạ Long,3,2925000.0,0.1044250281249619,Completed,7859000.0,4.5,True,False
B02297,2023-04-25,2023-06-10,C0054,Young Professional,Adventure,Agent,Card,Đà Nẵng,1,5107000.0,0.0540220691852358,Completed,4831000.0,4.5,True,False
B02411,2023-06-19,2023-09-08,C0054,Young Professional,Beach,Website,Card,Hạ Long,2,3837000.0,0.1027237907411644,Completed,6886000.0,4.2,True,False
B00108,2024-03-24,2024-06-17,C0054,Family,Beach,Website,Card,Đà Lạt,2,2629000.0,0.005,Completed,5232000.0,4.7,False,False
B00273,2024-04-29,2024-06-19,C0054,Family,Beach,Mobile App,Card,Đà Nẵng,2,5391000.0,0.0,Completed,10782000.0,4.3,True,False
B03233,2024-06-04,2024-06-24,C0054,Family,Family,Website,,TP.HCM,4,3645000.0,0.1260165965328813,Completed,12743000.0,4.6,True,False
B00534,2024-09-18,2024-10-29,C0054,Family,Beach,Agent,E-wallet,Hà Nội,2,2653000.0,0.102,Completed,4765000.0,3.5,True,False
B01214,2022-01-07,2022-04-05,C0055,Young Professional,Beach,Mobile App,Card,Đà Lạt,1,3590000.0,0.0901572542277155,Completed,3266000.0,4.2,True,False
B01595,2022-06-25,2022-07-25,C0055,Student,Beach,Website,E-wallet,Phú Quốc,2,4618000.0,0.1345345788136747,Completed,7993000.0,3.8,True,False
B02884,2024-01-03,2024-03-22,C0055,Corporate,Adventure,Agent,Card,TP.HCM,1,5252000.0,0.1342086941245285,Completed,4547000.0,4.2,True,False
B00905,2024-05-11,2024-07-26,C0055,Family,Beach,Mobile App,Card,Nha Trang,2,5371000.0,0.0,Completed,10742000.0,4.4,False,False
B00964,2024-06-10,2024-09-05,C0055,Family,Beach,Agent,Card,Đà Nẵng,1,5038000.0,0.125,Completed,4408000.0,3.4,True,False
B01827,2022-09-23,2022-11-23,C0056,Corporate,Family,Mobile App,Card,Nha Trang,2,3610000.0,,Completed,6439000.0,4.9,True,False
B01918,2022-11-12,2023-01-12,C0056,Family,Cultural,Agent,Card,Đà Nẵng,3,2667000.0,0.1129473641185657,Completed,7097000.0,3.8,True,False
B02291,2023-04-22,2023-04-22,C0056,Family,Adventure,Agent,Card,Phú Quốc,3,5930000.0,0.1325478782008807,Completed,15432000.0,4.2,True,False
B02380,2023-06-06,2023-07-24,C0056,Student,Beach,Website,Card,Nha Trang,4,4960000.0,0.1132408040801923,Completed,17593000.0,4.7,True,False
B00047,2024-02-03,2024-04-12,C0056,Family,Family,Website,Card,Sa Pa,2,3615000.0,0.101,Completed,6500000.0,4.2,False,False
B00298,2024-08-16,2024-10-31,C0056,Family,Beach,Website,E-wallet,Phú Quốc,1,4348000.0,0.14,Completed,3739000.0,4.7,True,False
B00287,2025-06-16,2025-07-23,C0056,Family,Foodie,Website,Card,Đà Lạt,3,2854000.0,0.082,Completed,7860000.0,4.0,True,False
B02364,2023-05-30,2023-07-22,C0057,Family,Cultural,Mobile App,Cash,Hà Nội,2,2700000.0,0.0627240281099453,Completed,5061000.0,3.5,True,False
B00068,2024-04-17,2024-05-08,C0057,Young Professional,Family,Website,Cash,Phú Quốc,4,2936000.0,0.094,Completed,10640000.0,4.4,False,False
B00029,2024-10-05,2024-11-10,C0057,Young Professional,Cultural,Website,Bank Transfer,Huế,1,2326000.0,0.065,Completed,2175000.0,5.0,True,False
B01063,2025-03-24,2025-04-04,C0057,Young Professional,Cultural,Website,Card,TP.HCM,1,2000000.0,0.153,Completed,1694000.0,3.6,True,False
B00366,2025-07-16,2025-10-01,C0057,Young Professional,Cultural,Website,Card,Hội An,2,3256000.0,0.119,Completed,5737000.0,4.2,True,False
B01252,2022-01-24,2022-03-27,C0059,Corporate,Beach,Agent,Card,Nha Trang,4,4165000.0,0.1564964511230138,Completed,14053000.0,3.2,True,False
B02038,2023-01-05,2023-01-30,C0059,Family,Family,Website,Card,Hà Nội,2,3156000.0,0.1369772559623883,Completed,5447000.0,3.9,True,False
B02354,2023-05-24,2023-08-12,C0059,Family,Foodie,Website,Card,Phú Quốc,2,2942000.0,0.1606823656129239,Completed,4939000.0,4.4,True,False
B00649,2024-03-10,2024-05-10,C0059,Student,Foodie,Mobile App,Cash,Phú Quốc,2,3616000.0,0.159,Completed,6082000.0,3.3,False,False
B00753,2024-08-26,2024-11-02,C0059,Student,Beach,Website,Cash,Nha Trang,1,3567000.0,0.134,Completed,3089000.0,4.9,True,False
B00009,2025-05-25,2025-08-03,C0059,Student,Beach,Website,Card,Đà Lạt,1,4503000.0,0.077,Completed,4156000.0,4.0,True,False
B00786,2025-09-10,2025-11-27,C0059,Student,Family,Agent,Card,Huế,4,3096000.0,0.121,Completed,10886000.0,3.9,True,False
B01881,2022-10-24,2022-12-18,C0060,Young Professional,Cultural,Mobile App,Bank Transfer,Huế,4,2520000.0,0.0560018124292449,Completed,9516000.0,4.5,True,False
B02970,2024-02-08,2024-03-17,C0060,Student,Foodie,Mobile App,Card,TP.HCM,1,2399000.0,0.0812118845611661,Completed,2204000.0,3.9,True,False
B00776,2024-04-17,2024-05-04,C0060,Student,Adventure,Agent,E-wallet,Hội An,3,4703000.0,0.105,Completed,12628000.0,5.0,False,False
B00274,2024-06-30,2024-07-14,C0060,Student,Foodie,Website,Card,Đà Lạt,2,1798000.0,0.018,Completed,3531000.0,5.0,True,False
B00595,2024-07-18,2024-08-03,C0060,Student,Beach,Website,E-wallet,Hội An,2,2991000.0,0.006,Completed,5946000.0,4.2,True,False
B03246,2024-06-07,2024-08-06,C0060,Young Professional,Beach,Call Center,Card,Huế,4,3663000.0,0.1199183361189847,Completed,12895000.0,4.1,True,False
B01128,2024-10-19,2024-11-19,C0060,Student,Adventure,Website,Card,Phú Quốc,2,4726000.0,0.121,Completed,8308000.0,3.9,True,False
B03629,2024-11-09,2024-12-13,C0060,Young Professional,Cultural,Mobile App,Cash,TP.HCM,2,2523000.0,0.0827972706161026,Completed,4628000.0,5.0,True,False
B01313,2022-02-19,2022-04-18,C0061,Young Professional,Cultural,Website,Card,Sa Pa,2,2469000.0,0.044156843931578,Completed,4720000.0,4.0,True,False
B01318,2022-02-21,2022-05-11,C0061,Family,Cultural,Website,Cash,Hội An,2,2809000.0,0.1333740243651233,Completed,4869000.0,4.5,True,False
B01687,2022-08-01,2022-10-14,C0061,Young Professional,Foodie,Mobile App,Card,Sa Pa,4,2544000.0,0.0574643193788953,Completed,9591000.0,4.2,True,False
B01962,2022-12-05,2023-01-10,C0061,Family,Cultural,Mobile App,Cash,Sa Pa,1,2457000.0,0.1324978566515511,Completed,2131000.0,5.0,True,False
B00431,2024-08-17,2024-11-07,C0061,Family,Foodie,Mobile App,Card,Hội An,3,2220000.0,0.099,Completed,6001000.0,3.6,False,False
B00821,2025-01-21,2025-02-15,C0061,Family,Cultural,Website,Card,Sa Pa,3,2872000.0,0.154,Completed,7289000.0,5.0,True,False
B01787,2022-09-07,2022-10-09,C0062,Family,Cultural,Website,Card,Đà Nẵng,1,2549000.0,0.1296213294726506,Completed,2219000.0,4.5,True,False
B00858,2024-04-03,2024-06-02,C0062,Young Professional,Family,Call Center,Card,Hội An,3,3245000.0,0.015,Completed,9589000.0,4.4,False,False
B01851,2022-10-04,2022-12-24,C0064,Family,City Break,Website,Cash,Sa Pa,1,2327000.0,0.0754561940589562,Completed,2151000.0,3.8,True,False
B02018,2022-12-28,2023-04-30,C0064,Family,Cultural,Website,,Phú Quốc,3,2612000.0,0.0523594408394322,Completed,7426000.0,4.6,True,False
B00971,2024-06-01,2024-07-10,C0064,Family,Beach,Agent,Bank Transfer,Hội An,2,3916000.0,0.061,Completed,7354000.0,5.0,False,False
B00740,2025-01-09,2025-01-22,C0064,Family,Foodie,Website,E-wallet,TP.HCM,2,1903000.0,0.241,Completed,2889000.0,4.3,True,False
B03763,2025-01-10,2025-03-25,C0064,Corporate,City Break,Mobile App,Cash,TP.HCM,4,2412000.0,,Completed,8511000.0,4.3,True,False
B03962,2025-04-21,2025-05-08,C0064,Student,Family,Website,Card,Đà Nẵng,1,3477000.0,0.1208607759814728,Completed,3057000.0,4.2,True,False
B00590,2025-05-05,2025-05-18,C0064,Family,Beach,Website,Card,Hà Nội,1,4205000.0,0.061,Completed,3948000.0,4.8,True,False
B00873,2025-07-02,2025-08-19,C0064,Family,City Break,Mobile App,Bank Transfer,TP.HCM,1,2650000.0,0.002,Completed,2645000.0,5.0,True,False
B01108,2025-07-25,2025-10-10,C0064,Family,City Break,Website,Bank Transfer,Đà Nẵng,1,2528000.0,0.202,Completed,2017000.0,4.3,True,False
B02077,2023-01-24,2023-03-16,C0065,Family,Beach,Website,Card,Đà Lạt,4,3326000.0,0.0389130671920495,Completed,12786000.0,4.1,True,False
B00446,2024-01-31,2024-03-10,C0065,Family,City Break,Agent,Bank Transfer,Đà Nẵng,1,2018000.0,0.12,Completed,1776000.0,3.6,False,False
B00688,2024-03-27,2024-04-09,C0065,Family,Beach,Mobile App,Card,TP.HCM,2,3684000.0,0.109,Completed,6565000.0,4.6,True,False
B00328,2024-09-05,2024-09-29,C0065,Family,Beach,Website,Cash,TP.HCM,3,2525000.0,0.189,Completed,6143000.0,3.8,True,False
B03495,2024-09-11,2024-10-29,C0065,Young Professional,Cultural,Agent,Cash,Hạ Long,2,2665000.0,0.1072015972966113,Completed,4759000.0,3.5,True,False
B00778,2024-11-12,2025-01-31,C0065,Family,Beach,Website,Card,Hội An,2,3878000.0,0.116,Completed,6856000.0,4.3,True,False
B00461,2025-04-18,2025-06-23,C0065,Family,City Break,Agent,E-wallet,Hà Nội,1,1360000.0,0.1,Completed,1224000.0,4.1,True,False
B01735,2022-08-17,2022-09-23,C0066,Student,Foodie,,Cash,TP.HCM,2,2415000.0,0.1383748066179456,Completed,4162000.0,4.4,True,False
B02252,2023-04-10,2023-06-01,C0066,Family,Family,Agent,,Hạ Long,1,4061000.0,0.1629398997608302,Completed,3399000.0,4.0,True,False
B00467,2024-06-07,2024-07-24,C0066,Family,Cultural,Mobile App,Card,Sa Pa,1,1678000.0,0.064,Completed,1571000.0,4.0,False,False
B00163,2024-12-13,2024-12-26,C0066,Family,Beach,Website,Card,Đà Lạt,1,2662000.0,0.05,Completed,2529000.0,4.8,True,False
B01178,2025-03-28,2025-05-11,C0066,Family,Beach,Website,Card,Hạ Long,1,3264000.0,0.143,Completed,2797000.0,4.4,True,False
B00568,2025-06-28,2025-07-28,C0066,Family,Adventure,Website,E-wallet,Sa Pa,1,5485000.0,0.125,Completed,4799000.0,4.4,True,False
B04287,2025-08-22,2025-10-17,C0066,Family,Cultural,Mobile App,Card,TP.HCM,3,2214000.0,0.1666143345018805,Completed,5535000.0,5.0,True,False
B00363,2025-09-05,2025-11-14,C0066,Family,Beach,Mobile App,Card,Đà Nẵng,1,3666000.0,0.116,Completed,3241000.0,4.5,True,False
B01544,2022-06-05,2022-08-21,C0067,Young Professional,City Break,Agent,Card,TP.HCM,3,2835000.0,,Completed,7948000.0,4.5,True,False
B00111,2024-02-28,2024-04-04,C0067,Family,Adventure,Website,Cash,Hội An,1,3179000.0,0.092,Completed,2887000.0,4.3,False,False
B01206,2022-01-03,2022-03-09,C0068,Student,Beach,Website,Card,Phú Quốc,3,3991000.0,0.1582770009638965,Completed,10078000.0,4.3,True,False
B00087,2024-12-03,2025-01-06,C0068,Young Professional,Adventure,Website,Card,Huế,1,4633000.0,0.101,Completed,4165000.0,3.5,False,False
B00125,2025-08-14,2025-11-09,C0068,Young Professional,Family,Mobile App,Card,Sa Pa,3,3448000.0,0.107,Completed,9237000.0,4.7,True,False
B01743,2022-08-19,2022-10-11,C0069,Student,Cultural,Website,Card,Sa Pa,3,2302000.0,0.1486299842368656,Completed,5880000.0,3.8,True,False
B00980,2024-07-02,2024-09-10,C0069,Student,Foodie,Mobile App,Card,Đà Lạt,2,3141000.0,0.091,Completed,5710000.0,4.1,False,False
B00645,2024-09-15,2024-11-04,C0069,Student,Cultural,Website,Bank Transfer,Hạ Long,1,3567000.0,0.123,Completed,3128000.0,4.1,True,False
B00903,2024-10-10,2024-12-20,C0069,Student,Cultural,Mobile App,Card,Đà Lạt,3,3240000.0,0.052,Completed,9215000.0,4.2,True,False
B00082,2024-12-22,2025-03-19,C0069,Student,Family,Website,Card,Đà Lạt,2,3265000.0,0.028,Completed,6347000.0,4.5,True,False
B01139,2024-02-05,2024-03-03,C0070,Young Professional,Beach,Mobile App,Card,Hội An,2,3502000.0,0.01,Completed,6934000.0,4.6,False,False
B01127,2024-08-19,2024-10-28,C0070,Young Professional,City Break,Website,Cash,Phú Quốc,1,1684000.0,0.152,Completed,1428000.0,4.7,True,False
B00031,2024-10-11,2024-11-05,C0070,Young Professional,Adventure,Website,Card,Phú Quốc,1,4307000.0,0.028,Completed,4186000.0,3.9,True,False
B04346,2025-09-14,2025-10-17,C0070,Corporate,Adventure,Mobile App,E-wallet,Hạ Long,1,5519000.0,0.0730492496247861,Completed,5116000.0,4.1,True,False
B01654,2022-07-19,2022-10-21,C0071,Family,Beach,Mobile App,Card,TP.HCM,4,3570000.0,0.0737334246673009,Completed,13227000.0,4.3,True,False
B01860,2022-10-11,2022-11-05,C0071,Student,Foodie,Website,Card,Nha Trang,3,2753000.0,0.1816832753388103,Completed,6758000.0,4.7,True,False
B02120,2023-02-06,2023-04-25,C0071,Young Professional,Foodie,Website,Card,Huế,1,2865000.0,0.1754679843803611,Completed,2362000.0,5.0,True,False
B03083,2024-03-30,2024-04-26,C0071,Young Professional,Adventure,Agent,E-wallet,TP.HCM,1,5943000.0,0.1019988350527762,Completed,5337000.0,4.5,True,False
B00319,2024-08-27,2024-10-26,C0071,Young Professional,Beach,Website,Card,TP.HCM,2,4986000.0,0.072,Completed,9254000.0,4.4,False,False
B01674,2022-07-28,2022-08-29,C0072,Family,Beach,Website,Card,Phú Quốc,1,4035000.0,0.0722893186815093,Completed,3743000.0,4.1,True,False
B02164,2023-02-22,2023-03-31,C0072,Young Professional,Beach,Website,Card,Đà Nẵng,1,4453000.0,0.1398873017703085,Completed,3830000.0,4.1,True,False
B01043,2024-04-20,2024-05-22,C0072,Young Professional,Beach,Website,Cash,Phú Quốc,4,3455000.0,0.087,Completed,12618000.0,3.9,False,False
B00284,2024-05-31,2024-08-01,C0072,Young Professional,City Break,Website,Cash,Đà Lạt,4,2816000.0,0.026,Completed,10971000.0,4.1,True,False
B00322,2024-11-06,2025-01-15,C0072,Young Professional,Cultural,Website,Cash,Nha Trang,1,3199000.0,0.105,Completed,2863000.0,4.9,True,False
B03817,2025-02-08,2025-04-25,C0072,Young Professional,Beach,Mobile App,Bank Transfer,Đà Nẵng,1,4413000.0,0.0195451238615938,Completed,4327000.0,4.1,True,False
B00277,2025-09-12,2025-09-29,C0072,Young Professional,Adventure,Agent,Bank Transfer,TP.HCM,2,4038000.0,0.019,Completed,7923000.0,5.0,True,False
B01132,2025-07-27,2025-10-21,C0072,Young Professional,Beach,Agent,Bank Transfer,Huế,3,2707000.0,0.14,Completed,6984000.0,5.0,True,False
B00049,2024-01-10,2024-02-13,C0073,Corporate,Family,Mobile App,Card,Đà Nẵng,5,4572000.0,0.14,Completed,19660000.0,4.0,False,False
B00017,2024-06-01,2024-08-09,C0073,Corporate,Beach,Agent,Bank Transfer,Đà Lạt,1,3089000.0,0.024,Completed,3015000.0,3.1,True,False
B01321,2022-02-22,2022-05-17,C0074,,Cultural,Agent,Bank Transfer,Sa Pa,2,2521000.0,0.125628159744804,Completed,4409000.0,3.2,True,False
B01351,2022-03-09,2022-05-19,C0074,Young Professional,Beach,,Card,Đà Lạt,3,3118000.0,0.1229408956885484,Completed,8204000.0,4.3,True,False
B02042,2023-01-06,2023-01-23,C0074,Family,Family,Website,Card,Huế,1,2975000.0,0.1365944699608557,Completed,2569000.0,3.7,True,False
B02190,2023-03-09,2023-05-25,C0074,,Family,Website,Card,Huế,1,3008000.0,0.0421886048220061,Completed,2881000.0,4.4,True,False
B00710,2024-01-03,2024-03-31,C0074,Young Professional,Family,Mobile App,Bank Transfer,Đà Nẵng,3,2682000.0,0.207,Completed,6380000.0,4.1,False,False
B00521,2024-02-21,2024-04-17,C0074,Young Professional,Beach,Website,Card,Hạ Long,1,4995000.0,0.075,Completed,4620000.0,4.2,True,False
B04279,2025-08-19,2025-09-10,C0074,Corporate,Cultural,Agent,Bank Transfer,Huế,1,2382000.0,0.0898065835400987,Completed,2168000.0,4.7,True,False
B01744,2022-08-19,2022-10-04,C0075,Corporate,Adventure,Website,Cash,Hà Nội,2,4549000.0,0.1955816230729443,Completed,7319000.0,4.9,True,False
B00648,2024-01-01,2024-02-25,C0075,Student,Adventure,Agent,Card,Nha Trang,1,4644000.0,0.021,Completed,4546000.0,4.3,False,False
B00639,2024-05-23,2024-07-18,C0075,Student,Family,Agent,Card,Huế,4,3944000.0,0.036,Completed,15208000.0,4.6,True,False
B00552,2024-11-25,2025-01-04,C0075,Student,City Break,Mobile App,Card,Đà Lạt,3,2653000.0,0.085,Completed,7282000.0,4.2,True,False
B00547,2024-12-15,2025-01-23,C0075,Student,Cultural,Agent,Bank Transfer,Đà Lạt,1,2645000.0,0.132,Completed,2296000.0,4.4,True,False
B04183,2025-07-09,2025-08-17,C0075,Corporate,City Break,Mobile App,E-wallet,Phú Quốc,1,2489000.0,0.118154672705478,Completed,2195000.0,4.5,True,False
B00986,2025-07-15,2025-09-13,C0075,Student,Cultural,Website,Cash,Đà Nẵng,1,3942000.0,0.137,Completed,3402000.0,4.6,True,False
B01639,2022-07-12,2022-08-22,C0076,Young Professional,Beach,Website,Card,Nha Trang,4,4362000.0,0.0874332721236019,Completed,15922000.0,4.0,True,False
B00428,2024-08-20,2024-10-24,C0076,Young Professional,City Break,Mobile App,Card,Đà Nẵng,1,0.0,0.171,Completed,1520000.0,4.4,False,False
B01151,2024-11-26,2024-12-06,C0076,Young Professional,City Break,Mobile App,Card,Sa Pa,1,1609000.0,0.0,Completed,1609000.0,4.3,True,False
B00584,2025-02-24,2025-05-19,C0076,Young Professional,Adventure,Website,Cash,TP.HCM,2,3059000.0,0.235,Completed,4680000.0,4.5,True,False
B01367,2022-03-19,2022-04-03,C0077,Student,Cultural,Mobile App,Card,Sa Pa,1,2644000.0,0.0699481250361668,Completed,2459000.0,4.7,True,False
B02043,2023-01-06,2023-01-15,C0077,Corporate,Cultural,Website,Cash,Đà Lạt,2,2458000.0,0.1368235046551273,Completed,4243000.0,4.4,True,False
B00928,2024-10-18,2024-11-15,C0077,Young Professional,Family,Mobile App,Bank Transfer,Nha Trang,4,2625000.0,0.051,Completed,9964000.0,3.5,False,False
B04139,2025-06-28,2025-08-23,C0077,Student,Adventure,Agent,Cash,Nha Trang,1,4954000.0,0.0825542641702294,Completed,4545000.0,3.3,True,False
B02212,2023-03-23,2023-05-04,C0078,Young Professional,Beach,Mobile App,Card,Sa Pa,3,3900000.0,0.1074989707522685,Completed,10442000.0,4.6,True,False
B01091,2024-02-25,2024-04-04,C0078,Family,Foodie,Website,E-wallet,Nha Trang,2,2711000.0,0.113,Completed,4809000.0,5.0,False,False
B00050,2024-06-17,2024-06-28,C0078,Family,City Break,Agent,Bank Transfer,TP.HCM,1,1849000.0,0.048,Completed,1760000.0,3.9,True,False
B00695,2025-05-23,2025-07-08,C0078,Family,Adventure,Website,Card,Đà Nẵng,3,6101000.0,0.073,Completed,16967000.0,4.2,True,False
B02220,2023-03-26,2023-05-07,C0079,Student,Family,Website,,Hạ Long,5,3587000.0,0.0820796180536909,Completed,16463000.0,4.7,True,False
B02813,2023-12-03,2024-02-16,C0079,Young Professional,Cultural,Mobile App,Card,Hạ Long,2,2806000.0,0.1439176917319238,Completed,4804000.0,4.5,True,False
B02873,2023-12-29,2024-03-23,C0079,Student,Family,Website,Card,Nha Trang,4,3784000.0,0.1137731753732326,Completed,13414000.0,4.2,True,False
B00779,2024-03-16,2024-04-05,C0079,Family,Foodie,Call Center,Bank Transfer,Phú Quốc,1,3365000.0,0.0,Completed,3365000.0,4.3,False,False
B01168,2024-04-04,2024-06-18,C0079,Family,Foodie,Agent,Bank Transfer,Đà Lạt,1,2363000.0,0.148,Completed,2013000.0,3.3,True,False
B00916,2024-07-17,2024-10-15,C0079,Family,Family,Mobile App,Card,Hạ Long,3,3260000.0,0.129,Completed,8518000.0,3.7,True,False
B00289,2024-12-12,2024-12-24,C0079,Family,Adventure,Mobile App,Card,Nha Trang,2,3972000.0,0.121,Completed,6983000.0,4.3,True,False
B03796,2025-02-01,2025-04-18,C0079,Family,Foodie,,Cash,Phú Quốc,1,2791000.0,0.1467999479207794,Completed,2381000.0,4.9,True,False
B00119,2025-08-28,2025-11-11,C0079,Family,Adventure,Call Center,Card,Huế,1,5610000.0,0.152,Completed,4757000.0,3.9,True,False
B01536,2022-06-03,2022-07-29,C0080,Family,Family,Mobile App,Bank Transfer,Nha Trang,1,3855000.0,0.0789617144098644,Completed,3551000.0,4.3,True,False
B02914,2024-01-15,2024-03-06,C0080,Young Professional,Beach,Website,Bank Transfer,Đà Nẵng,1,4488000.0,0.0563931054086613,Completed,4235000.0,4.6,True,False
B03116,2024-04-15,2024-06-21,C0080,Student,Foodie,Website,Bank Transfer,Hội An,2,2239000.0,0.0540690566160107,Completed,4236000.0,3.9,True,False
B03244,2024-06-07,2024-07-06,C0080,Young Professional,Cultural,Call Center,Card,Đà Lạt,5,2936000.0,0.0419601568077144,Completed,14064000.0,3.6,True,False
B00769,2024-05-27,2024-08-09,C0080,Family,Beach,Website,Card,Đà Lạt,2,4872000.0,0.153,Completed,8253000.0,3.5,False,False
B00863,2025-02-28,2025-05-18,C0080,Family,Family,Mobile App,Cash,Phú Quốc,3,3805000.0,0.112,Completed,10137000.0,3.8,True,False
B00016,2025-06-13,2025-07-22,C0080,Family,City Break,Website,Card,TP.HCM,2,2956000.0,0.041,Completed,5670000.0,3.6,True,False
B02974,2024-02-09,2024-03-24,C0081,Family,Beach,Mobile App,Card,Đà Nẵng,1,4578000.0,0.0837162655862718,Completed,4195000.0,4.1,True,False
B00055,2025-04-11,2025-05-04,C0081,Family,City Break,Agent,Bank Transfer,Sa Pa,1,2233000.0,0.074,Completed,2068000.0,3.7,True,False
B00673,2025-04-08,2025-07-03,C0081,Family,Family,Website,Card,Sa Pa,3,3189000.0,0.068,Completed,8916000.0,4.4,False,False
B01763,2022-08-26,2022-11-14,C0082,Family,Beach,Website,Bank Transfer,Huế,2,3575000.0,0.0952097378887044,Completed,6469000.0,5.0,True,False
B03504,2024-09-16,2024-11-06,C0082,Student,City Break,Website,Bank Transfer,TP.HCM,1,2410000.0,0.1756921312161824,Completed,1987000.0,4.6,True,False
B00453,2024-10-03,2024-12-27,C0082,Young Professional,Cultural,Agent,E-wallet,Huế,1,1789000.0,0.0,Completed,1789000.0,5.0,False,False
B03682,2024-12-02,2025-01-26,C0082,Family,Cultural,Website,Card,Nha Trang,1,3103000.0,,Completed,3011000.0,4.0,True,False
B01008,2024-12-03,2025-02-12,C0082,Young Professional,Beach,Mobile App,Card,Phú Quốc,1,3927000.0,0.127,Completed,3428000.0,4.4,True,False
B01285,2022-02-06,2022-03-28,C0083,Young Professional,Family,Mobile App,Card,Nha Trang,2,3473000.0,0.0387609135308465,Completed,6677000.0,4.5,True,False
B02790,2023-11-26,2024-01-14,C0083,Corporate,Family,Mobile App,Card,Sa Pa,1,3205000.0,0.1428151720659433,Completed,2747000.0,3.0,True,False
B02825,2023-12-09,2024-02-13,C0083,Corporate,Family,Call Center,Card,Huế,4,3417000.0,0.1711997377393392,Completed,11328000.0,4.0,True,False
B00018,2024-02-05,2024-04-14,C0083,Family,Cultural,Agent,Cash,Hạ Long,2,2175000.0,0.184,Completed,3550000.0,4.4,False,False
B00597,2024-09-23,2024-10-30,C0083,Family,Cultural,Mobile App,Card,Hà Nội,1,2653000.0,0.084,Completed,2430000.0,3.3,True,False
B00669,2025-06-21,2025-08-29,C0083,Family,Beach,Website,Card,Nha Trang,3,4788000.0,0.034,Completed,13876000.0,4.0,True,False
B01346,2022-03-08,2022-05-01,C0084,Young Professional,Cultural,,Bank Transfer,Hạ Long,3,2511000.0,0.0803687341964181,Completed,6928000.0,4.8,True,False
B02117,2023-02-05,2023-02-26,C0084,Student,Cultural,Website,Card,Phú Quốc,1,2700000.0,0.1326329986522213,Completed,2342000.0,4.2,True,False
B02208,2023-03-20,2023-04-30,C0084,Young Professional,Cultural,Agent,Bank Transfer,Hội An,1,2808000.0,0.1409987842554737,Completed,2412000.0,4.0,True,False
B00725,2024-12-12,2025-01-07,C0084,Student,Cultural,Agent,E-wallet,Đà Nẵng,2,3437000.0,0.127,Completed,6001000.0,4.9,False,False
B00919,2024-12-21,2025-02-10,C0084,Student,Family,Website,Bank Transfer,Đà Nẵng,2,3827000.0,0.277,Completed,5534000.0,3.9,True,False
B02907,2024-01-12,2024-04-08,C0085,Family,Foodie,Website,Card,Hội An,3,2110000.0,0.1022595771969979,Completed,5683000.0,4.2,True,False
B00264,2024-04-03,2024-06-23,C0085,Student,Cultural,Website,Bank Transfer,Hạ Long,1,3548000.0,0.04,Completed,3406000.0,4.1,False,False
B00048,2024-04-30,2024-07-02,C0085,Student,Adventure,Website,Card,Sa Pa,1,3528000.0,0.025,Completed,3440000.0,4.4,True,False
B01022,2024-07-03,2024-08-06,C0085,Student,Adventure,Website,Card,Phú Quốc,3,3669000.0,0.111,Completed,9785000.0,5.0,True,False
B00654,2024-07-26,2024-09-08,C0085,Student,Cultural,Agent,Bank Transfer,Đà Lạt,2,1757000.0,0.208,Completed,2783000.0,3.8,True,False
B00924,2025-01-09,2025-01-24,C0085,Student,Beach,Website,E-wallet,Phú Quốc,2,3701000.0,0.109,Completed,6595000.0,4.3,True,False
B01608,2022-06-30,2022-08-20,C0086,Young Professional,Beach,Agent,,Hạ Long,3,4215000.0,0.1262154658892933,Completed,11049000.0,4.3,True,False
B01661,2022-07-23,2022-09-14,C0086,Family,Family,Agent,,Nha Trang,4,3525000.0,0.1285509427442621,Completed,12287000.0,4.8,True,False
B01611,2022-07-01,2022-09-16,C0086,Family,Family,,Card,Nha Trang,2,3557000.0,0.0308242111165818,Completed,6895000.0,3.9,True,False
B02307,2023-04-30,2023-07-02,C0086,Student,Adventure,Website,Card,TP.HCM,2,5967000.0,0.0683162566154107,Completed,11119000.0,4.7,True,False
B00592,2024-04-25,2024-06-29,C0086,Student,City Break,Agent,Card,Nha Trang,1,3110000.0,0.0,Completed,3110000.0,4.9,False,False
B03358,2024-07-19,2024-10-03,C0086,Corporate,Adventure,,Card,Hà Nội,2,4644000.0,0.135606710547823,Completed,8028000.0,4.1,True,False
B00496,2025-09-14,2025-12-12,C0086,Student,Beach,Agent,Bank Transfer,Đà Lạt,2,2685000.0,0.0,Completed,5370000.0,4.4,True,False
B01296,2022-02-10,2022-04-23,C0087,Family,Cultural,Mobile App,E-wallet,Huế,1,2455000.0,,Completed,2079000.0,4.7,True,False
B00343,2025-03-06,2025-05-29,C0087,Family,Family,Website,Card,Đà Lạt,3,2670000.0,0.144,Completed,6857000.0,4.3,False,False
B00819,2025-06-06,2025-08-13,C0087,Family,Beach,Mobile App,E-wallet,Đà Nẵng,4,4416000.0,0.077,Completed,16304000.0,4.9,True,False
B00001,2024-06-28,2024-07-31,C0088,Young Professional,Cultural,Website,Card,Huế,1,1826000.0,0.046,Completed,1742000.0,4.4,False,False
B03427,2024-08-17,2024-10-10,C0088,Young Professional,Beach,Agent,Bank Transfer,Phú Quốc,1,3970000.0,0.0813623183809411,Completed,3647000.0,3.8,True,False
B00879,2024-09-14,2024-12-01,C0088,Young Professional,Cultural,Website,Bank Transfer,Hà Nội,2,2949000.0,0.052,Completed,5591000.0,2.8,True,False
B00002,2025-02-12,2025-05-05,C0088,Young Professional,Adventure,Website,Card,Phú Quốc,1,6756000.0,0.22,Completed,5270000.0,4.0,True,False
B00193,2025-03-31,2025-06-25,C0088,Young Professional,Cultural,Website,Card,Đà Nẵng,1,3351000.0,0.046,Completed,3197000.0,4.0,True,False
B01474,2022-05-03,2022-07-06,C0089,Corporate,Cultural,Mobile App,Cash,Đà Nẵng,1,2791000.0,0.0903625621521262,Completed,2539000.0,4.7,True,False
B01596,2022-06-25,2022-08-24,C0089,Corporate,Cultural,,Card,Đà Lạt,2,2811000.0,0.0807902983833259,Completed,5168000.0,4.1,True,False
B02012,2022-12-26,2023-02-20,C0089,Young Professional,Beach,Website,Card,Đà Nẵng,3,4664000.0,0.0676974112369564,Completed,13045000.0,4.7,True,False
B02964,2024-02-06,2024-03-08,C0089,Family,Adventure,Website,Card,Hạ Long,2,5479000.0,0.0672764822799827,Completed,10221000.0,4.9,True,False
B00088,2024-07-06,2024-09-04,C0089,Student,Cultural,Agent,Bank Transfer,Đà Nẵng,2,1906000.0,0.193,Completed,3076000.0,3.9,False,False
B00787,2024-12-25,2025-02-02,C0089,Student,Adventure,Mobile App,E-wallet,Đà Nẵng,2,5607000.0,0.123,Completed,9835000.0,4.0,True,False
B00057,2024-11-13,2025-02-07,C0089,Student,Adventure,Mobile App,Bank Transfer,Đà Nẵng,1,5934000.0,0.0,Completed,5934000.0,4.0,True,False
B03862,2025-03-01,2025-04-13,C0089,Corporate,Beach,Agent,Bank Transfer,Hội An,1,4150000.0,0.139362118973066,Completed,3572000.0,4.0,True,False
B02566,2023-08-25,2023-10-22,C0090,Corporate,Cultural,Mobile App,Card,Nha Trang,2,3259000.0,0.1005977345443034,Completed,5862000.0,4.2,True,False
B01426,2022-04-15,2022-06-08,C0091,Corporate,City Break,Website,Card,Nha Trang,2,2579000.0,0.0353344194586917,Completed,4976000.0,3.7,True,False
B00236,2024-04-12,2024-05-26,C0091,Student,Adventure,Mobile App,Bank Transfer,Phú Quốc,1,6630000.0,0.049,Completed,6305000.0,4.2,False,False
B00443,2024-09-02,2024-09-26,C0091,Student,Cultural,Mobile App,Card,Hạ Long,2,3198000.0,0.154,Completed,5411000.0,4.6,True,False
B00346,2024-07-10,2024-09-28,C0091,Student,Cultural,Website,Card,TP.HCM,3,1780000.0,0.286,Completed,3813000.0,3.7,True,False
B03848,2025-02-24,2025-04-25,C0091,Student,Adventure,Website,Bank Transfer,Hội An,2,5105000.0,0.0114095210586453,Completed,10094000.0,4.8,True,False
B01671,2022-07-27,2022-09-09,C0092,Corporate,City Break,Call Center,Cash,Sa Pa,5,1873000.0,0.1496931415769373,Completed,7963000.0,4.2,True,False
B00430,2024-01-31,2024-02-27,C0092,Family,City Break,Website,Card,Sa Pa,2,1423000.0,0.049,Completed,2707000.0,4.1,False,False
B03147,2024-04-28,2024-06-12,C0092,Family,City Break,Agent,Cash,Huế,2,2104000.0,,Completed,3839000.0,3.8,True,False
B01388,2022-03-30,2022-04-22,C0093,Student,Beach,Website,Card,Huế,3,3741000.0,0.0715367544938373,Completed,10420000.0,4.1,True,False
B01874,2022-10-19,2022-12-12,C0093,Family,Family,Website,,Hạ Long,3,3648000.0,0.100099923800015,Completed,9849000.0,4.6,True,False
B02211,2023-03-22,2023-05-10,C0093,Student,Family,Mobile App,Bank Transfer,Hội An,1,2481000.0,0.0662785947257589,Completed,2317000.0,3.7,True,False
B03135,2024-04-22,2024-06-17,C0093,Family,City Break,Website,Card,Sa Pa,1,2309000.0,0.168102281366091,Completed,1921000.0,3.0,True,False
B00204,2024-08-19,2024-09-07,C0093,Young Professional,Beach,Website,Bank Transfer,Phú Quốc,1,4102000.0,0.192,Completed,3314000.0,4.9,False,False
B00712,2025-06-15,2025-07-01,C0093,Young Professional,Beach,Agent,Bank Transfer,Hạ Long,1,3985000.0,0.043,Completed,3814000.0,4.3,True,False
B01208,2022-01-04,2022-02-18,C0094,Young Professional,Beach,Mobile App,Card,TP.HCM,4,3980000.0,0.1540073293751534,Completed,13468000.0,4.3,True,False
B01709,2022-08-09,2022-10-20,C0094,Young Professional,Beach,Agent,Card,Hội An,2,4002000.0,0.1363904470910174,Completed,6912000.0,3.8,True,False
B02161,2023-02-21,2023-03-27,C0094,Young Professional,Cultural,Mobile App,Card,Sa Pa,3,2403000.0,0.1643059087304094,Completed,6025000.0,4.5,True,False
B00642,2024-01-02,2024-01-20,C0094,Young Professional,Adventure,Call Center,Bank Transfer,Huế,2,3861000.0,0.052,Completed,7320000.0,4.6,False,False
B00382,2024-12-10,2025-02-19,C0094,Young Professional,Family,Agent,Card,TP.HCM,5,2003000.0,0.124,Completed,8773000.0,4.9,True,False
B00231,2025-02-24,2025-03-31,C0094,Young Professional,Family,Mobile App,Card,Đà Lạt,3,2763000.0,0.031,Completed,8032000.0,4.2,True,False
B03897,2025-03-18,2025-06-05,C0094,Young Professional,Beach,Website,Card,Đà Nẵng,4,4253000.0,0.0657608244198856,Completed,15893000.0,3.7,True,False
B04051,2025-05-27,2025-07-13,C0094,Family,Family,Mobile App,Card,Đà Lạt,2,3380000.0,0.0789662604129011,Completed,6226000.0,4.5,True,False
B01884,2022-10-26,2022-11-21,C0095,Family,City Break,Website,Bank Transfer,Đà Nẵng,1,2491000.0,0.1088042496172742,Completed,2220000.0,3.8,True,False
B00610,2024-03-05,2024-04-10,C0095,Young Professional,Family,Website,Cash,Đà Nẵng,4,2549000.0,0.141,Completed,8758000.0,4.0,False,False
B00501,2024-11-28,2024-12-31,C0095,Young Professional,Adventure,Agent,Bank Transfer,Đà Nẵng,2,4397000.0,0.107,Completed,7853000.0,4.2,True,False
B03795,2025-02-01,2025-04-25,C0095,Family,Foodie,Website,Card,Nha Trang,2,2726000.0,0.0986516387376519,Completed,4914000.0,4.6,True,False
B01021,2025-04-05,2025-05-05,C0095,Young Professional,City Break,Agent,Card,Hạ Long,1,2678000.0,0.009,Completed,2654000.0,4.1,True,False
B00474,2025-06-15,2025-08-25,C0095,Young Professional,Foodie,Agent,E-wallet,Hà Nội,2,2569000.0,0.017,Completed,5051000.0,4.4,True,False
B00074,2025-09-02,2025-11-24,C0095,Young Professional,Cultural,Mobile App,Card,Phú Quốc,1,1702000.0,0.166,Completed,1419000.0,3.2,True,False
B01538,2022-06-04,2022-07-28,C0096,Student,Adventure,Website,Bank Transfer,Sa Pa,1,4868000.0,0.1017571579372286,Completed,4373000.0,5.0,True,False
B02222,2023-03-29,2023-06-01,C0096,Young Professional,Foodie,Mobile App,Card,Nha Trang,1,2848000.0,0.0978097392207944,Completed,2569000.0,3.8,True,False
B02758,2023-11-17,2024-01-28,C0096,Family,Cultural,Mobile App,Bank Transfer,Đà Lạt,2,2281000.0,0.133877895122487,Completed,3951000.0,4.8,True,False
B00969,2024-02-25,2024-04-25,C0096,Family,Beach,Mobile App,E-wallet,Hạ Long,1,5715000.0,0.041,Completed,5481000.0,5.0,False,False
B00542,2024-06-26,2024-08-12,C0096,Family,Foodie,Mobile App,Bank Transfer,Đà Nẵng,2,3397000.0,0.058,Completed,6400000.0,4.0,True,False
B00915,2025-01-25,2025-02-26,C0096,Family,Family,Website,E-wallet,Hà Nội,5,3929000.0,0.179,Completed,16129000.0,4.3,True,False
B01133,2025-02-28,2025-04-13,C0096,Family,Cultural,Agent,Card,Phú Quốc,1,3474000.0,0.103,Completed,3116000.0,4.4,True,False
B00096,2025-08-08,2025-10-12,C0096,Family,Cultural,Agent,Card,Đà Nẵng,1,2792000.0,0.029,Completed,2711000.0,4.1,True,False
B00571,2024-02-07,2024-05-05,C0097,Young Professional,City Break,Website,Card,Hạ Long,3,2565000.0,0.151,Completed,6533000.0,3.1,False,False
B03267,2024-06-15,2024-08-16,C0097,,Beach,Mobile App,Card,Hội An,4,4328000.0,0.1118443919992504,Completed,15376000.0,3.7,True,False
B00462,2024-09-07,2024-09-25,C0097,Young Professional,City Break,Mobile App,Card,Nha Trang,1,2745000.0,0.054,Completed,2597000.0,4.6,True,False
B00244,2024-12-12,2025-02-23,C0097,Young Professional,Adventure,Mobile App,Cash,TP.HCM,2,3673000.0,0.175,Completed,6060000.0,4.3,True,False
B01424,2022-04-14,2022-05-21,C0098,,Beach,Website,Cash,Đà Nẵng,1,4245000.0,0.1000264690823356,Completed,3820000.0,3.7,True,False
B01893,2022-11-03,2022-12-22,C0098,Family,Cultural,Website,Bank Transfer,TP.HCM,1,2390000.0,0.1715575575222795,Completed,1980000.0,3.8,True,False
B01646,2022-07-16,2022-09-24,C0099,Family,Beach,Mobile App,Card,Đà Nẵng,1,4396000.0,0.0449684913371446,Completed,4198000.0,3.9,True,False
B01928,2022-11-19,2022-12-27,C0099,Student,Cultural,Website,Card,Phú Quốc,3,2927000.0,0.1152116730354333,Completed,7769000.0,4.0,True,False
B02192,2023-03-11,2023-05-24,C0099,Student,Cultural,Agent,Bank Transfer,Hà Nội,1,2755000.0,0.1266226618126254,Completed,2406000.0,5.0,True,False
B02766,2023-11-18,2024-01-10,C0099,Young Professional,Cultural,Mobile App,Card,Phú Quốc,1,2435000.0,0.1516168667233104,Completed,2066000.0,4.3,True,False
B00195,2024-02-11,2024-04-08,C0099,Student,Adventure,Agent,Card,Đà Lạt,2,3400000.0,0.125,Completed,5950000.0,4.1,False,False
B01215,2022-01-08,2022-02-21,C0100,Young Professional,Family,Website,Card,Hạ Long,1,3703000.0,0.1031818470988298,Completed,3321000.0,4.0,True,False
B02040,2023-01-06,2023-02-10,C0100,Young Professional,Foodie,Agent,Card,Hạ Long,5,2708000.0,0.0824212595526317,Completed,12424000.0,4.2,True,False
B02677,2023-10-13,2023-12-06,C0100,Corporate,Cultural,Agent,,TP.HCM,1,2364000.0,0.0604141139791925,Completed,2221000.0,3.9,True,False
B00015,2024-06-28,2024-09-03,C0100,Corporate,Family,Website,Card,Nha Trang,4,2735000.0,0.036,Completed,10546000.0,4.2,False,False
B03522,2024-09-26,2024-10-25,C0100,,City Break,Website,Bank Transfer,Hội An,1,1339000.0,0.148348764009488,Completed,1140000.0,3.6,True,False
B00053,2024-11-21,2025-02-04,C0100,Corporate,Family,Website,Cash,Hội An,5,2945000.0,0.153,Completed,12472000.0,5.0,True,False
B03921,2025-04-02,2025-07-08,C0100,Corporate,Adventure,Agent,Bank Transfer,Đà Nẵng,1,6041000.0,0.1601251476994012,Completed,5074000.0,4.3,True,False
B04076,2025-06-03,2025-07-19,C0100,,Beach,Mobile App,Cash,Nha Trang,1,4686000.0,0.1147923339908995,Completed,4148000.0,4.2,True,False
B00388,2025-09-05,2025-10-16,C0100,Corporate,Cultural,Website,Card,Huế,1,3108000.0,0.095,Completed,2813000.0,4.4,True,False
B00132,2024-09-17,2024-11-26,C0101,Corporate,City Break,Mobile App,Card,Nha Trang,1,2838000.0,0.17,Completed,2356000.0,3.8,False,False
B00960,2024-11-21,2025-01-23,C0101,Corporate,Beach,Mobile App,Cash,Đà Nẵng,1,6530000.0,0.092,Completed,5929000.0,3.5,True,False
B01409,2022-04-09,2022-07-26,C0102,Young Professional,Family,Website,,Đà Lạt,5,2723000.0,0.0356315585424107,Completed,13130000.0,4.3,True,False
B00505,2024-04-26,2024-07-10,C0102,Family,Beach,Agent,Card,Huế,2,2936000.0,0.089,Completed,5349000.0,4.3,False,False
B03626,2024-11-08,2024-12-08,C0102,Corporate,Cultural,Website,Card,Nha Trang,5,3383000.0,0.1079277260103561,Completed,15089000.0,4.1,True,False
B00728,2025-01-10,2025-04-10,C0102,Family,City Break,Website,Cash,Sa Pa,2,2908000.0,0.144,Completed,4978000.0,4.0,True,False
B03180,2024-05-12,2024-07-14,C0103,Family,Cultural,Agent,Card,Hạ Long,2,2894000.0,0.099366562762987,Completed,5213000.0,4.1,True,False
B00035,2025-03-10,2025-05-15,C0103,Young Professional,Foodie,Website,Card,Hội An,2,2284000.0,0.75,Completed,4006000.0,5.0,False,False
B01720,2022-08-12,2022-09-12,C0104,Family,Family,Website,Card,Huế,2,2923000.0,0.1575569470550744,Completed,4925000.0,3.6,True,False
B00638,2024-09-02,2024-11-22,C0104,Corporate,Cultural,Mobile App,Bank Transfer,Đà Nẵng,3,2622000.0,0.183,Completed,6427000.0,3.7,False,False
B00146,2025-02-10,2025-03-15,C0104,Corporate,Family,Call Center,Cash,Hà Nội,2,3069000.0,0.2,Completed,4910000.0,4.0,True,False
B00038,2025-04-09,2025-05-24,C0104,Corporate,City Break,Website,Cash,Đà Nẵng,1,3201000.0,0.086,Completed,2926000.0,4.6,True,False
B00330,2025-07-25,2025-08-18,C0104,Corporate,Cultural,Website,Card,Hạ Long,2,2952000.0,0.0,Completed,5904000.0,3.7,True,False
B00242,2025-09-08,2025-10-16,C0104,Corporate,Family,Website,Card,Đà Nẵng,2,3281000.0,0.0,Completed,6562000.0,3.9,True,False
B00839,2025-07-29,2025-10-17,C0104,Corporate,Beach,Mobile App,Bank Transfer,Sa Pa,2,2843000.0,0.145,Completed,4862000.0,4.8,True,False
B00623,2024-01-30,2024-02-21,C0105,Family,Cultural,Mobile App,Bank Transfer,Huế,1,2351000.0,0.146,Completed,2008000.0,4.5,False,False
B00093,2024-06-09,2024-07-31,C0105,Family,Cultural,Agent,Card,Phú Quốc,2,2055000.0,0.078,Completed,3789000.0,4.2,True,False
B00191,2024-10-30,2024-12-30,C0105,Family,Family,Agent,Card,Huế,4,3141000.0,0.068,Completed,11710000.0,3.8,True,False
B00355,2024-11-23,2025-01-10,C0105,Family,Adventure,Website,Card,Sa Pa,1,4187000.0,0.18,Completed,3433000.0,4.1,True,False
B00808,2025-02-17,2025-03-30,C0105,Family,City Break,Agent,Card,Nha Trang,1,2204000.0,0.151,Completed,1871000.0,5.0,True,False
B00463,2025-03-11,2025-05-21,C0105,Family,Beach,Website,Card,Sa Pa,2,4152000.0,0.047,Completed,7914000.0,4.5,True,False
B00767,2024-04-02,2024-05-05,C0106,Family,Beach,Agent,Card,Phú Quốc,2,4911000.0,0.185,Completed,8005000.0,3.9,False,False
B03413,2024-08-11,2024-09-15,C0106,Student,Beach,Agent,Card,Hội An,1,4103000.0,0.1129510034366503,Completed,3640000.0,4.6,True,False
B00478,2025-01-02,2025-02-23,C0106,Family,Beach,Mobile App,Card,Hạ Long,1,4418000.0,0.102,Completed,3967000.0,4.3,True,False
B01254,2022-01-24,2022-04-18,C0107,Student,Adventure,Website,Bank Transfer,TP.HCM,5,5430000.0,0.1561936049650852,Completed,22909000.0,5.0,True,False
B00151,2024-08-01,2024-09-09,C0107,Young Professional,Adventure,Mobile App,Card,Phú Quốc,2,4792000.0,0.109,Completed,8539000.0,4.4,False,False
B00066,2025-03-18,2025-04-19,C0107,Young Professional,Beach,Website,Card,Đà Nẵng,2,4069000.0,0.126,Completed,7113000.0,4.1,True,False
B00079,2024-06-07,2024-07-31,C0108,Young Professional,Beach,Mobile App,Bank Transfer,Phú Quốc,3,4665000.0,0.147,Completed,11938000.0,4.4,False,False
B01118,2024-11-27,2025-02-25,C0108,Young Professional,City Break,Website,Card,Hạ Long,4,2172000.0,0.068,Completed,8097000.0,3.5,True,False
B00553,2025-09-05,2025-10-28,C0108,Young Professional,City Break,Mobile App,Cash,Hạ Long,3,2326000.0,0.086,Completed,6378000.0,3.9,True,False
B01223,2022-01-11,2022-01-21,C0109,Family,Family,Website,Card,Đà Lạt,3,2824000.0,0.0393410208755391,Completed,8139000.0,4.0,True,False
B01104,2024-01-19,2024-03-15,C0109,Student,City Break,Agent,Card,Đà Nẵng,3,2805000.0,0.129,Completed,7329000.0,4.7,False,False
B00898,2024-03-03,2024-05-10,C0109,Student,Family,Website,Card,Đà Nẵng,3,4409000.0,0.165,Completed,11045000.0,3.7,True,False
B01167,2024-09-27,2024-12-26,C0109,Student,Adventure,Agent,Card,Đà Lạt,2,4434000.0,0.75,Completed,8292000.0,4.2,True,False
B01187,2025-01-17,2025-03-14,C0109,Student,Adventure,Website,Card,TP.HCM,2,3512000.0,0.098,Completed,6336000.0,4.4,True,False
B00228,2025-02-03,2025-04-12,C0109,Student,Cultural,Website,Card,Đà Lạt,1,2881000.0,0.152,Completed,2443000.0,5.0,True,False
B00734,2025-05-21,2025-07-27,C0109,Student,Foodie,Website,Cash,Hà Nội,3,2013000.0,0.048,Completed,5749000.0,4.6,True,False
B01158,2025-09-10,2025-11-24,C0109,Student,Foodie,Mobile App,Bank Transfer,Phú Quốc,2,2332000.0,0.167,Completed,3885000.0,5.0,True,False
B02984,2024-02-13,2024-03-10,C0110,Family,Adventure,Website,Card,Hà Nội,1,4353000.0,0.0822310514946089,Completed,3995000.0,4.2,True,False
B00326,2024-03-06,2024-03-22,C0110,Corporate,Cultural,Website,Bank Transfer,TP.HCM,1,3453000.0,0.065,Completed,3229000.0,3.0,False,False
B01165,2025-05-12,2025-06-15,C0110,Corporate,Beach,Mobile App,Card,Hội An,1,3240000.0,0.062,Completed,3039000.0,3.7,True,False
B01169,2025-05-05,2025-06-18,C0110,Corporate,Cultural,Agent,Card,Đà Lạt,1,1935000.0,0.043,Completed,1852000.0,4.4,True,False
B01147,2025-05-30,2025-08-10,C0110,Corporate,Family,Agent,Cash,Huế,3,4025000.0,0.051,Completed,11459000.0,4.4,True,False
B01386,2022-03-29,2022-05-20,C0111,Student,Cultural,,Card,Hà Nội,2,2721000.0,0.0632677097774799,Completed,5098000.0,4.3,True,False
B02373,2023-06-03,2023-07-25,C0111,,Cultural,Mobile App,Cash,Đà Nẵng,1,3132000.0,0.1043146208174627,Completed,2805000.0,3.3,True,False
B00275,2024-05-01,2024-05-29,C0111,Young Professional,City Break,Agent,E-wallet,Phú Quốc,4,1993000.0,0.183,Completed,6513000.0,4.7,False,False
B01138,2024-08-01,2024-09-04,C0111,Young Professional,Adventure,Agent,Bank Transfer,Phú Quốc,3,4665000.0,0.2,Completed,11196000.0,3.7,True,False
B00932,2024-08-22,2024-09-05,C0111,Young Professional,Adventure,Website,Card,Phú Quốc,1,6489000.0,0.187,Completed,5276000.0,4.6,True,False
B00480,2024-09-04,2024-12-03,C0111,Young Professional,City Break,Website,Card,Đà Lạt,2,1845000.0,0.021,Completed,3613000.0,4.1,True,False
B03992,2025-05-04,2025-06-15,C0111,Young Professional,Cultural,Agent,Cash,TP.HCM,4,2305000.0,0.1000000323848563,Completed,8298000.0,4.2,True,False
B02605,2023-09-13,2023-11-07,C0112,Young Professional,Beach,Website,Bank Transfer,Đà Lạt,1,3177000.0,0.1069186090469251,Completed,2837000.0,3.6,True,False
B00994,2024-02-14,2024-03-03,C0112,Young Professional,Adventure,Website,Card,Hội An,2,5593000.0,0.129,Completed,9743000.0,4.4,True,False
B00062,2024-01-27,2024-03-31,C0112,Young Professional,Beach,Call Center,Bank Transfer,Đà Lạt,2,4644000.0,0.086,Completed,8489000.0,3.9,False,False
B00947,2024-05-03,2024-07-12,C0112,Young Professional,Beach,Call Center,Card,TP.HCM,4,3783000.0,0.045,Completed,14451000.0,3.8,True,False
B01084,2024-09-27,2024-11-25,C0112,Young Professional,Foodie,Website,Card,Phú Quốc,1,2969000.0,0.117,Completed,2622000.0,4.3,True,False
B00884,2025-03-31,2025-05-23,C0112,Young Professional,Family,Website,Card,Sa Pa,4,3525000.0,0.013,Completed,13917000.0,3.8,True,False
B02583,2023-08-30,2023-09-29,C0113,Family,City Break,Agent,Bank Transfer,Đà Nẵng,2,2495000.0,0.1479066673762851,Completed,4252000.0,4.0,True,False
B00793,2024-02-26,2024-03-31,C0113,Young Professional,Family,Website,Card,Phú Quốc,5,2686000.0,0.112,Completed,11926000.0,3.6,False,False
B01552,2022-06-08,2022-08-03,C0114,Student,Foodie,Mobile App,Cash,TP.HCM,1,2507000.0,0.1733284527712398,Completed,2072000.0,5.0,True,False
B02326,2023-05-09,2023-08-04,C0114,Corporate,Foodie,,,Đà Lạt,3,2577000.0,0.115244789304483,Completed,6840000.0,4.2,True,False
B02847,2023-12-20,2024-02-21,C0114,Young Professional,Beach,Agent,Bank Transfer,Đà Nẵng,2,5206000.0,0.076334901835468,Completed,9617000.0,4.9,True,False
B01092,2024-10-27,2024-12-13,C0114,Family,Foodie,Website,Card,Phú Quốc,2,3080000.0,0.0,Completed,6160000.0,5.0,True,False
B00847,2024-09-23,2024-12-17,C0114,Family,Cultural,Agent,Card,Đà Lạt,1,3237000.0,0.097,Completed,2923000.0,5.0,False,False
B03706,2024-12-16,2025-03-05,C0114,Student,City Break,Website,Card,Nha Trang,3,2580000.0,0.0888255483232499,Completed,7052000.0,4.1,True,False
B00777,2025-05-09,2025-07-12,C0114,Family,Family,Mobile App,Card,Đà Lạt,4,3747000.0,0.0,Completed,14988000.0,4.5,True,False
B00514,2025-07-24,2025-08-18,C0114,Family,Cultural,Mobile App,Bank Transfer,Đà Nẵng,2,2568000.0,0.011,Completed,5080000.0,3.7,True,False
B01419,2022-04-12,2022-04-27,C0115,Student,Beach,Mobile App,Bank Transfer,Hội An,4,4308000.0,0.0708134232025789,Completed,16012000.0,4.0,True,False
B03493,2024-09-11,2024-11-13,C0115,Young Professional,Cultural,Mobile App,Card,Sa Pa,1,2351000.0,0.1087713593791648,Completed,2095000.0,3.8,True,False
B01007,2024-09-07,2024-11-14,C0115,Student,Family,Website,Card,Đà Nẵng,4,4233000.0,0.155,Completed,14308000.0,4.7,False,False
B03581,2024-10-21,2024-11-28,C0115,Family,Beach,Website,Cash,Hà Nội,4,3958000.0,0.173294072336356,Completed,13088000.0,4.3,True,False
B01002,2024-03-01,2024-04-03,C0116,Corporate,City Break,Website,Bank Transfer,TP.HCM,1,2885000.0,0.073,Completed,2674000.0,3.7,False,False
B00067,2024-09-13,2024-11-24,C0116,Corporate,City Break,Website,Bank Transfer,Hà Nội,1,2276000.0,0.095,Completed,2060000.0,4.7,True,False
B00556,2025-01-03,2025-01-26,C0116,Corporate,Cultural,Agent,Cash,Phú Quốc,2,2128000.0,0.154,Completed,3601000.0,4.4,True,False
B00064,2025-07-04,2025-07-24,C0116,Corporate,Family,Website,Card,Hội An,3,2282000.0,0.036,Completed,6600000.0,4.4,True,False
B02156,2023-02-19,2023-04-27,C0117,Corporate,Family,Agent,Card,Phú Quốc,1,3491000.0,0.143946990137305,Completed,2988000.0,4.4,True,False
B01061,2024-11-29,2025-01-07,C0117,Family,Family,Website,E-wallet,Huế,2,2349000.0,0.254,Completed,3505000.0,3.4,False,False
B01006,2025-01-19,2025-04-10,C0118,Family,City Break,Mobile App,Cash,Huế,1,1522000.0,0.0,Completed,1522000.0,3.7,False,False
B00794,2025-07-02,2025-08-25,C0118,Family,Family,Mobile App,Bank Transfer,Hà Nội,3,2592000.0,0.049,Completed,7395000.0,4.4,True,False
B00906,2025-09-02,2025-09-20,C0118,Family,Beach,Mobile App,Card,Hội An,1,3978000.0,0.135,Completed,3441000.0,4.1,True,False
B01232,2022-01-16,2022-03-18,C0119,Corporate,City Break,Mobile App,Card,Đà Lạt,2,2294000.0,0.1209822841690248,Completed,4033000.0,4.2,True,False
B01563,2022-06-12,2022-07-28,C0119,Corporate,Adventure,Website,E-wallet,Đà Lạt,4,4467000.0,0.0610568920530262,Completed,16777000.0,4.2,True,False
B02875,2023-12-29,2024-01-30,C0119,Young Professional,Cultural,Agent,Card,Nha Trang,1,3188000.0,0.0720662169403717,Completed,2958000.0,4.5,True,False
B00775,2024-02-07,2024-03-04,C0119,Young Professional,Adventure,Website,Card,Đà Nẵng,1,6402000.0,0.106,Completed,5723000.0,3.0,False,False
B00754,2024-01-12,2024-03-05,C0120,Family,Foodie,Call Center,Card,TP.HCM,1,2256000.0,0.069,Completed,2100000.0,3.8,True,False
B00180,2024-03-13,2024-04-07,C0120,Family,Adventure,Mobile App,Bank Transfer,Đà Nẵng,1,4281000.0,0.131,Completed,3720000.0,4.3,True,False
B03121,2024-04-18,2024-07-06,C0120,Family,Family,Website,,Phú Quốc,2,3855000.0,0.0822071849152172,Completed,7076000.0,4.0,True,False
B02530,2023-08-13,2023-10-28,C0121,Family,Beach,Website,Card,Đà Nẵng,3,4365000.0,0.1531915416546873,Completed,11089000.0,4.3,True,False
B00784,2024-01-11,2024-04-09,C0121,Family,Family,Agent,Card,Đà Lạt,5,3529000.0,0.115,Completed,15616000.0,3.8,False,False
B00476,2024-07-05,2024-09-19,C0121,Family,Beach,Website,Cash,Phú Quốc,1,4924000.0,0.16,Completed,4136000.0,4.4,True,False
B00128,2024-07-16,2024-10-02,C0121,Family,City Break,Mobile App,Bank Transfer,Phú Quốc,1,2336000.0,0.136,Completed,2018000.0,3.4,True,False
B02027,2023-01-01,2023-02-05,C0122,Family,Cultural,Website,Card,Đà Lạt,4,2757000.0,0.1064967009472577,Completed,9854000.0,4.1,True,False
B02149,2023-02-16,2023-05-02,C0122,Corporate,Cultural,Website,Bank Transfer,Hà Nội,3,2792000.0,0.0617928069332859,Completed,7858000.0,4.5,True,False
B00459,2024-11-26,2024-12-08,C0122,Family,Cultural,Mobile App,Cash,Nha Trang,3,4071000.0,-0.2,Completed,11224000.0,3.8,True,False
B00356,2025-01-29,2025-04-02,C0122,Family,Family,Mobile App,Card,Hạ Long,2,4264000.0,0.15,Completed,7249000.0,4.4,True,False
B00054,2025-09-02,2025-09-28,C0122,Family,City Break,Agent,Card,Hạ Long,1,2253000.0,0.086,Completed,2059000.0,4.7,True,False
B01403,2022-04-05,2022-06-07,C0123,Family,Beach,Website,Bank Transfer,Hạ Long,2,4495000.0,0.0390553165829808,Completed,8639000.0,3.7,True,False
B01653,2022-07-19,2022-10-17,C0123,Student,Family,,Card,Đà Lạt,4,3055000.0,0.0719261914763514,Completed,11341000.0,4.4,True,False
B02607,2023-09-13,2023-10-18,C0123,Family,Family,Agent,,Sa Pa,4,2990000.0,0.0111571892213959,Completed,11827000.0,5.0,True,False
B00875,2025-02-05,2025-03-19,C0123,Student,Adventure,Website,Cash,Hạ Long,1,6609000.0,0.082,Completed,6067000.0,3.8,False,False
B01023,2025-06-12,2025-07-22,C0123,Student,Foodie,Website,E-wallet,Đà Nẵng,1,1828000.0,0.05,Completed,1737000.0,3.7,True,False
B00285,2025-06-07,2025-08-16,C0123,Student,Cultural,Agent,Card,Huế,1,2649000.0,0.065,Completed,2477000.0,3.8,True,False
B01383,2022-03-27,2022-04-20,C0124,Young Professional,Cultural,Call Center,Card,Hạ Long,4,2859000.0,0.0730006768444947,Completed,10601000.0,4.3,True,False
B02584,2023-08-30,2023-11-05,C0124,Young Professional,Beach,Website,Card,TP.HCM,2,3482000.0,0.0748136131047259,Completed,6443000.0,4.4,True,False
B01157,2024-12-10,2025-01-07,C0124,Young Professional,Beach,Mobile App,Bank Transfer,Nha Trang,2,3440000.0,0.081,Completed,6323000.0,4.1,True,False
B00197,2025-07-16,2025-08-15,C0124,Young Professional,Cultural,Agent,Bank Transfer,Sa Pa,2,2142000.0,0.089,Completed,3903000.0,3.3,True,False
B04154,2025-07-01,2025-08-18,C0124,,Adventure,Agent,Card,TP.HCM,1,5443000.0,0.1745972346325851,Completed,4493000.0,3.8,True,False
B00965,2024-03-20,2024-05-26,C0125,Student,Beach,Agent,Card,Hà Nội,1,4410000.0,0.177,Completed,3629000.0,4.5,False,False
B02103,2023-02-01,2023-02-23,C0126,Young Professional,Cultural,,Bank Transfer,Hạ Long,1,2828000.0,0.1044688993408054,Completed,2533000.0,4.6,True,False
B02264,2023-04-14,2023-05-15,C0126,Young Professional,Foodie,Website,Card,Hạ Long,1,2486000.0,,Completed,2145000.0,4.7,True,False
B00235,2024-10-17,2024-11-10,C0126,Young Professional,Family,Mobile App,Card,Đà Nẵng,2,2232000.0,0.09,Completed,4062000.0,4.8,False,False
B01359,2022-03-14,2022-05-27,C0127,Family,Family,Website,,Phú Quốc,1,3173000.0,0.1547702776080106,Completed,2682000.0,4.1,True,False
B03218,2024-05-29,2024-05-29,C0127,Student,Adventure,Mobile App,Card,Nha Trang,4,4879000.0,0.1037564141002727,Completed,17491000.0,5.0,True,False
B00190,2024-07-27,2024-10-24,C0127,Young Professional,Foodie,Agent,E-wallet,TP.HCM,4,2152000.0,0.226,Completed,6663000.0,4.7,False,False
B00604,2024-09-26,2024-11-12,C0127,Young Professional,Foodie,Website,Bank Transfer,Phú Quốc,1,2494000.0,0.185,Completed,2033000.0,3.8,True,False
B03569,2024-10-15,2025-01-17,C0127,Family,Adventure,Website,E-wallet,Đà Lạt,1,4268000.0,0.0860626380435549,Completed,3901000.0,4.7,True,False
B00918,2025-01-14,2025-03-04,C0127,Young Professional,Cultural,Website,Bank Transfer,Đà Lạt,1,3818000.0,0.126,Completed,3337000.0,4.3,True,False
B02072,2023-01-23,2023-02-22,C0128,Corporate,Foodie,Mobile App,Card,Nha Trang,2,2821000.0,0.1095937966406506,Completed,5024000.0,3.4,True,False
B00502,2024-03-26,2024-06-22,C0128,Student,City Break,Mobile App,Bank Transfer,Huế,1,1449000.0,0.094,Completed,1313000.0,4.1,False,False
B00659,2024-10-18,2024-11-07,C0128,Student,Adventure,Website,Card,Hạ Long,1,6729000.0,0.101,Completed,6049000.0,4.1,True,False
B03459,2024-08-30,2024-11-17,C0128,,Beach,Agent,Card,Nha Trang,4,4207000.0,0.1083867571748469,Completed,15004000.0,3.8,True,False
B01135,2024-12-14,2025-03-14,C0128,Student,Adventure,Mobile App,E-wallet,Hội An,3,3326000.0,0.181,Completed,8172000.0,4.4,True,False
B00799,2024-04-23,2024-05-20,C0129,Student,Cultural,Website,Bank Transfer,Phú Quốc,2,2203000.0,0.086,Completed,4027000.0,3.4,False,False
B03513,2024-09-21,2024-11-06,C0129,Corporate,Adventure,Website,Bank Transfer,Hội An,2,4411000.0,0.066123595463381,Completed,8239000.0,4.3,True,False
B00102,2024-09-08,2024-11-27,C0129,Student,Beach,Website,Cash,Nha Trang,1,3523000.0,0.102,Completed,3164000.0,3.8,True,False
B01760,2022-08-25,2022-09-09,C0130,Young Professional,Beach,Mobile App,Card,Huế,1,3143000.0,0.107992020553725,Completed,2804000.0,5.0,True,False
B00457,2024-06-12,2024-08-25,C0130,Family,Cultural,Mobile App,Bank Transfer,Sa Pa,1,4511000.0,0.108,Completed,4024000.0,4.2,False,False
B03329,2024-07-13,2024-09-09,C0130,Family,Cultural,Mobile App,,Hạ Long,3,2752000.0,0.1587353275041287,Completed,6945000.0,3.8,True,False
B00344,2024-10-06,2024-11-16,C0130,Family,Adventure,Website,Bank Transfer,Huế,2,3689000.0,0.137,Completed,6367000.0,3.2,True,False
B01050,2024-10-07,2024-11-23,C0130,Family,Beach,Agent,Cash,Nha Trang,1,4524000.0,0.103,Completed,4058000.0,4.3,True,False
B00133,2024-10-24,2025-01-22,C0130,Family,Cultural,Website,Card,Hội An,2,2928000.0,0.018,Completed,5751000.0,4.8,True,False
B00309,2025-03-05,2025-03-31,C0130,Family,City Break,Agent,Card,Nha Trang,2,1884000.0,0.061,Completed,3538000.0,3.9,True,False
B02529,2023-08-13,2023-10-03,C0131,Family,Cultural,Mobile App,Bank Transfer,Phú Quốc,2,2491000.0,0.0654133316971522,Completed,4656000.0,5.0,True,False
B02609,2023-09-14,2023-10-28,C0131,,Beach,Website,Bank Transfer,Đà Lạt,3,3172000.0,,Completed,7892000.0,4.2,True,False
B00263,2025-07-26,2025-09-20,C0131,Student,Beach,Website,Card,Phú Quốc,2,3973000.0,0.148,Completed,6770000.0,4.5,True,False
B02350,2023-05-22,2023-07-13,C0132,Family,Beach,Mobile App,Card,Đà Lạt,2,3415000.0,0.1411120110994003,Completed,5866000.0,3.6,True,False
B00702,2024-05-30,2024-06-16,C0132,Corporate,Beach,Website,Bank Transfer,Nha Trang,1,3410000.0,0.056,Completed,3219000.0,3.8,False,False
B01185,2024-02-15,2024-04-14,C0133,Family,City Break,Website,Card,Huế,1,-100000.0,0.062,Completed,1444000.0,4.4,False,False
B01200,2024-10-07,2024-10-20,C0133,Family,City Break,Mobile App,Bank Transfer,Phú Quốc,2,2326000.0,0.153,Completed,3940000.0,4.7,True,False
B00550,2025-07-20,2025-08-27,C0133,Family,Foodie,Agent,E-wallet,Phú Quốc,1,2353000.0,0.062,Completed,2207000.0,3.2,True,False
B01137,2025-08-03,2025-10-01,C0133,Family,Adventure,Website,Card,Hạ Long,1,7001000.0,0.106,Completed,6259000.0,4.3,True,False
B01034,2025-08-09,2025-10-21,C0133,Family,Adventure,Website,Card,Đà Nẵng,3,5574000.0,0.134,Completed,14481000.0,4.9,True,False
B02090,2023-01-28,2023-04-21,C0134,Family,Foodie,Website,Card,Hạ Long,1,2732000.0,0.1485753752898954,Completed,2326000.0,3.7,True,False
B00761,2024-07-06,2024-09-18,C0134,Young Professional,Family,Website,Card,Phú Quốc,4,4649000.0,0.069,Completed,17313000.0,3.8,False,False
B00207,2024-05-29,2024-07-24,C0135,Family,Beach,Website,Card,Huế,1,3475000.0,0.025,Completed,3388000.0,5.0,False,False
B00516,2024-11-05,2024-11-23,C0135,Family,Adventure,Website,Card,Phú Quốc,1,6253000.0,0.099,Completed,5634000.0,4.3,True,False
B03875,2025-03-06,2025-05-17,C0135,Corporate,Adventure,Agent,Cash,TP.HCM,1,5033000.0,0.0981933669534456,Completed,4539000.0,3.9,True,False
B00811,2024-04-28,2024-05-23,C0136,Student,City Break,Website,Card,Phú Quốc,1,3117000.0,0.124,Completed,2730000.0,4.2,False,False
B00495,2024-11-28,2025-02-10,C0136,Student,City Break,Mobile App,Card,Hà Nội,1,2528000.0,0.051,Completed,2399000.0,3.7,True,False
B01170,2025-01-28,2025-02-26,C0136,Student,Cultural,Website,Card,Phú Quốc,2,2936000.0,0.216,Completed,4604000.0,4.8,True,False
B01617,2022-07-04,2022-08-12,C0137,Family,Beach,Website,Card,Phú Quốc,1,4313000.0,0.1034085551913311,Completed,3867000.0,4.6,True,False
B01814,2022-09-15,2022-10-14,C0137,Student,Family,Website,,Hà Nội,1,3185000.0,0.0634503899855395,Completed,2983000.0,4.1,True,False
B02009,2022-12-24,2023-01-25,C0137,Young Professional,Family,Website,Card,Phú Quốc,3,3395000.0,0.0852128935429048,Completed,9317000.0,3.8,True,False
B00870,2024-05-12,2024-06-19,C0137,Corporate,Foodie,Agent,Cash,Nha Trang,3,1978000.0,0.004,Completed,5910000.0,4.2,False,False
B00619,2024-06-13,2024-08-16,C0137,Corporate,Cultural,Website,Bank Transfer,Sa Pa,4,3069000.0,0.067,Completed,11454000.0,4.2,True,False
B00835,2025-03-23,2025-05-03,C0137,Corporate,Family,Website,Card,Hà Nội,4,3244000.0,0.121,Completed,11406000.0,4.5,True,False
B01405,2022-04-06,2022-06-12,C0138,Young Professional,Cultural,Website,Bank Transfer,Phú Quốc,2,3022000.0,0.1296299218693443,Completed,5261000.0,3.9,True,False
B01703,2022-08-07,2022-09-23,C0138,Family,Beach,Agent,Card,Hà Nội,3,4317000.0,0.0370227543331227,Completed,12472000.0,3.6,True,False
B02147,2023-02-16,2023-04-08,C0138,Young Professional,Cultural,Website,Card,Huế,1,2411000.0,0.1306468939936293,Completed,2096000.0,4.2,True,False
B00454,2024-01-03,2024-03-02,C0138,Young Professional,Adventure,Website,E-wallet,Sa Pa,1,5719000.0,0.072,Completed,5307000.0,4.4,False,False
B01017,2024-08-21,2024-11-03,C0138,Young Professional,Foodie,Website,Card,Hội An,1,2130000.0,0.087,Completed,1945000.0,4.7,True,False
B00367,2024-11-16,2024-12-26,C0138,Young Professional,Cultural,Website,Cash,Hà Nội,1,1758000.0,0.063,Completed,1647000.0,3.6,True,False
B01098,2024-12-11,2025-01-28,C0138,Young Professional,Beach,Mobile App,E-wallet,Hội An,1,4226000.0,0.18,Completed,3465000.0,5.0,True,False
B01016,2025-06-14,2025-08-01,C0138,Young Professional,Beach,Website,Card,Huế,3,3003000.0,0.044,Completed,8613000.0,3.8,True,False
B00334,2024-04-20,2024-06-01,C0139,Family,Foodie,Website,Card,Hội An,3,1699000.0,0.0,Completed,5097000.0,5.0,False,False
B00532,2024-08-01,2024-10-25,C0139,Family,Family,Agent,Bank Transfer,Phú Quốc,2,3036000.0,0.095,Completed,5495000.0,4.6,True,False
B00801,2025-03-25,2025-05-09,C0139,Family,Cultural,Website,Card,Đà Lạt,1,0.0,0.061,Completed,2761000.0,4.4,True,False
B00911,2025-08-03,2025-08-15,C0139,Family,Cultural,Mobile App,Cash,Hạ Long,1,1813000.0,0.018,Completed,1780000.0,4.2,True,False
B00383,2025-08-22,2025-09-09,C0139,Family,Adventure,Agent,Card,TP.HCM,2,3070000.0,0.067,Completed,5729000.0,4.5,True,False
B01872,2022-10-16,2022-12-22,C0140,Family,Foodie,Mobile App,Card,Hạ Long,4,2675000.0,0.1513724979327856,Completed,9080000.0,5.0,True,False
B00282,2024-02-22,2024-03-05,C0140,Student,Family,Website,Card,Hà Nội,4,3008000.0,0.18,Completed,9866000.0,4.3,False,False
B01308,2022-02-16,2022-03-15,C0141,Family,Cultural,Agent,Card,Đà Nẵng,1,2578000.0,0.1141664957968195,Completed,2284000.0,3.2,True,False
B01298,2022-02-10,2022-04-03,C0141,Student,Foodie,Website,E-wallet,Đà Lạt,4,2575000.0,0.1668830392252744,Completed,8581000.0,4.7,True,False
B01688,2022-08-01,2022-09-29,C0141,Family,Cultural,Agent,Bank Transfer,Phú Quốc,1,2519000.0,0.0777183045713808,Completed,2323000.0,4.2,True,False
B01986,2022-12-17,2023-01-25,C0141,Family,Cultural,Website,Card,Hà Nội,1,2435000.0,0.0530205610811227,Completed,2306000.0,3.9,True,False
B02250,2023-04-09,2023-05-26,C0141,Student,Foodie,Call Center,Card,Sa Pa,1,2429000.0,0.1377503028575505,Completed,2094000.0,4.4,True,False
B02750,2023-11-14,2024-01-11,C0141,Family,City Break,Mobile App,Card,Nha Trang,1,2348000.0,0.1596918459047409,Completed,1973000.0,4.3,True,False
B00756,2024-04-13,2024-07-06,C0141,Young Professional,City Break,Website,E-wallet,Phú Quốc,1,1967000.0,0.144,Completed,1684000.0,4.3,True,False
B03618,2024-11-07,2024-12-23,C0141,Corporate,Family,Mobile App,Cash,Đà Nẵng,3,3456000.0,0.1165571856550423,Completed,9160000.0,4.2,True,False
B00419,2024-12-02,2025-01-19,C0141,Young Professional,City Break,Mobile App,Card,Sa Pa,1,1736000.0,0.101,Completed,1561000.0,5.0,True,False
B00530,2025-01-30,2025-04-25,C0141,Young Professional,Beach,Website,Cash,Hạ Long,2,5594000.0,0.244,Completed,8458000.0,3.6,True,False
B01413,2022-04-10,2022-06-18,C0142,Young Professional,City Break,Mobile App,,Phú Quốc,3,2421000.0,0.0608839104932218,Completed,6821000.0,4.5,True,False
B01656,2022-07-20,2022-09-19,C0142,Corporate,Family,Agent,Bank Transfer,Huế,4,2793000.0,0.1323699231234903,Completed,9693000.0,4.3,True,False
B02359,2023-05-27,2023-07-07,C0142,Corporate,Adventure,Website,Card,Nha Trang,2,5670000.0,0.1227674702804197,Completed,9948000.0,4.2,True,False
B02676,2023-10-12,2023-11-07,C0142,Young Professional,Cultural,,Card,Đà Nẵng,4,2573000.0,,Completed,9140000.0,3.7,True,False
B01149,2024-05-11,2024-05-25,C0142,Young Professional,Beach,Agent,Card,Nha Trang,3,4295000.0,0.123,Completed,11300000.0,4.0,False,False
B03223,2024-06-01,2024-06-28,C0142,Family,Beach,Agent,Card,Nha Trang,2,4207000.0,0.0849849613448157,Completed,7699000.0,4.4,True,False
B00194,2024-07-14,2024-08-04,C0142,Young Professional,Adventure,Mobile App,Card,TP.HCM,3,5514000.0,0.04,Completed,15880000.0,3.4,True,False
B00155,2024-11-25,2025-01-27,C0142,Young Professional,Cultural,Call Center,E-wallet,Nha Trang,2,3434000.0,0.206,Completed,5453000.0,4.7,True,False
B00587,2025-02-22,2025-05-22,C0142,Young Professional,Cultural,Website,Card,Hà Nội,3,3052000.0,0.047,Completed,8726000.0,4.1,True,False
B00860,2025-08-22,2025-09-17,C0142,Young Professional,Cultural,Website,Bank Transfer,Huế,2,3127000.0,0.095,Completed,5660000.0,4.6,True,False
B00809,2025-08-31,2025-10-02,C0142,Young Professional,Family,Website,Card,Đà Nẵng,3,3284000.0,0.233,Completed,7556000.0,4.6,True,False
B01014,2024-04-09,2024-05-17,C0143,Corporate,Beach,Mobile App,Bank Transfer,Hạ Long,2,3570000.0,0.0,Completed,7140000.0,3.9,False,False
B00746,2024-07-16,2024-08-04,C0143,Corporate,Adventure,Website,Card,Đà Lạt,2,5907000.0,0.062,Completed,11082000.0,4.1,True,False
B00357,2025-03-20,2025-06-14,C0143,Corporate,Family,Website,Card,Hạ Long,4,3057000.0,0.094,Completed,11079000.0,4.3,True,False
B00247,2025-05-14,2025-08-05,C0143,Corporate,City Break,Agent,Bank Transfer,Hạ Long,3,1307000.0,0.026,Completed,3819000.0,4.0,True,False
B00011,2025-09-02,2025-09-25,C0143,Corporate,Cultural,Mobile App,Bank Transfer,Đà Nẵng,1,1918000.0,0.088,Completed,1749000.0,4.6,True,False
B01525,2022-05-28,2022-07-05,C0144,Young Professional,Family,Mobile App,Card,Đà Nẵng,1,3761000.0,0.0861841462278162,Completed,3437000.0,3.6,True,False
B01993,2022-12-19,2023-03-07,C0144,Student,Beach,Agent,E-wallet,Huế,5,3509000.0,0.1792998472709226,Completed,14399000.0,4.4,True,False
B01015,2024-03-07,2024-05-19,C0144,Family,Beach,Website,Card,Phú Quốc,2,4777000.0,0.131,Completed,8302000.0,3.9,False,False
B03108,2024-04-13,2024-05-29,C0144,Young Professional,Adventure,Mobile App,Card,Hạ Long,3,5875000.0,0.0459699720680592,Completed,16815000.0,3.6,True,False
B03232,2024-06-04,2024-08-02,C0144,Young Professional,Cultural,Mobile App,Card,Huế,1,2414000.0,0.0904767573658415,Completed,2196000.0,4.7,True,False
B03482,2024-09-07,2024-10-31,C0144,Corporate,Beach,Website,Bank Transfer,Hội An,1,4271000.0,0.1359566347164438,Completed,3690000.0,3.5,True,False
B00952,2025-07-02,2025-09-01,C0144,Family,Family,Website,Card,Hội An,3,2476000.0,0.106,Completed,6641000.0,4.3,True,False
B01526,2022-05-29,2022-08-19,C0145,Young Professional,Cultural,Website,Card,Huế,2,2286000.0,0.1083907973464188,Completed,4076000.0,3.7,True,False
B03017,2024-02-29,2024-05-19,C0145,Student,Beach,Website,E-wallet,TP.HCM,3,3519000.0,0.0278717185912958,Completed,10263000.0,3.8,True,False
B00963,2024-10-10,2025-01-03,C0145,Young Professional,Adventure,Website,Cash,Hạ Long,3,4170000.0,0.073,Completed,11597000.0,4.3,True,False
B03756,2025-01-08,2025-03-15,C0145,Student,Beach,Mobile App,Card,Hà Nội,1,4007000.0,0.2049677505972804,Completed,3186000.0,3.3,True,False
B01199,2025-09-07,2025-11-27,C0145,Young Professional,Beach,Mobile App,Bank Transfer,Nha Trang,2,4201000.0,0.131,Completed,7301000.0,4.2,True,False
B02993,2024-02-18,2024-05-16,C0146,Young Professional,Adventure,Mobile App,Card,Hạ Long,3,5649000.0,0.0800638319140579,Completed,15590000.0,4.3,True,False
B00318,2025-06-13,2025-07-10,C0146,Young Professional,Cultural,Agent,Card,Phú Quốc,2,2729000.0,0.025,Completed,5322000.0,3.6,False,False
B01923,2022-11-16,2022-12-31,C0147,Family,City Break,Mobile App,Bank Transfer,Đà Nẵng,4,2634000.0,,Completed,9731000.0,4.3,True,False
B01073,2024-01-02,2024-01-16,C0147,Young Professional,Adventure,Mobile App,Cash,Đà Nẵng,2,6569000.0,0.105,Completed,11759000.0,4.4,False,False
B00270,2024-01-28,2024-03-21,C0147,Young Professional,Family,Mobile App,Card,TP.HCM,5,2499000.0,0.1,Completed,11246000.0,4.7,True,False
B00936,2024-03-22,2024-05-08,C0147,Young Professional,Cultural,Website,Card,Sa Pa,3,3138000.0,0.249,Completed,7070000.0,4.1,True,False
B00989,2025-01-17,2025-02-14,C0147,Young Professional,Beach,Agent,Bank Transfer,Sa Pa,2,3639000.0,0.144,Completed,6230000.0,4.5,True,False
B00214,2025-08-20,2025-10-09,C0147,Young Professional,Cultural,Agent,Bank Transfer,Hạ Long,1,3057000.0,0.099,Completed,2754000.0,4.4,True,False
B01234,2022-01-17,2022-03-01,C0148,Family,City Break,Website,Card,Phú Quốc,1,2125000.0,0.1330237101489815,Completed,1842000.0,3.9,True,False
B01628,2022-07-09,2022-09-09,C0148,Young Professional,City Break,Website,Bank Transfer,Phú Quốc,1,2208000.0,0.1197712220561418,Completed,1944000.0,3.8,True,False
B02793,2023-11-27,2024-02-15,C0148,Young Professional,Beach,Website,E-wallet,Hội An,4,4505000.0,0.0939926719223292,Completed,16326000.0,4.0,True,False
B03007,2024-02-23,2024-04-03,C0148,Corporate,Cultural,Website,Card,Huế,4,2570000.0,0.0516559250445815,Completed,9749000.0,4.5,True,False
B01027,2024-03-10,2024-05-26,C0148,Young Professional,Cultural,Mobile App,Card,TP.HCM,2,2725000.0,0.042,Completed,5221000.0,4.0,False,False
B00614,2024-06-02,2024-07-12,C0148,Young Professional,City Break,Website,Card,Hội An,1,1400000.0,0.0,Completed,1400000.0,4.8,True,False
B01110,2024-07-19,2024-08-06,C0148,Young Professional,Beach,Call Center,Bank Transfer,Hạ Long,2,3323000.0,0.026,Completed,6473000.0,4.4,True,False
B01005,2025-04-07,2025-05-02,C0148,Young Professional,Beach,Website,Card,Nha Trang,1,3359000.0,0.107,Completed,3000000.0,3.4,True,False
B00166,2025-07-27,2025-10-09,C0148,Young Professional,Family,Agent,Card,Hội An,5,2402000.0,0.188,Completed,9752000.0,4.7,True,False
B02451,2023-07-04,2023-08-29,C0149,Family,Beach,Agent,Bank Transfer,Hội An,1,4169000.0,0.1713936213691167,Completed,3454000.0,3.9,True,False
B01143,2024-02-03,2024-04-13,C0149,Young Professional,Adventure,Call Center,E-wallet,Sa Pa,1,5628000.0,0.085,Completed,5150000.0,4.4,False,False
B01216,2022-01-09,2022-03-05,C0150,Young Professional,Beach,Website,Card,Huế,1,3645000.0,0.1342722896688449,Completed,3156000.0,4.1,True,False
B02308,2023-04-30,2023-06-28,C0150,Young Professional,Beach,Mobile App,Cash,Hội An,2,4389000.0,0.0656761976110795,Completed,8201000.0,4.3,True,False
B02938,2024-01-29,2024-02-25,C0150,Young Professional,Family,Website,Bank Transfer,Nha Trang,1,4027000.0,0.0763189413206386,Completed,3720000.0,4.1,True,False
B00934,2024-09-02,2024-11-30,C0150,Student,Beach,Mobile App,Card,Hội An,1,5056000.0,0.087,Completed,4616000.0,4.9,False,False
B00167,2025-06-13,2025-07-03,C0150,Student,Foodie,Agent,Card,Đà Lạt,3,2784000.0,0.092,Completed,7584000.0,4.4,True,False
B03526,2024-09-26,2024-11-15,C0151,Family,Beach,Website,Card,Đà Nẵng,1,4423000.0,,Completed,3847000.0,4.1,True,False
B00617,2025-09-05,2025-09-19,C0151,Family,Family,Agent,Bank Transfer,Sa Pa,2,2971000.0,0.12,Completed,5229000.0,4.4,False,False
B01549,2022-06-07,2022-07-07,C0152,Corporate,Adventure,Website,Cash,TP.HCM,2,5573000.0,0.1282239951455672,Completed,9717000.0,4.4,True,False
B00942,2024-07-30,2024-08-13,C0152,Corporate,Foodie,Mobile App,Card,Đà Lạt,1,2336000.0,0.151,Completed,1983000.0,3.8,False,False
B00471,2024-11-22,2024-12-18,C0152,Corporate,Foodie,Agent,Bank Transfer,Hội An,1,1959000.0,0.035,Completed,1890000.0,2.9,True,False
B00608,2025-08-20,2025-11-01,C0152,Corporate,Beach,Mobile App,Cash,Hà Nội,3,3767000.0,0.168,Completed,9402000.0,4.9,True,False
B01520,2022-05-27,2022-07-07,C0154,Student,City Break,Mobile App,Bank Transfer,Hà Nội,3,2926000.0,0.0789012380077537,Completed,8085000.0,4.2,True,False
B03622,2024-11-08,2024-12-15,C0154,Family,Family,Agent,Cash,Sa Pa,1,3466000.0,0.1541225275627812,Completed,2932000.0,4.4,True,False
B00853,2025-02-13,2025-03-24,C0154,Family,City Break,Mobile App,Card,Hạ Long,2,2162000.0,0.138,Completed,3727000.0,4.2,True,False
B00437,2025-02-13,2025-04-06,C0154,Family,Cultural,Website,Bank Transfer,Hội An,2,2732000.0,0.117,Completed,4825000.0,5.0,False,False
B04223,2025-07-24,2025-09-01,C0154,Family,Family,Mobile App,E-wallet,TP.HCM,2,3202000.0,0.0480273028071669,Completed,6096000.0,4.6,True,False
B01598,2022-06-26,2022-07-17,C0155,Corporate,City Break,Call Center,Cash,Huế,2,2033000.0,0.0804904724609639,Completed,3739000.0,4.3,True,False
B00708,2025-06-13,2025-08-27,C0155,Student,Adventure,Agent,Card,Hội An,1,5463000.0,0.103,Completed,4900000.0,4.4,False,False
B01920,2022-11-16,2022-11-30,C0157,Student,Cultural,Website,Cash,Phú Quốc,3,2563000.0,0.0752837124402571,Completed,7110000.0,3.8,True,False
B00014,2024-05-28,2024-08-22,C0157,Young Professional,Foodie,Website,Card,Đà Lạt,2,1543000.0,0.064,Completed,2888000.0,3.9,False,False
B00800,2024-06-19,2024-09-15,C0157,Young Professional,Cultural,Agent,Bank Transfer,Sa Pa,1,3497000.0,0.088,Completed,3189000.0,4.1,True,False
B00931,2024-07-29,2024-09-26,C0157,Young Professional,Beach,Agent,Card,Hà Nội,1,4149000.0,0.064,Completed,3883000.0,4.3,True,False
B00253,2025-06-09,2025-07-08,C0157,Young Professional,Family,Website,Card,Đà Nẵng,5,3546000.0,0.107,Completed,15833000.0,4.2,True,False
B04370,2025-09-25,2025-11-16,C0157,Student,Cultural,Agent,Bank Transfer,Hạ Long,3,2664000.0,0.1186166661033424,Completed,7044000.0,4.0,True,False
B01487,2022-05-07,2022-06-09,C0158,Family,City Break,,E-wallet,Huế,2,2148000.0,0.1098311411445912,Completed,3824000.0,4.5,True,False
B03250,2024-06-09,2024-07-12,C0158,Family,Cultural,Website,Bank Transfer,Đà Nẵng,2,3027000.0,0.1274422226221981,Completed,5282000.0,3.7,True,False
B01329,2022-02-26,2022-03-07,C0159,Family,Beach,Mobile App,Cash,Phú Quốc,4,4218000.0,0.1607144145486034,Completed,14160000.0,4.8,True,False
B02384,2023-06-10,2023-06-20,C0159,Family,Cultural,Website,E-wallet,Sa Pa,2,2513000.0,0.1009969066944139,Completed,4518000.0,5.0,True,False
B02455,2023-07-05,2023-08-12,C0159,Family,Cultural,Website,Card,Đà Nẵng,1,2904000.0,0.0906650925831605,Completed,2641000.0,5.0,True,False
B03074,2024-03-27,2024-05-21,C0159,Corporate,Cultural,Mobile App,Card,Đà Lạt,4,2395000.0,0.0641201752078703,Completed,8966000.0,4.8,True,False
B00711,2024-06-23,2024-07-22,C0159,Family,Adventure,Website,Card,Sa Pa,1,5330000.0,0.098,Completed,4808000.0,4.1,True,False
B00724,2025-07-26,2025-08-07,C0159,Family,Beach,Website,Card,Đà Nẵng,2,5198000.0,0.065,Completed,9720000.0,2.9,True,False
B02099,2023-02-01,2023-03-29,C0160,Corporate,Family,Website,Card,Huế,4,2838000.0,0.0477587840034267,Completed,10810000.0,4.1,True,False
B01010,2024-04-12,2024-06-18,C0160,Family,Beach,Website,Card,Hội An,2,5330000.0,0.091,Completed,9690000.0,4.2,False,False
B00291,2024-09-10,2024-09-25,C0160,Family,Adventure,Website,Card,Nha Trang,1,5547000.0,0.136,Completed,4793000.0,3.7,True,False
B00497,2025-02-01,2025-03-09,C0160,Family,Adventure,Mobile App,Card,Huế,1,3044000.0,0.08,Completed,2800000.0,4.5,True,False
B01161,2025-07-01,2025-09-23,C0160,Family,Cultural,Website,Bank Transfer,TP.HCM,2,1588000.0,0.127,Completed,2773000.0,4.9,True,False
B01731,2022-08-15,2022-09-15,C0161,Student,Cultural,Agent,Cash,Huế,1,2016000.0,0.0645886737147305,Completed,1886000.0,4.6,True,False
B02089,2023-01-28,2023-03-17,C0161,Family,Beach,Website,Bank Transfer,Đà Nẵng,4,4086000.0,0.1353587823263622,Completed,14132000.0,3.7,True,False
B01145,2025-02-01,2025-04-02,C0161,Student,Cultural,Agent,Bank Transfer,Hà Nội,3,2500000.0,0.199,Completed,6007000.0,5.0,True,False
B00184,2025-06-08,2025-07-22,C0161,Student,City Break,Mobile App,Card,Hội An,2,1383000.0,0.0,Completed,2766000.0,3.4,True,False
B02869,2023-12-27,2024-01-20,C0162,Corporate,Family,Website,Card,Hội An,1,2682000.0,0.120141206621518,Completed,2360000.0,4.2,True,False
B03097,2024-06-04,2024-06-17,C0162,Corporate,Adventure,,Card,Phú Quốc,3,5933000.0,0.0919599665711677,Completed,16162000.0,3.3,True,False
B01012,2024-06-06,2024-06-30,C0162,Corporate,Beach,Agent,E-wallet,Đà Lạt,1,2707000.0,0.102,Completed,2431000.0,4.2,False,False
B03867,2025-03-03,2025-04-22,C0162,Family,Family,Agent,Card,Hà Nội,5,3103000.0,0.1323738546336441,Completed,13461000.0,4.5,True,False
B01532,2022-06-01,2022-07-19,C0164,Young Professional,City Break,Agent,Cash,Sa Pa,1,2131000.0,0.1050876404446573,Completed,1907000.0,4.2,True,False
B02686,2023-10-14,2023-11-19,C0164,Young Professional,Family,Mobile App,Card,Phú Quốc,1,3311000.0,0.1449864652109362,Completed,2831000.0,5.0,True,False
B03133,2024-04-21,2024-06-22,C0164,Family,Beach,Agent,Card,Hạ Long,2,4128000.0,0.0386841489742319,Completed,7937000.0,4.5,True,False
B00910,2025-03-24,2025-05-15,C0164,Student,Foodie,Mobile App,Card,Đà Nẵng,1,1857000.0,0.142,Completed,1593000.0,4.2,False,False
B01817,2022-09-18,2022-11-23,C0165,Young Professional,Foodie,Website,Bank Transfer,Hội An,1,1894000.0,0.1372111331334115,Completed,1634000.0,4.3,True,False
B01992,2022-12-18,2023-02-26,C0165,Young Professional,Foodie,Mobile App,Bank Transfer,Hà Nội,4,2122000.0,0.0512382711790453,Completed,8053000.0,3.7,True,False
B00165,2024-03-20,2024-05-05,C0165,Family,Beach,Mobile App,Card,Huế,3,4658000.0,0.037,Completed,13457000.0,4.2,False,False
B01086,2024-03-23,2024-06-13,C0165,Family,Beach,Agent,Card,Huế,1,2715000.0,0.018,Completed,2666000.0,4.4,True,False
B03151,2024-05-01,2024-07-14,C0165,Young Professional,Beach,Website,Card,Hội An,1,4418000.0,0.0119977112834761,Completed,4365000.0,5.0,True,False
B00089,2024-09-17,2024-10-02,C0165,Family,Adventure,Website,Bank Transfer,Nha Trang,2,3458000.0,0.043,Completed,6619000.0,4.8,True,False
B00922,2024-09-11,2024-10-25,C0165,Family,Beach,Agent,Card,TP.HCM,1,3895000.0,0.124,Completed,3412000.0,4.7,True,False
B02138,2023-02-12,2023-03-28,C0166,Family,Beach,Agent,Cash,Huế,1,3715000.0,0.0615283392900096,Completed,3486000.0,4.7,True,False
B00812,2024-01-12,2024-02-22,C0166,Young Professional,Beach,Website,Cash,Hội An,1,3695000.0,0.119,Completed,3255000.0,4.1,False,False
B00140,2024-12-18,2025-02-02,C0166,Young Professional,Beach,Website,Card,Huế,1,4181000.0,0.086,Completed,3821000.0,3.7,True,False
B00010,2025-01-12,2025-03-16,C0166,Young Professional,Family,Website,Card,Nha Trang,3,3768000.0,0.222,Completed,8795000.0,3.6,True,False
B01233,2022-01-16,2022-01-26,C0167,Young Professional,Cultural,Website,Card,Hà Nội,2,2652000.0,0.1275294589110622,Completed,4628000.0,3.6,True,False
B01710,2022-08-09,2022-10-11,C0167,Student,Adventure,Mobile App,E-wallet,Đà Nẵng,3,5189000.0,0.0868819889835894,Completed,14215000.0,3.4,True,False
B01926,2022-11-18,2023-03-09,C0167,Family,Adventure,Website,Cash,Phú Quốc,3,5364000.0,0.1719004985871497,Completed,13326000.0,4.1,True,False
B00220,2024-07-12,2024-10-10,C0167,Family,Family,Website,Bank Transfer,Phú Quốc,4,2254000.0,0.185,Completed,7348000.0,4.5,False,False
B00455,2025-08-15,2025-09-27,C0167,Family,Adventure,Website,E-wallet,TP.HCM,1,5479000.0,0.203,Completed,4367000.0,3.9,True,False
B01163,2024-09-04,2024-11-15,C0168,Family,Foodie,Mobile App,E-wallet,Huế,2,3107000.0,0.077,Completed,5736000.0,4.1,False,False
B00078,2025-05-03,2025-06-25,C0168,Family,Beach,Website,Bank Transfer,Đà Lạt,3,2643000.0,0.085,Completed,7255000.0,3.9,True,False
B02203,2023-03-17,2023-04-28,C0169,Young Professional,Cultural,Mobile App,Card,Hạ Long,1,2713000.0,,Completed,2255000.0,3.2,True,False
B00072,2024-04-24,2024-06-27,C0169,Young Professional,Cultural,Agent,E-wallet,Huế,4,2218000.0,0.072,Completed,8233000.0,4.3,False,False
B00493,2024-09-21,2024-12-14,C0169,Young Professional,Cultural,Website,E-wallet,Hà Nội,2,2979000.0,0.048,Completed,5672000.0,4.8,True,False
B03721,2024-12-23,2024-12-23,C0169,Family,Beach,Call Center,Card,Hạ Long,5,3978000.0,0.0701599384825143,Completed,18495000.0,3.7,True,False
B00935,2025-04-24,2025-05-05,C0169,Young Professional,Beach,Agent,E-wallet,Hà Nội,1,4902000.0,0.086,Completed,4480000.0,3.8,True,False
B04006,2025-05-08,2025-07-11,C0169,Family,Cultural,Website,Bank Transfer,Phú Quốc,1,2387000.0,0.1407137757546392,Completed,2051000.0,4.6,True,False
B00034,2024-03-18,2024-04-24,C0170,Corporate,Adventure,Website,Card,Đà Nẵng,3,6908000.0,0.135,Completed,17926000.0,4.2,True,False
B00051,2024-03-03,2024-05-23,C0170,Corporate,Family,Agent,Card,Đà Lạt,3,2610000.0,0.104,Completed,7016000.0,4.1,False,False
B00921,2024-08-27,2024-11-19,C0170,Corporate,Cultural,Website,Card,Huế,1,1939000.0,0.0,Completed,1939000.0,3.7,True,False
B00075,2025-01-03,2025-03-14,C0170,Corporate,Cultural,Agent,Card,Hội An,1,2719000.0,0.166,Completed,2268000.0,3.5,True,False
B01530,2022-05-31,2022-07-13,C0172,Young Professional,Foodie,Call Center,Cash,Hạ Long,2,2762000.0,0.0518305449047506,Completed,5238000.0,4.4,True,False
B02544,2023-08-18,2023-10-04,C0172,Corporate,Beach,Agent,Bank Transfer,Phú Quốc,1,4048000.0,0.1287380180804201,Completed,3527000.0,4.1,True,False
B00526,2024-01-12,2024-02-25,C0172,Young Professional,City Break,Mobile App,Bank Transfer,Đà Nẵng,1,3419000.0,0.116,Completed,3022000.0,4.7,False,False
B00245,2024-05-04,2024-07-08,C0172,Young Professional,Beach,Website,Card,TP.HCM,2,4275000.0,0.03,Completed,8294000.0,4.1,True,False
B03510,2024-09-17,2024-11-10,C0172,Student,City Break,Website,Bank Transfer,Hội An,2,1484000.0,,Completed,2668000.0,4.3,True,False
B00307,2024-11-27,2025-01-02,C0172,Young Professional,Foodie,Agent,Cash,Hội An,2,2186000.0,0.148,Completed,3725000.0,4.1,True,False
B00378,2025-04-01,2025-05-02,C0172,Young Professional,Cultural,Mobile App,Card,Đà Nẵng,2,3099000.0,0.199,Completed,4965000.0,4.9,True,False
B04288,2025-08-22,2025-10-11,C0172,Student,City Break,,Card,Hội An,1,1370000.0,0.1958600068658367,Completed,1102000.0,4.6,True,False
B02285,2023-04-20,2023-06-28,C0173,Family,Beach,Website,Card,Đà Nẵng,5,4850000.0,0.065830638833836,Completed,22654000.0,4.1,True,False
B00413,2024-02-16,2024-03-04,C0173,Young Professional,City Break,Website,Card,Đà Nẵng,3,3444000.0,0.152,Completed,8762000.0,4.7,False,False
B00032,2024-05-05,2024-07-06,C0173,Young Professional,Family,Website,Cash,Phú Quốc,3,3607000.0,0.05,Completed,10280000.0,4.4,True,False
B00239,2024-09-17,2024-10-26,C0173,Young Professional,Cultural,Mobile App,Card,Phú Quốc,1,2656000.0,0.041,Completed,2547000.0,3.7,True,False
B00020,2025-05-14,2025-06-25,C0173,Young Professional,Adventure,Mobile App,Cash,Hội An,2,3680000.0,0.076,Completed,6801000.0,4.6,True,False
B01765,2022-08-27,2022-10-03,C0174,Family,Foodie,Agent,Card,Phú Quốc,4,2686000.0,0.047323638383693,Completed,10236000.0,4.3,True,False
B02512,2023-08-03,2023-10-21,C0174,Young Professional,Beach,Website,Card,Nha Trang,1,4101000.0,0.0767247621076313,Completed,3786000.0,4.4,True,False
B00805,2024-03-23,2024-05-08,C0174,Corporate,Cultural,Agent,Card,Hội An,2,3058000.0,0.132,Completed,5309000.0,3.3,False,False
B01078,2024-11-01,2025-01-02,C0174,Corporate,Adventure,Agent,Card,Hội An,3,5676000.0,0.082,Completed,15632000.0,4.4,True,False
B00525,2024-12-11,2025-01-25,C0174,Corporate,Cultural,Website,Card,Nha Trang,2,2577000.0,0.131,Completed,4479000.0,4.2,True,False
B00458,2025-02-25,2025-05-17,C0174,Corporate,City Break,Mobile App,Bank Transfer,Đà Lạt,1,1772000.0,0.182,Completed,1449000.0,4.1,True,False
B00045,2025-05-21,2025-06-10,C0174,Corporate,Adventure,Agent,E-wallet,Đà Nẵng,2,3666000.0,0.117,Completed,6474000.0,4.5,True,False
B00176,2025-06-05,2025-07-16,C0174,Corporate,Foodie,Website,Card,Hạ Long,1,3285000.0,0.098,Completed,2963000.0,5.0,True,False
B00646,2025-06-21,2025-08-09,C0174,Corporate,Beach,Website,E-wallet,Hà Nội,1,3494000.0,0.111,Completed,3106000.0,4.3,True,False
B00907,2025-09-07,2025-11-03,C0174,Corporate,Adventure,Website,Card,Đà Nẵng,2,3558000.0,0.086,Completed,6504000.0,4.1,True,False
B00790,2024-03-20,2024-04-09,C0175,Student,Family,Agent,Card,Sa Pa,2,3355000.0,0.136,Completed,5797000.0,3.6,False,False
B00315,2024-07-09,2024-08-13,C0175,Student,Foodie,Call Center,Card,Hội An,2,1833000.0,0.0,Completed,3666000.0,4.1,True,False
B00973,2025-02-23,2025-03-08,C0175,Student,Adventure,Agent,Card,Phú Quốc,1,6395000.0,0.049,Completed,6082000.0,4.9,True,False
B00221,2025-04-25,2025-05-06,C0175,Student,Foodie,Website,Bank Transfer,Hà Nội,2,-100000.0,0.051,Completed,4810000.0,3.8,True,False
B01791,2022-09-08,2022-10-23,C0176,Corporate,Foodie,Agent,Cash,Hội An,2,1947000.0,0.1209617198481413,Completed,3423000.0,4.8,True,False
B01011,2024-02-20,2024-05-07,C0176,Student,Cultural,Website,E-wallet,Phú Quốc,3,3745000.0,-0.2,Completed,10831000.0,4.0,False,False
B00684,2024-04-03,2024-05-13,C0176,Student,Foodie,Agent,Card,Hà Nội,1,2673000.0,0.212,Completed,2106000.0,4.3,True,False
B01102,2024-06-06,2024-07-18,C0176,Student,Cultural,Agent,Bank Transfer,Đà Nẵng,1,1841000.0,0.04,Completed,1767000.0,4.2,True,False
B01998,2022-12-21,2023-01-29,C0177,Corporate,Family,Agent,Bank Transfer,TP.HCM,2,3191000.0,0.1410692253160607,Completed,5482000.0,3.5,True,False
B00828,2025-02-26,2025-03-20,C0177,Young Professional,Beach,Agent,Bank Transfer,Hà Nội,3,2605000.0,0.037,Completed,7526000.0,3.8,False,False
B00323,2025-06-12,2025-09-07,C0177,Young Professional,Cultural,Website,Cash,Sa Pa,1,2393000.0,0.082,Completed,2197000.0,5.0,True,False
B01231,2022-01-16,2022-02-14,C0178,Family,City Break,Website,Cash,Nha Trang,1,2768000.0,0.1024887261819701,Completed,2484000.0,4.0,True,False
B02356,2023-05-25,2023-08-22,C0178,Student,Beach,Website,Cash,Đà Nẵng,1,4892000.0,0.051399345319872,Completed,4641000.0,4.8,True,False
B00327,2024-01-14,2024-02-20,C0178,Corporate,Foodie,Website,Cash,Hà Nội,1,1526000.0,0.047,Completed,1454000.0,4.7,False,False
B00890,2024-03-06,2024-05-07,C0178,Corporate,Foodie,Call Center,Bank Transfer,Hạ Long,1,2273000.0,0.184,Completed,1855000.0,3.5,True,False
B00129,2025-07-27,2025-10-20,C0178,Corporate,Beach,Mobile App,Card,TP.HCM,2,3752000.0,0.134,Completed,6498000.0,4.1,True,False
B02459,2023-07-07,2023-08-20,C0179,Young Professional,Adventure,Website,E-wallet,Hà Nội,1,5031000.0,0.0910343835931996,Completed,4573000.0,4.1,True,False
B01088,2024-03-19,2024-06-10,C0179,Corporate,Beach,Mobile App,Card,Nha Trang,2,4634000.0,0.103,Completed,8313000.0,3.9,False,False
B00795,2024-09-15,2024-10-26,C0179,Corporate,Cultural,Website,Cash,Phú Quốc,3,2930000.0,0.095,Completed,7955000.0,4.8,True,False
B00429,2025-08-16,2025-08-28,C0179,Corporate,Family,Website,Bank Transfer,TP.HCM,4,3900000.0,0.05,Completed,14820000.0,3.9,True,False
B00531,2025-07-02,2025-09-14,C0179,Corporate,Beach,Website,Bank Transfer,Huế,1,3444000.0,0.039,Completed,3310000.0,4.3,True,False
B02074,2023-01-24,2023-03-15,C0181,Student,Cultural,Website,Bank Transfer,Sa Pa,3,2250000.0,0.1187154479590019,Completed,5949000.0,4.2,True,False
B02466,2023-07-12,2023-07-18,C0181,Family,Adventure,Mobile App,Card,Đà Lạt,1,4990000.0,0.1266218067652827,Completed,4358000.0,4.7,True,False
B03631,2024-11-10,2025-01-14,C0181,Young Professional,Beach,Call Center,Card,Hội An,1,4041000.0,0.1044166155095194,Completed,3619000.0,3.9,True,False
B00951,2024-12-29,2025-02-13,C0181,Corporate,Foodie,Mobile App,Bank Transfer,Hạ Long,2,2488000.0,0.092,Completed,4518000.0,4.1,False,False
B00535,2025-07-06,2025-09-16,C0181,Corporate,City Break,Website,Bank Transfer,Đà Lạt,2,2398000.0,0.184,Completed,3914000.0,3.7,True,False
B02278,2023-04-18,2023-05-28,C0182,Corporate,Family,Website,Bank Transfer,Hội An,1,2681000.0,0.0760728988223529,Completed,2477000.0,4.8,True,False
B00436,2025-03-20,2025-05-03,C0182,Corporate,Foodie,Call Center,Card,Đà Lạt,1,2750000.0,0.166,Completed,2294000.0,4.1,False,False
B01706,2022-08-09,2022-11-03,C0183,Corporate,Beach,Agent,E-wallet,Hạ Long,1,4313000.0,0.1104375052626316,Completed,3837000.0,4.0,True,False
B00085,2024-06-03,2024-08-12,C0183,Young Professional,Cultural,Mobile App,Card,Hạ Long,3,3106000.0,0.023,Completed,9104000.0,4.3,False,False
B00379,2025-05-19,2025-06-21,C0183,Young Professional,Foodie,Mobile App,Cash,Hạ Long,2,2636000.0,0.039,Completed,5066000.0,4.3,True,False
B01044,2025-06-11,2025-07-10,C0183,Young Professional,Adventure,Website,Card,Hà Nội,1,5925000.0,0.011,Completed,5860000.0,4.5,True,False
B00021,2025-08-26,2025-11-16,C0183,Young Professional,Cultural,Website,Card,Đà Lạt,2,1694000.0,0.024,Completed,3307000.0,5.0,True,False
B01930,2022-11-20,2023-02-10,C0184,Corporate,Foodie,Agent,Card,Hạ Long,4,2491000.0,0.1253738959859264,Completed,8715000.0,5.0,True,False
B02473,2023-07-17,2023-08-24,C0184,Family,Family,Mobile App,Cash,Hà Nội,2,3419000.0,0.0799241879082255,Completed,6291000.0,3.4,True,False
B02897,2024-01-08,2024-02-28,C0184,Student,Beach,Mobile App,E-wallet,Hội An,2,4400000.0,0.0359902612133703,Completed,8483000.0,4.3,True,False
B00653,2024-01-19,2024-04-11,C0184,Young Professional,Beach,Website,Cash,Nha Trang,2,3612000.0,0.016,Completed,7108000.0,2.6,False,False
B03486,2024-09-09,2024-10-12,C0184,Corporate,Family,Website,Card,Phú Quốc,1,3411000.0,0.1513049087259696,Completed,2895000.0,4.1,True,False
B03970,2025-04-26,2025-07-03,C0184,Young Professional,Cultural,Mobile App,Bank Transfer,Phú Quốc,2,2680000.0,0.1112103156504303,Completed,4764000.0,3.7,True,False
B01955,2022-12-02,2023-02-08,C0185,Family,Cultural,Agent,Card,Đà Lạt,3,2673000.0,0.0688780074939608,Completed,7467000.0,4.7,True,False
B00311,2024-08-18,2024-10-10,C0185,Family,Family,Mobile App,Bank Transfer,TP.HCM,4,3412000.0,0.045,Completed,13034000.0,4.6,False,False
B00620,2024-11-17,2024-12-10,C0185,Family,Beach,Website,Card,TP.HCM,1,3565000.0,0.024,Completed,3479000.0,3.9,True,False
B00504,2024-12-24,2025-02-02,C0185,Family,Cultural,Website,Bank Transfer,Phú Quốc,1,2205000.0,0.01,Completed,2183000.0,5.0,True,False
B01219,2022-01-10,2022-02-06,C0186,Family,City Break,Agent,Card,Đà Nẵng,2,2710000.0,0.1307592975014108,Completed,4711000.0,4.9,True,False
B01377,2022-03-24,2022-04-20,C0186,Family,Beach,Mobile App,Card,Phú Quốc,4,4378000.0,0.0994505116012872,Completed,15770000.0,4.1,True,False
B01176,2024-07-17,2024-08-17,C0186,Family,Foodie,Mobile App,Card,Đà Nẵng,3,1682000.0,0.066,Completed,4713000.0,4.2,False,False
B00116,2025-01-15,2025-03-05,C0186,Family,Family,Agent,Card,Sa Pa,3,2449000.0,0.072,Completed,6818000.0,3.6,True,False
B00788,2024-12-30,2025-03-26,C0186,Family,Beach,Call Center,Cash,Sa Pa,2,3876000.0,0.066,Completed,7240000.0,5.0,True,False
B00384,2025-02-11,2025-04-28,C0186,Family,Family,Agent,Cash,Đà Nẵng,2,3759000.0,0.155,Completed,6353000.0,4.0,True,False
B00574,2025-05-08,2025-07-05,C0186,Family,Foodie,Call Center,Card,Phú Quốc,2,2671000.0,0.033,Completed,5166000.0,3.9,True,False
B01911,2022-11-09,2023-01-06,C0187,Family,Adventure,Website,Cash,Hội An,1,4558000.0,0.1022332295411735,Completed,4092000.0,4.6,True,False
B00854,2024-09-03,2024-11-25,C0187,Young Professional,Family,Website,Bank Transfer,Hà Nội,2,2603000.0,0.042,Completed,4987000.0,4.6,False,False
B00572,2024-12-15,2025-03-10,C0187,Young Professional,Beach,Mobile App,Card,Sa Pa,3,3679000.0,0.025,Completed,10761000.0,5.0,True,False
B00376,2024-03-12,2024-04-30,C0188,Student,Foodie,Website,Card,Phú Quốc,1,2538000.0,0.164,Completed,2122000.0,4.2,False,False
B00764,2024-07-16,2024-07-31,C0188,Student,Family,Website,Card,Đà Lạt,3,2590000.0,0.063,Completed,7280000.0,4.0,True,False
B01057,2024-12-23,2025-01-16,C0188,Student,Adventure,Website,Card,Hạ Long,1,4291000.0,0.198,Completed,3441000.0,4.2,True,False
B00540,2024-12-02,2025-01-27,C0188,Student,Adventure,Mobile App,Card,Hà Nội,3,4833000.0,0.204,Completed,11541000.0,4.1,True,False
B00316,2024-12-31,2025-02-08,C0188,Student,Adventure,Website,Card,Nha Trang,2,5927000.0,0.086,Completed,10835000.0,4.8,True,False
B00361,2025-07-01,2025-07-11,C0188,Student,Beach,Mobile App,E-wallet,Sa Pa,1,2758000.0,0.093,Completed,2502000.0,4.7,True,False
B04357,2025-09-19,2025-11-20,C0188,Young Professional,Beach,Mobile App,Card,Phú Quốc,1,3979000.0,0.1632624404774016,Completed,3329000.0,4.3,True,False
B00904,2024-01-15,2024-02-09,C0189,Family,Adventure,Mobile App,Card,Phú Quốc,1,5061000.0,0.195,Completed,4074000.0,3.6,False,False
B00987,2024-03-06,2024-03-25,C0189,Family,Beach,Mobile App,Cash,Nha Trang,3,5527000.0,0.144,Completed,14193000.0,3.7,True,False
B00260,2024-09-27,2024-12-18,C0189,Family,Foodie,Agent,Cash,Hạ Long,2,1909000.0,0.025,Completed,3723000.0,4.2,True,False
B01082,2024-11-30,2025-02-28,C0189,Family,Cultural,Agent,Bank Transfer,Đà Lạt,2,1735000.0,0.091,Completed,3154000.0,4.0,True,False
B00507,2025-06-17,2025-08-30,C0189,Family,City Break,Agent,Cash,Đà Nẵng,1,1425000.0,0.75,Completed,1315000.0,4.3,True,False
B01819,2022-09-20,2022-11-06,C0190,Young Professional,Beach,,Card,Đà Nẵng,1,4573000.0,0.0635964060053433,Completed,4282000.0,3.2,True,False
B01863,2022-10-13,2022-11-24,C0190,Student,Beach,Website,Bank Transfer,Phú Quốc,2,4094000.0,0.1074047256123075,Completed,7309000.0,4.2,True,False
B02367,2023-05-31,2023-08-05,C0190,Family,Adventure,Website,Bank Transfer,Nha Trang,2,5254000.0,0.053931708082167,Completed,9941000.0,4.8,True,False
B00741,2024-07-03,2024-08-07,C0190,Young Professional,City Break,Agent,E-wallet,Phú Quốc,2,1549000.0,0.095,Completed,2804000.0,3.9,True,False
B00807,2024-08-02,2024-10-20,C0190,Young Professional,Cultural,Website,Card,Đà Nẵng,1,2680000.0,0.75,Completed,2238000.0,3.7,True,False
B00577,2025-01-30,2025-04-30,C0190,Young Professional,Family,Website,Card,Sa Pa,3,3081000.0,0.115,Completed,8180000.0,4.0,True,False
B01248,2022-01-23,2022-03-14,C0191,Corporate,Cultural,Agent,Card,Nha Trang,1,3205000.0,0.1202543869617909,Completed,2820000.0,4.0,True,False
B01574,2022-06-17,2022-08-20,C0191,Student,Beach,Call Center,Card,Nha Trang,1,4483000.0,0.0779229314292491,Completed,4134000.0,4.4,True,False
B00213,2024-11-08,2024-12-07,C0191,Corporate,Adventure,Agent,Card,Nha Trang,1,3995000.0,0.024,Completed,3899000.0,3.8,True,False
B00157,2024-11-23,2024-12-26,C0191,Corporate,City Break,Website,Card,Huế,2,1861000.0,0.136,Completed,3216000.0,4.2,True,False
B00785,2024-12-10,2025-02-08,C0191,Corporate,Beach,Website,Card,Đà Nẵng,1,3770000.0,0.073,Completed,3495000.0,3.6,True,False
B00866,2025-06-19,2025-09-06,C0191,Corporate,Cultural,Agent,Card,Huế,2,1500000.0,0.036,Completed,2892000.0,4.0,True,False
B01983,2022-12-16,2023-02-12,C0192,Young Professional,Foodie,Website,Cash,Huế,1,2600000.0,0.1132382804234813,Completed,2306000.0,4.4,True,False
B00644,2024-03-10,2024-05-24,C0192,Young Professional,Beach,Call Center,Bank Transfer,Nha Trang,2,3510000.0,0.112,Completed,6234000.0,2.9,False,False
B00203,2024-09-15,2024-10-31,C0192,Young Professional,Family,Website,Card,Đà Nẵng,3,3799000.0,0.061,Completed,10702000.0,3.5,True,False
B03649,2024-11-17,2024-12-28,C0192,Young Professional,Cultural,Website,Card,Sa Pa,3,2581000.0,0.074168028119973,Completed,7169000.0,3.6,True,False
B03773,2025-01-18,2025-03-12,C0192,Family,Cultural,Mobile App,Card,Đà Lạt,1,2557000.0,0.098281409377433,Completed,2306000.0,5.0,True,False
B01184,2025-01-08,2025-03-21,C0192,Young Professional,Foodie,Agent,Card,Đà Lạt,2,3070000.0,0.109,Completed,5471000.0,4.3,True,False
B00810,2025-06-04,2025-07-13,C0192,Young Professional,Cultural,Mobile App,E-wallet,Hạ Long,4,3246000.0,0.056,Completed,12257000.0,5.0,True,False
B02092,2023-01-29,2023-03-10,C0194,Corporate,Cultural,Agent,Bank Transfer,Nha Trang,2,3018000.0,0.0354350247733325,Completed,5822000.0,5.0,True,False
B00939,2024-07-10,2024-08-11,C0194,Family,Foodie,Mobile App,Card,Huế,1,2147000.0,0.037,Completed,2068000.0,4.3,False,False
B03350,2024-07-18,2024-08-22,C0194,Family,Adventure,Website,Cash,Hội An,2,4417000.0,0.0835895907861957,Completed,8096000.0,4.3,True,False
B04270,2025-08-17,2025-10-04,C0194,Young Professional,Cultural,Website,E-wallet,Đà Lạt,4,2525000.0,0.0839310901457336,Completed,9252000.0,4.4,True,False
B01369,2022-03-21,2022-06-03,C0195,Student,Beach,Agent,E-wallet,TP.HCM,4,3890000.0,0.11337861620835,Completed,13796000.0,4.1,True,False
B01352,2022-03-12,2022-06-10,C0195,Young Professional,Cultural,Website,Card,Phú Quốc,2,2746000.0,0.0846528285380886,Completed,5027000.0,4.5,True,False
B02617,2023-09-16,2023-11-14,C0195,Student,Cultural,Agent,Bank Transfer,Đà Nẵng,1,2722000.0,0.0,Completed,2722000.0,4.6,True,False
B00927,2024-11-10,2024-12-09,C0195,Student,Family,Website,Cash,Sa Pa,3,2778000.0,0.082,Completed,7651000.0,3.1,False,False
B00714,2025-01-20,2025-03-23,C0195,Student,City Break,Mobile App,Bank Transfer,Hạ Long,1,2775000.0,0.033,Completed,2683000.0,3.5,True,False
B00052,2025-03-18,2025-04-23,C0195,Student,Family,Mobile App,E-wallet,Nha Trang,4,2701000.0,0.114,Completed,9572000.0,4.0,True,False
B00391,2025-05-26,2025-06-15,C0195,Student,City Break,Website,Card,Huế,3,1308000.0,0.103,Completed,3520000.0,4.7,True,False
B01307,2022-02-15,2022-03-21,C0196,Family,Cultural,Website,Card,Hà Nội,2,2725000.0,0.0454156054296067,Completed,5202000.0,3.9,True,False
B00940,2025-03-02,2025-04-19,C0196,Student,Cultural,Agent,Card,Hạ Long,2,4000000.0,0.147,Completed,6824000.0,4.3,False,False
B01880,2022-10-23,2022-12-23,C0197,Corporate,Cultural,Mobile App,Card,Huế,2,2504000.0,0.1292546347155773,Completed,4361000.0,4.0,True,False
B00320,2024-07-31,2024-08-26,C0197,Family,Adventure,Website,Card,Đà Nẵng,1,6112000.0,0.02,Completed,5990000.0,4.4,False,False
B00046,2025-04-02,2025-06-04,C0197,Family,Beach,Call Center,Card,Phú Quốc,1,3905000.0,0.051,Completed,3706000.0,4.3,True,False
B01103,2025-06-28,2025-08-13,C0197,Family,Family,Mobile App,Card,Đà Nẵng,2,2994000.0,0.092,Completed,5437000.0,4.5,True,False
B00422,2025-07-30,2025-08-26,C0197,Family,Family,Website,Bank Transfer,Nha Trang,3,3422000.0,0.007,Completed,10194000.0,3.8,True,False
B02445,2023-01-07,2023-08-25,C0198,Family,Family,Website,Card,Đà Nẵng,2,3703000.0,0.1366269585201146,Completed,6394000.0,4.1,True,False
B02514,2023-08-05,2023-10-05,C0198,Corporate,Beach,Agent,Card,Nha Trang,1,4222000.0,0.1528059245832385,Completed,3577000.0,4.2,True,False
B03070,2024-03-25,2024-04-20,C0198,Corporate,Beach,Website,Cash,Hội An,2,4257000.0,0.1361336557883326,Completed,7355000.0,4.4,True,False
B03127,2024-04-20,2024-05-29,C0198,Student,Adventure,Website,Bank Transfer,Hạ Long,1,5898000.0,,Completed,5210000.0,5.0,True,False
B01177,2024-09-14,2024-09-24,C0198,Corporate,Beach,Agent,E-wallet,Hà Nội,2,3656000.0,0.193,Completed,5901000.0,3.4,False,False
B01592,2022-06-23,2022-08-29,C0199,Family,City Break,,Card,Hội An,1,1474000.0,0.0807855278523951,Completed,1355000.0,4.0,True,False
B02115,2023-02-05,2023-04-13,C0199,Young Professional,Beach,Call Center,Card,TP.HCM,3,3683000.0,0.1454845917254543,Completed,9442000.0,4.8,True,False
B00396,2024-08-03,2024-09-27,C0199,Student,Adventure,Mobile App,Card,Hà Nội,1,0.0,0.127,Completed,3434000.0,4.8,True,False
B01461,2022-04-29,2022-06-09,C0200,Young Professional,Foodie,Agent,Card,Hạ Long,4,2662000.0,0.1135122113325706,Completed,9439000.0,3.7,True,False
B01509,2022-05-20,2022-07-09,C0200,Family,Beach,Mobile App,Card,Hội An,2,4665000.0,0.1732606525688984,Completed,7713000.0,4.4,True,False
B00750,2024-01-19,2024-04-05,C0200,Young Professional,Beach,Mobile App,Bank Transfer,Hội An,1,4921000.0,0.249,Completed,3696000.0,4.3,False,False
B00634,2024-05-08,2024-06-02,C0200,Young Professional,Cultural,Agent,E-wallet,Huế,1,3351000.0,0.085,Completed,3066000.0,3.9,True,False
B02943,2024-01-29,2024-06-03,C0200,Family,Adventure,Agent,E-wallet,Phú Quốc,4,5455000.0,0.1232124182936937,Completed,19132000.0,4.8,True,False
B00211,2024-11-12,2025-01-02,C0200,Young Professional,City Break,Agent,Card,Hội An,2,1411000.0,0.142,Completed,2421000.0,4.7,True,False
B00258,2025-04-15,2025-06-03,C0200,Young Professional,Beach,Website,Card,Phú Quốc,1,3652000.0,0.005,Completed,3634000.0,4.4,True,False
B00876,2025-07-01,2025-08-15,C0200,Young Professional,Beach,Website,Cash,Hạ Long,1,3085000.0,0.106,Completed,2758000.0,4.4,True,False
B04259,2025-08-10,2025-09-28,C0200,Student,Cultural,Website,Cash,Hà Nội,3,2813000.0,0.0890002394821102,Completed,7688000.0,4.6,True,False
B01507,2022-05-19,2022-07-09,C0201,Young Professional,Beach,Call Center,Cash,Đà Lạt,1,3478000.0,0.111551815433777,Completed,3090000.0,3.9,True,False
B01695,2022-08-04,2022-10-14,C0201,Family,Cultural,Agent,Card,Nha Trang,2,3208000.0,0.1044119253502393,Completed,5746000.0,4.6,True,False
B02260,2023-04-13,2023-06-14,C0201,,Foodie,Mobile App,Bank Transfer,Hội An,2,2146000.0,0.1354253452009731,Completed,3711000.0,4.3,True,False
B02482,2023-07-21,2023-09-01,C0201,Family,Adventure,Agent,Card,Đà Nẵng,4,5338000.0,0.0664411262136957,Completed,19933000.0,4.7,True,False
B00606,2024-01-23,2024-02-02,C0201,Family,Family,Mobile App,Card,Phú Quốc,4,4101000.0,0.135,Completed,14189000.0,3.7,False,False
B00731,2024-02-19,2024-04-22,C0201,Family,Beach,Website,Bank Transfer,Phú Quốc,2,5034000.0,0.156,Completed,8497000.0,4.0,True,False
B00187,2024-02-18,2024-05-09,C0202,Corporate,Adventure,Website,Bank Transfer,TP.HCM,2,4867000.0,0.012,Completed,9617000.0,4.2,False,False
B01041,2024-08-27,2024-10-11,C0202,Corporate,Beach,Website,Card,Huế,3,2790000.0,0.057,Completed,7893000.0,3.7,True,False
B00872,2024-10-19,2024-11-05,C0202,Corporate,Foodie,Website,Card,Huế,4,2417000.0,0.075,Completed,8943000.0,3.4,True,False
B00022,2025-08-01,2025-09-25,C0202,Corporate,Beach,Mobile App,Cash,TP.HCM,1,2548000.0,0.128,Completed,2222000.0,4.1,True,False
B00416,2024-02-22,2024-04-10,C0203,Young Professional,Cultural,Agent,E-wallet,Huế,1,2244000.0,0.164,Completed,1876000.0,3.7,False,False
B00683,2024-04-29,2024-05-18,C0203,Young Professional,Beach,Mobile App,Card,Hạ Long,2,3188000.0,0.061,Completed,5987000.0,3.7,True,False
B00615,2024-12-22,2025-03-10,C0203,Young Professional,Family,Agent,Card,Hà Nội,4,2848000.0,0.132,Completed,9888000.0,3.9,True,False
B01115,2025-08-27,2025-09-11,C0203,Young Professional,Cultural,Agent,Cash,Hạ Long,2,2259000.0,0.082,Completed,4148000.0,3.7,True,False
B01188,2025-08-14,2025-09-23,C0203,Young Professional,Cultural,Mobile App,Cash,Phú Quốc,1,2532000.0,0.206,Completed,2010000.0,4.0,True,False
B02022,2022-12-30,2023-02-11,C0206,Young Professional,Family,Agent,Card,Nha Trang,2,3872000.0,0.1109826996460098,Completed,6885000.0,4.4,True,False
B00977,2024-05-25,2024-07-17,C0206,Young Professional,Adventure,Website,Card,Đà Nẵng,2,4507000.0,0.111,Completed,8013000.0,4.7,False,False
B00774,2025-03-07,2025-06-03,C0206,Young Professional,Adventure,Website,Card,Phú Quốc,3,6439000.0,0.0,Completed,19317000.0,3.5,True,False
B01524,2022-05-28,2022-07-17,C0207,Family,Adventure,Agent,Card,Hạ Long,1,6162000.0,0.0983811147481627,Completed,5556000.0,4.7,True,False
B02579,2023-08-29,2023-10-16,C0207,Student,Family,Website,Bank Transfer,Đà Nẵng,1,3535000.0,0.1826939584133833,Completed,2889000.0,3.6,True,False
B02791,2023-11-26,2024-01-20,C0207,Family,Cultural,Mobile App,,TP.HCM,2,2261000.0,0.0771959890915787,Completed,4173000.0,4.1,True,False
B02965,2024-02-06,2024-03-25,C0207,Student,Beach,Call Center,Card,Hạ Long,1,3971000.0,0.0813636773673205,Completed,3648000.0,3.9,True,False
B00469,2024-09-15,2024-10-27,C0207,Student,Cultural,Website,Bank Transfer,Hạ Long,1,2151000.0,0.052,Completed,2039000.0,3.9,False,False
B00404,2024-11-01,2024-11-28,C0207,Student,Foodie,Website,Card,Phú Quốc,1,3320000.0,0.054,Completed,3141000.0,4.6,True,False
B01175,2025-02-07,2025-04-03,C0207,Student,Family,Agent,Bank Transfer,Phú Quốc,5,2345000.0,0.096,Completed,10599000.0,5.0,True,False
B04130,2025-06-25,2025-07-28,C0207,Young Professional,Family,Website,Cash,TP.HCM,3,3390000.0,0.1453964532305997,Completed,8691000.0,4.9,True,False
B01053,2025-07-01,2025-09-07,C0207,Student,Family,Website,Card,Hà Nội,4,2247000.0,0.138,Completed,7748000.0,4.4,True,False
B01391,2022-04-01,2022-05-16,C0208,Corporate,Beach,Mobile App,Cash,Huế,1,3501000.0,0.0968781068418209,Completed,3162000.0,4.0,True,False
B02249,2023-04-09,2023-06-16,C0208,Student,Beach,Website,Card,Hạ Long,4,4336000.0,0.1236082167115255,Completed,15200000.0,3.8,True,False
B02972,2024-02-09,2024-03-11,C0208,Family,Beach,Website,Cash,TP.HCM,3,3551000.0,0.094730653407039,Completed,9644000.0,4.4,True,False
B00956,2024-05-05,2024-07-05,C0208,Family,Beach,Mobile App,Cash,Hà Nội,1,2878000.0,0.0,Completed,2878000.0,4.2,False,False
B00602,2024-11-15,2025-01-04,C0208,Family,Family,Website,Card,Hà Nội,2,3855000.0,0.268,Completed,5644000.0,3.6,True,False
B01375,2022-03-24,2022-05-28,C0209,Family,Foodie,Mobile App,Bank Transfer,Huế,3,2620000.0,0.1164003089723448,Completed,6945000.0,3.3,True,False
B01547,2022-06-07,2022-08-01,C0209,Young Professional,Family,Website,Card,Sa Pa,4,3160000.0,0.109438371968973,Completed,11257000.0,4.4,True,False
B01123,2024-03-29,2024-04-20,C0209,Student,Beach,Agent,Card,Hội An,1,3639000.0,0.087,Completed,3322000.0,4.1,True,False
B00210,2024-03-15,2024-04-28,C0209,Student,Family,Website,Card,Sa Pa,2,2215000.0,0.126,Completed,3872000.0,4.7,False,False
B03431,2024-08-18,2024-10-01,C0209,Young Professional,Adventure,Website,Card,Phú Quốc,3,5140000.0,0.0156753229990273,Completed,15178000.0,4.5,True,False
B01728,2022-08-14,2022-10-07,C0210,Family,Cultural,Website,Bank Transfer,Hạ Long,1,2618000.0,0.1671993051120801,Completed,2180000.0,4.2,True,False
B01970,2022-12-09,2023-01-08,C0210,Young Professional,Cultural,Website,Card,TP.HCM,3,2184000.0,0.1426734559997123,Completed,5617000.0,3.8,True,False
B00398,2024-03-18,2024-05-21,C0210,Young Professional,City Break,Agent,Card,Hà Nội,1,2542000.0,0.086,Completed,2323000.0,4.2,False,False
B03120,2024-04-18,2024-07-25,C0210,Young Professional,Beach,Website,,Đà Lạt,2,3404000.0,0.1142243436474242,Completed,6030000.0,4.6,True,False
B01370,2022-03-21,2022-04-15,C0211,Corporate,Cultural,Website,Bank Transfer,Đà Lạt,1,2709000.0,0.1452327152506553,Completed,2316000.0,3.9,True,False
B01896,2022-11-05,2023-01-03,C0211,Family,City Break,Website,Bank Transfer,Đà Nẵng,1,2446000.0,0.1657217044347205,Completed,2041000.0,3.9,True,False
B00687,2024-07-17,2024-08-07,C0211,Family,Foodie,Website,E-wallet,Đà Lạt,1,3073000.0,0.041,Completed,2947000.0,5.0,False,False
B00845,2024-08-11,2024-09-18,C0211,Family,Cultural,Website,Bank Transfer,Phú Quốc,1,2046000.0,0.013,Completed,2019000.0,4.4,True,False
B00466,2025-02-22,2025-03-13,C0211,Family,Family,Agent,Bank Transfer,Hội An,3,1903000.0,0.117,Completed,5041000.0,4.4,True,False
B01312,2022-02-18,2022-02-18,C0212,Family,Family,Website,Bank Transfer,Đà Lạt,3,3204000.0,0.0788823083787188,Completed,8854000.0,4.9,True,False
B02287,2023-04-21,2023-05-29,C0212,Young Professional,Family,Call Center,Cash,Đà Lạt,3,2590000.0,0.1092822743901509,Completed,6921000.0,4.6,True,False
B03002,2024-02-20,2024-04-09,C0212,Corporate,Family,,Cash,Hà Nội,4,3166000.0,0.1098536310374543,Completed,11273000.0,3.9,True,False
B01106,2024-03-15,2024-05-08,C0212,Family,City Break,Mobile App,Card,Hội An,2,2715000.0,0.152,Completed,4605000.0,4.6,False,False
B00900,2024-05-07,2024-05-30,C0212,Family,Cultural,Website,Bank Transfer,Đà Nẵng,1,3541000.0,0.161,Completed,2971000.0,3.7,True,False
B01100,2024-05-09,2024-06-28,C0212,Family,Cultural,Agent,Card,Sa Pa,2,1653000.0,0.023,Completed,3230000.0,4.4,True,False
B00134,2024-10-22,2025-01-01,C0212,Family,Adventure,Website,Card,Sa Pa,1,5459000.0,0.023,Completed,5333000.0,4.2,True,False
B01030,2025-04-26,2025-05-11,C0212,Family,Cultural,Mobile App,Cash,TP.HCM,3,4350000.0,0.088,Completed,11902000.0,4.6,True,False
B00886,2025-05-02,2025-05-26,C0212,Family,Family,Website,Card,Hạ Long,4,3370000.0,0.053,Completed,12766000.0,3.2,True,False
B00894,2025-06-23,2025-08-07,C0212,Family,Family,Mobile App,Bank Transfer,Hà Nội,3,2992000.0,0.173,Completed,7423000.0,3.6,True,False
B00137,2024-02-29,2024-03-18,C0213,Student,Adventure,Website,Card,Hà Nội,2,4188000.0,0.16,Completed,7036000.0,5.0,True,False
B00136,2024-05-20,2024-07-30,C0213,Student,City Break,Website,E-wallet,Đà Lạt,2,2876000.0,0.091,Completed,5229000.0,4.0,True,False
B00933,2024-08-13,2024-10-10,C0213,Student,Cultural,Website,Cash,TP.HCM,2,2409000.0,0.027,Completed,4688000.0,4.1,True,False
B00663,2024-05-22,2024-06-18,C0214,Family,Adventure,Mobile App,Card,Hội An,3,3720000.0,0.111,Completed,9921000.0,4.7,False,False
B01491,2022-05-07,2022-07-14,C0215,Corporate,Beach,Website,Cash,Đà Nẵng,2,4770000.0,0.1044188833243184,Completed,8544000.0,5.0,True,False
B00700,2025-01-21,2025-02-27,C0215,Family,Family,Agent,Card,Hà Nội,3,2673000.0,0.114,Completed,7105000.0,4.5,False,False
B00755,2025-03-13,2025-03-28,C0215,Family,Adventure,Mobile App,Bank Transfer,Nha Trang,1,5840000.0,0.124,Completed,5116000.0,3.6,True,False
B01250,2022-01-23,2022-03-16,C0216,Corporate,Family,Mobile App,E-wallet,Sa Pa,1,3085000.0,0.1360358855283565,Completed,2665000.0,4.0,True,False
B01543,2022-06-05,2022-08-12,C0216,Corporate,Cultural,Agent,Card,Hà Nội,1,2850000.0,0.0434602557590394,Completed,2726000.0,4.3,True,False
B01156,2024-01-02,2024-01-26,C0216,Family,Cultural,Agent,Bank Transfer,Hạ Long,2,1763000.0,0.231,Completed,2711000.0,4.1,False,False
B00869,2024-05-31,2024-06-20,C0216,Family,Adventure,Website,Card,Hạ Long,1,4667000.0,0.01,Completed,4620000.0,4.5,True,False
B00425,2024-05-28,2024-07-14,C0216,Family,Cultural,Website,Bank Transfer,Hạ Long,3,1786000.0,-0.2,Completed,5031000.0,4.9,True,False
B00071,2025-04-24,2025-05-26,C0216,Family,Foodie,Website,Card,TP.HCM,4,3063000.0,0.124,Completed,10733000.0,5.0,True,False
B02162,2023-02-22,2023-02-22,C0217,Corporate,City Break,Agent,Card,Đà Lạt,1,2448000.0,0.1092561651921006,Completed,2181000.0,4.0,True,False
B00181,2024-02-04,2024-04-30,C0217,Student,Adventure,Mobile App,E-wallet,TP.HCM,1,5820000.0,0.04,Completed,5587000.0,4.1,False,False
B00417,2024-05-18,2024-08-04,C0217,Student,Adventure,Website,E-wallet,Hội An,1,5325000.0,0.118,Completed,4697000.0,3.9,True,False
B00824,2024-12-10,2025-02-07,C0217,Student,Cultural,Website,Card,TP.HCM,1,2088000.0,0.092,Completed,1896000.0,4.6,True,False
B00414,2025-05-09,2025-06-26,C0217,Student,Family,Mobile App,Card,Nha Trang,5,4535000.0,0.089,Completed,20657000.0,4.2,True,False
B01473,2022-05-03,2022-06-02,C0218,Family,Cultural,Mobile App,Cash,Huế,2,2437000.0,0.1538272575595705,Completed,4124000.0,3.9,True,False
B01759,2022-08-25,2022-10-19,C0218,Student,Cultural,Website,E-wallet,Đà Nẵng,2,2930000.0,0.139458791122301,Completed,5043000.0,4.2,True,False
B01801,2022-09-10,2022-11-15,C0218,Young Professional,Family,Website,Card,Đà Nẵng,1,3384000.0,0.1210518701010147,Completed,2974000.0,4.6,True,False
B00569,2024-01-01,2024-02-22,C0218,Student,Foodie,Agent,Card,Hà Nội,2,1949000.0,0.054,Completed,3688000.0,4.0,False,False
B00004,2024-01-23,2024-04-02,C0218,Student,Beach,Mobile App,Card,Hạ Long,4,4277000.0,0.103,Completed,15346000.0,4.3,True,False
B00661,2024-11-26,2025-02-15,C0218,Student,Beach,Website,Cash,Hội An,1,4236000.0,0.04,Completed,4067000.0,4.2,True,False
B01071,2024-02-16,2024-04-09,C0219,Corporate,Cultural,Mobile App,Card,Hội An,2,2598000.0,0.103,Completed,4661000.0,4.6,False,False
B00982,2025-04-21,2025-05-11,C0219,Corporate,Foodie,Website,Cash,TP.HCM,4,2717000.0,0.074,Completed,10064000.0,4.9,True,False
B01279,2022-02-04,2022-05-14,C0220,Corporate,Beach,Website,Card,TP.HCM,1,3730000.0,0.075616169924575,Completed,3448000.0,5.0,True,False
B00097,2024-04-08,2024-06-01,C0220,Young Professional,Beach,Agent,Cash,Phú Quốc,2,3254000.0,0.026,Completed,6339000.0,4.3,False,False
B00312,2024-11-10,2025-01-19,C0220,Young Professional,Family,Website,Bank Transfer,Hà Nội,4,3806000.0,0.173,Completed,12590000.0,4.0,True,False
B00627,2025-01-30,2025-02-28,C0220,Young Professional,Cultural,Website,Bank Transfer,Nha Trang,1,2334000.0,-0.2,Completed,1919000.0,4.0,True,False
B00792,2025-07-13,2025-09-25,C0220,Young Professional,City Break,Website,Cash,Huế,1,1933000.0,0.265,Completed,1421000.0,4.3,True,False
B02118,2023-02-05,2023-02-21,C0221,Student,Adventure,Website,Card,Hội An,4,4594000.0,0.1266006676372483,Completed,16050000.0,3.5,True,False
B00697,2024-04-05,2024-05-31,C0221,Young Professional,Cultural,Agent,Card,Đà Lạt,4,2288000.0,0.148,Completed,7798000.0,4.6,False,False
B01286,2022-02-06,2022-02-13,C0222,Corporate,Beach,Agent,Card,Hội An,3,4052000.0,0.1033277228412691,Completed,10900000.0,4.6,True,False
B00488,2024-02-22,2024-05-18,C0222,Young Professional,Beach,Website,Bank Transfer,Sa Pa,4,4246000.0,0.114,Completed,15048000.0,4.1,False,False
B00979,2024-03-25,2024-05-22,C0222,Young Professional,Beach,Agent,Card,Phú Quốc,4,4257000.0,0.147,Completed,14525000.0,4.0,True,False
B01130,2024-04-05,2024-06-03,C0222,Young Professional,Cultural,Website,Cash,TP.HCM,2,2206000.0,0.053,Completed,4178000.0,3.2,True,False
B00498,2024-07-03,2024-08-22,C0222,Young Professional,Foodie,Website,Card,Nha Trang,2,2791000.0,0.046,Completed,5325000.0,4.3,True,False
B00120,2024-09-13,2024-10-20,C0222,Young Professional,Beach,Website,Cash,TP.HCM,3,3079000.0,0.188,Completed,7500000.0,4.0,True,False
B00533,2024-10-07,2024-12-15,C0222,Young Professional,City Break,Mobile App,Card,Huế,4,2592000.0,0.064,Completed,9704000.0,4.0,True,False
B00299,2025-04-08,2025-04-21,C0222,Young Professional,Adventure,Agent,Card,Nha Trang,3,3934000.0,0.095,Completed,10681000.0,5.0,True,False
B00025,2025-06-11,2025-08-07,C0222,Young Professional,Cultural,Website,Bank Transfer,Hà Nội,3,2594000.0,0.148,Completed,6630000.0,5.0,True,False
B02010,2022-12-24,2023-02-04,C0223,Young Professional,Family,Website,Card,TP.HCM,4,3436000.0,0.1165888124314043,Completed,12142000.0,5.0,True,False
B02114,2023-02-05,2023-04-12,C0223,Young Professional,Cultural,Agent,Card,Đà Nẵng,5,2857000.0,0.0657968082742515,Completed,13345000.0,4.3,True,False
B03772,2025-01-17,2025-02-12,C0223,Young Professional,Adventure,Website,E-wallet,TP.HCM,3,5041000.0,0.1218696573696407,Completed,13280000.0,4.2,True,False
B00912,2025-07-06,2025-08-26,C0223,Family,Foodie,Website,Card,Phú Quốc,1,3562000.0,0.058,Completed,3355000.0,5.0,True,False
B00818,2025-06-28,2025-09-09,C0223,Family,Beach,Website,Cash,TP.HCM,2,4599000.0,0.152,Completed,7800000.0,4.1,False,False
B00406,2025-09-05,2025-11-26,C0223,Family,Cultural,Website,Card,Hà Nội,1,1825000.0,0.209,Completed,1444000.0,3.5,True,False
B02559,2023-08-22,2023-10-31,C0224,Family,Beach,Mobile App,Bank Transfer,Huế,1,3340000.0,0.0391960941819051,Completed,3209000.0,4.6,True,False
B00238,2024-04-13,2024-04-27,C0224,Corporate,Beach,Website,Cash,Đà Lạt,2,3834000.0,0.064,Completed,7177000.0,3.6,True,False
B00256,2024-02-19,2024-05-03,C0224,Corporate,Beach,Mobile App,E-wallet,Phú Quốc,2,3637000.0,0.094,Completed,6590000.0,4.8,False,False
B01032,2024-05-08,2024-06-25,C0224,Corporate,Adventure,Mobile App,Cash,Nha Trang,1,4689000.0,0.035,Completed,4525000.0,4.6,True,False
B00657,2024-12-09,2024-12-29,C0224,Corporate,Cultural,Mobile App,Card,Hội An,1,2502000.0,0.037,Completed,2409000.0,5.0,True,False
B00984,2025-06-30,2025-07-26,C0224,Corporate,Family,Mobile App,Card,Huế,3,3108000.0,0.046,Completed,8895000.0,3.8,True,False
B01693,2022-08-03,2022-09-24,C0226,,Adventure,Agent,Cash,Phú Quốc,2,5082000.0,0.0955025384732203,Completed,9193000.0,4.2,True,False
B02611,2023-09-15,2023-11-02,C0226,Student,Beach,Website,Bank Transfer,Nha Trang,3,4174000.0,,Completed,10469000.0,5.0,True,False
B00105,2024-03-21,2024-04-29,C0226,Corporate,Cultural,Website,Bank Transfer,Hà Nội,1,2233000.0,0.011,Completed,2208000.0,4.7,False,False
B00857,2024-10-19,2024-12-21,C0226,Corporate,Cultural,Website,Card,Phú Quốc,2,1909000.0,0.054,Completed,3612000.0,4.8,True,False
B01212,2022-01-06,2022-02-14,C0227,Corporate,City Break,Website,Card,Huế,1,2154000.0,0.0482522143605384,Completed,2050000.0,4.8,True,False
B02664,2023-10-06,2023-12-28,C0227,Family,Beach,Agent,Card,Nha Trang,3,4606000.0,0.1039103433691404,Completed,12382000.0,5.0,True,False
B00439,2024-01-06,2024-01-22,C0227,Student,Beach,Website,Cash,Đà Nẵng,2,5012000.0,0.061,Completed,9413000.0,4.9,False,False
B03653,2024-11-19,2025-01-09,C0227,Young Professional,Beach,Website,Card,Đà Lạt,2,3108000.0,0.1244414234962628,Completed,5442000.0,4.7,True,False
B00227,2025-07-30,2025-10-03,C0227,Student,Beach,Website,Bank Transfer,Hà Nội,2,4671000.0,0.083,Completed,8567000.0,3.7,True,False
B00397,2024-01-03,2024-03-04,C0228,Family,Beach,Website,Card,Nha Trang,1,4840000.0,0.143,Completed,4148000.0,3.6,False,False
B00739,2024-03-11,2024-04-21,C0228,Family,Cultural,Agent,Bank Transfer,Hạ Long,3,2873000.0,0.219,Completed,6731000.0,4.0,True,False
B00791,2024-12-22,2025-03-16,C0228,Family,Cultural,Mobile App,Cash,TP.HCM,1,3161000.0,0.11,Completed,2813000.0,4.2,True,False
B00101,2025-03-06,2025-05-11,C0228,Family,Beach,Mobile App,Bank Transfer,TP.HCM,2,3480000.0,0.098,Completed,6278000.0,5.0,True,False
B00783,2025-07-29,2025-08-18,C0228,Family,Cultural,Mobile App,Card,Hội An,4,3345000.0,0.044,Completed,12791000.0,4.5,True,False
B02659,2023-10-05,2023-11-15,C0229,Young Professional,Family,Website,Bank Transfer,TP.HCM,1,3261000.0,0.0886843788426456,Completed,2972000.0,3.6,True,False
B00701,2024-10-23,2024-11-17,C0229,Family,Foodie,Website,Bank Transfer,Nha Trang,3,2790000.0,0.1,Completed,7533000.0,4.4,False,False
B00621,2025-05-07,2025-06-21,C0229,Family,City Break,Website,Bank Transfer,Hội An,1,2071000.0,0.096,Completed,1872000.0,4.4,True,False
B02379,2023-06-05,2023-07-31,C0230,Family,Cultural,Website,Cash,Hạ Long,3,3034000.0,0.111693506435886,Completed,8085000.0,3.8,True,False
B00856,2025-03-01,2025-04-23,C0230,Student,Foodie,Agent,Card,Đà Lạt,1,1672000.0,0.102,Completed,1501000.0,3.7,True,False
B00392,2025-04-02,2025-05-24,C0230,Student,City Break,Website,E-wallet,Hạ Long,2,3177000.0,0.185,Completed,5179000.0,4.0,True,False
B03948,2025-04-16,2025-06-23,C0230,Young Professional,Beach,,Cash,Hội An,1,4259000.0,0.1097057473393258,Completed,3792000.0,4.4,True,False
B00889,2024-10-03,2024-10-28,C0231,Student,Beach,Website,Card,Nha Trang,2,5068000.0,0.165,Completed,8464000.0,3.8,False,False
B00583,2025-01-01,2025-01-19,C0231,Student,Beach,Mobile App,Card,Sa Pa,1,3088000.0,0.081,Completed,2838000.0,3.7,True,False
B00237,2025-03-19,2025-04-15,C0231,Student,Family,Mobile App,Card,Sa Pa,3,3824000.0,0.08,Completed,10554000.0,4.3,True,False
B00588,2025-07-16,2025-07-26,C0231,Student,Family,Website,Card,Huế,4,2938000.0,0.044,Completed,11235000.0,4.3,True,False
B01113,2024-02-14,2024-03-10,C0232,Young Professional,Beach,Website,E-wallet,Nha Trang,2,5098000.0,0.094,Completed,9238000.0,4.7,False,False
B02973,2024-02-09,2024-03-28,C0232,Family,Family,Website,Card,Đà Lạt,4,3003000.0,0.1000256360289439,Completed,10810000.0,4.0,True,False
B00674,2024-07-25,2024-09-15,C0232,Young Professional,Family,Website,Card,Nha Trang,4,4630000.0,0.029,Completed,17983000.0,3.7,True,False
B03549,2024-10-06,2024-11-17,C0232,Corporate,Beach,Website,Card,Hội An,3,3900000.0,0.0409137549068404,Completed,11221000.0,4.5,True,False
B02602,2023-09-11,2023-10-15,C0233,Student,Family,Mobile App,Bank Transfer,Hội An,3,2521000.0,0.0772729377781302,Completed,6979000.0,5.0,True,False
B03013,2024-02-27,2024-04-18,C0233,Corporate,City Break,Mobile App,Cash,Hà Nội,2,2719000.0,0.1459596803291153,Completed,4644000.0,4.1,True,False
B00546,2024-05-26,2024-07-19,C0233,Corporate,Foodie,Website,Card,Hội An,2,1504000.0,0.097,Completed,2716000.0,3.9,False,False
B00957,2025-08-30,2025-10-03,C0233,Corporate,City Break,Mobile App,Cash,Đà Lạt,1,1451000.0,0.133,Completed,1258000.0,5.0,True,False
B01256,2022-01-25,2022-04-01,C0235,Family,Foodie,Website,,Đà Nẵng,4,2722000.0,0.0179966052627849,Completed,10692000.0,5.0,True,False
B01931,2022-11-20,2023-02-03,C0235,Young Professional,Beach,Mobile App,,Hà Nội,1,4494000.0,0.1196894790790789,Completed,3956000.0,4.2,True,False
B02707,2023-10-24,2023-11-17,C0235,Family,Cultural,Website,Bank Transfer,Hà Nội,3,2526000.0,0.1309273660744607,Completed,6586000.0,4.2,True,False
B00421,2024-06-14,2024-07-21,C0235,Corporate,Family,Website,Card,Phú Quốc,3,3913000.0,0.034,Completed,11340000.0,3.9,False,False
B01131,2025-05-31,2025-07-30,C0235,Corporate,Beach,Agent,Cash,Đà Lạt,2,2836000.0,0.026,Completed,5525000.0,3.4,True,False
B00520,2024-08-15,2024-10-11,C0236,Family,Adventure,Mobile App,Card,Hạ Long,1,5820000.0,0.082,Completed,5343000.0,4.0,False,False
B00603,2025-08-05,2025-08-31,C0236,Family,Beach,Website,E-wallet,Hạ Long,1,3245000.0,0.09,Completed,2953000.0,4.4,True,False
B01299,2022-02-12,2022-03-14,C0237,Young Professional,Family,Website,Bank Transfer,Sa Pa,4,3194000.0,0.1270865970125423,Completed,11152000.0,5.0,True,False
B02861,2023-12-25,2024-03-20,C0237,Young Professional,City Break,Website,E-wallet,Phú Quốc,4,2023000.0,0.132621375571365,Completed,7019000.0,3.9,True,False
B00923,2024-01-07,2024-04-04,C0237,Young Professional,Foodie,Website,Cash,Đà Nẵng,3,3628000.0,0.75,Completed,8968000.0,4.5,False,False
B00208,2025-01-09,2025-02-02,C0237,Young Professional,Family,Website,Card,Hạ Long,3,3897000.0,0.118,Completed,10311000.0,3.8,True,False
B01144,2025-04-12,2025-04-26,C0237,Young Professional,Adventure,Mobile App,Card,Nha Trang,1,5966000.0,0.065,Completed,5578000.0,3.6,True,False
B01396,2022-04-03,2022-05-19,C0238,Family,Adventure,Agent,Bank Transfer,Huế,1,4503000.0,0.0415887913837795,Completed,4316000.0,4.3,True,False
B01112,2025-01-13,2025-02-10,C0238,Family,Cultural,Website,Cash,Nha Trang,2,2868000.0,0.194,Completed,4623000.0,4.1,True,False
B00019,2025-02-20,2025-04-02,C0238,Family,Beach,Website,Card,TP.HCM,1,2612000.0,0.089,Completed,2380000.0,3.1,True,False
B03131,2024-04-21,2024-06-22,C0239,Corporate,Adventure,Website,Bank Transfer,Sa Pa,3,4676000.0,0.174468550259702,Completed,11581000.0,3.7,True,False
B00651,2024-06-20,2024-08-28,C0239,Student,Family,Mobile App,E-wallet,Đà Lạt,2,3591000.0,0.042,Completed,6880000.0,3.7,False,False
B00354,2025-03-13,2025-04-09,C0239,Student,City Break,Agent,Card,Đà Nẵng,3,1875000.0,0.141,Completed,4832000.0,4.4,True,False
B00444,2025-05-13,2025-06-17,C0240,Student,Cultural,Website,Card,Hội An,2,2987000.0,0.044,Completed,5711000.0,3.6,False,False
B00686,2024-01-30,2024-03-30,C0241,Family,Family,Website,Card,Hạ Long,3,3625000.0,0.146,Completed,9287000.0,3.9,False,False
B00946,2024-05-31,2024-08-01,C0241,Family,Family,Agent,Cash,Sa Pa,4,2264000.0,0.125,Completed,7924000.0,4.4,True,False
B03719,2024-12-23,2025-02-12,C0241,Student,Beach,Website,Bank Transfer,Đà Nẵng,1,5021000.0,0.0540238452956744,Completed,4750000.0,3.1,True,False
B03991,2025-05-03,2025-05-20,C0241,Student,Beach,Website,Bank Transfer,Hội An,1,3947000.0,0.1142738783189503,Completed,3496000.0,4.4,True,False
B01423,2022-04-14,2022-06-07,C0242,Student,City Break,Mobile App,Bank Transfer,Nha Trang,4,2574000.0,,Completed,9079000.0,4.0,True,False
B02513,2023-08-03,2023-09-11,C0242,Young Professional,Adventure,Mobile App,Card,Hội An,1,4834000.0,0.1158092136424584,Completed,4274000.0,4.6,True,False
B00643,2024-06-29,2024-08-09,C0242,Family,Cultural,Website,Card,Phú Quốc,3,2651000.0,0.081,Completed,7309000.0,4.4,False,False
B02520,2023-08-08,2023-09-16,C0243,Corporate,Beach,Website,Card,Hội An,1,4112000.0,0.0167566478794405,Completed,4043000.0,4.2,True,False
B01125,2025-05-23,2025-06-12,C0243,Young Professional,Adventure,Agent,Card,Đà Nẵng,2,5398000.0,0.136,Completed,9328000.0,4.6,False,False
B01613,2022-07-02,2022-08-05,C0244,Family,Beach,Website,Bank Transfer,Phú Quốc,1,4478000.0,0.1576261916195883,Completed,3772000.0,4.1,True,False
B01664,2022-07-24,2022-09-05,C0244,Student,Beach,Website,Bank Transfer,Sa Pa,1,4137000.0,0.083899344334991,Completed,3790000.0,4.4,True,False
B02598,2023-09-08,2023-10-26,C0244,Family,Beach,Website,Cash,Hội An,1,4112000.0,0.1075304776054289,Completed,3670000.0,4.1,True,False
B00272,2024-05-25,2024-06-09,C0244,Young Professional,Cultural,Website,Card,Đà Lạt,1,2215000.0,0.057,Completed,2089000.0,4.7,False,False
B01770,2022-08-27,2022-10-08,C0245,Student,Adventure,Website,Card,Hạ Long,1,5635000.0,0.1061746948517313,Completed,5037000.0,4.0,True,False
B00511,2024-02-07,2024-04-10,C0245,Family,Beach,Website,Cash,Hà Nội,2,4775000.0,0.057,Completed,9006000.0,4.0,False,False
B00482,2024-06-20,2024-07-03,C0245,Family,Adventure,Mobile App,Card,Hà Nội,2,4252000.0,0.064,Completed,7960000.0,4.0,True,False
B00138,2024-12-22,2025-02-08,C0245,Family,Adventure,Website,Bank Transfer,TP.HCM,2,4083000.0,0.174,Completed,6745000.0,4.5,True,False
B01136,2024-02-01,2024-03-27,C0246,Corporate,Cultural,Website,Cash,Hà Nội,2,2069000.0,0.126,Completed,3617000.0,4.5,False,False
B04103,2025-06-13,2025-08-15,C0246,Young Professional,Cultural,Website,Bank Transfer,Phú Quốc,2,2586000.0,,Completed,4403000.0,4.5,True,False
B01195,2025-09-06,2025-11-01,C0246,Corporate,Cultural,Mobile App,Card,Phú Quốc,1,2357000.0,0.135,Completed,2039000.0,5.0,True,False
B01842,2022-10-01,2022-11-11,C0247,Student,Foodie,,Card,Đà Nẵng,3,2597000.0,0.0482500381943448,Completed,7415000.0,4.2,True,False
B01843,2022-10-01,2022-11-12,C0247,Young Professional,Cultural,Website,Bank Transfer,TP.HCM,1,2412000.0,0.0645032790087036,Completed,2256000.0,4.3,True,False
B02999,2024-02-20,2024-03-27,C0247,Family,Cultural,Mobile App,Card,TP.HCM,2,2272000.0,0.0898173293647715,Completed,4136000.0,3.2,True,False
B01172,2024-09-01,2024-10-03,C0247,Family,Family,Mobile App,Card,Nha Trang,3,3826000.0,0.222,Completed,8930000.0,3.7,False,False
B03627,2024-11-08,2024-12-28,C0247,Family,Family,Website,Card,Phú Quốc,4,3537000.0,0.113075739412553,Completed,12548000.0,4.1,True,False
B03986,2025-05-02,2025-06-02,C0247,Young Professional,Adventure,Website,Card,Đà Nẵng,2,5889000.0,0.1175219542208476,Completed,10394000.0,4.8,True,False
B04285,2025-08-22,2025-08-29,C0247,Family,Beach,Mobile App,Card,Sa Pa,5,4324000.0,0.0634306854620723,Completed,20249000.0,3.4,True,False
B04351,2025-09-16,2025-11-09,C0247,Family,Family,Website,Bank Transfer,Hạ Long,3,3533000.0,0.1228291320791685,Completed,9297000.0,3.9,True,False
B01627,2022-07-08,2022-09-03,C0248,Corporate,Family,Mobile App,Card,Hạ Long,1,3735000.0,0.0548485570306243,Completed,3530000.0,4.1,True,False
B00427,2024-02-04,2024-03-09,C0248,Young Professional,Family,Mobile App,Bank Transfer,Hà Nội,4,2327000.0,0.197,Completed,7474000.0,4.5,False,False
B03021,2024-02-29,2024-05-26,C0248,Student,Foodie,Website,Card,Đà Nẵng,1,2504000.0,0.131991902854886,Completed,2173000.0,5.0,True,False
B00729,2025-07-20,2025-09-06,C0248,Young Professional,Foodie,Agent,Card,Đà Lạt,1,2805000.0,0.13,Completed,2440000.0,4.8,True,False
B01213,2022-01-07,2022-02-07,C0250,Young Professional,Beach,Agent,Card,Hà Nội,1,4480000.0,0.0913587517313096,Completed,4071000.0,4.0,True,False
B01916,2022-11-12,2023-01-15,C0250,Student,Beach,Agent,Card,Hội An,2,4225000.0,0.0219268038206871,Completed,8265000.0,5.0,True,False
B02488,2023-07-26,2023-08-12,C0250,Young Professional,Adventure,Mobile App,Card,TP.HCM,1,5506000.0,0.0833237972680782,Completed,5047000.0,4.8,True,False
B03160,2024-05-04,2024-06-09,C0250,Corporate,Beach,Website,Cash,Đà Lạt,1,3189000.0,0.0785422696595277,Completed,2939000.0,4.8,True,False
B00820,2024-06-07,2024-07-23,C0250,Young Professional,Family,Website,Bank Transfer,Hạ Long,2,4097000.0,0.052,Completed,7768000.0,3.4,False,False
B00585,2024-06-08,2024-08-31,C0250,Young Professional,Beach,Website,Bank Transfer,TP.HCM,2,2778000.0,0.0,Completed,5556000.0,4.7,True,False
B00715,2024-10-12,2025-01-10,C0250,Young Professional,Family,Mobile App,Card,Hạ Long,5,4223000.0,0.136,Completed,18243000.0,4.5,True,False
B02554,2023-08-20,2023-10-19,C0251,Young Professional,Foodie,Website,Bank Transfer,TP.HCM,2,2396000.0,0.1084374690999507,Completed,4272000.0,4.0,True,False
B03185,2024-05-13,2024-07-13,C0251,Corporate,Foodie,Agent,Cash,Hội An,1,2115000.0,0.0668881275960757,Completed,1974000.0,4.2,True,False
B00175,2024-11-19,2024-12-08,C0251,Family,Adventure,Agent,Cash,Hội An,1,4991000.0,0.016,Completed,4911000.0,4.4,False,False
B03903,2025-03-23,2025-06-07,C0251,Student,Family,Website,Card,Hạ Long,1,3581000.0,0.086725406694988,Completed,3270000.0,4.7,True,False
B01694,2022-08-03,2022-09-12,C0252,Student,Beach,Mobile App,Card,Huế,4,3436000.0,0.0670611161043729,Completed,12822000.0,4.8,True,False
B01025,2025-06-04,2025-08-10,C0252,Corporate,Beach,Website,Card,Sa Pa,3,4648000.0,0.015,Completed,13735000.0,4.2,True,False
B01150,2025-07-29,2025-10-14,C0252,Corporate,Cultural,Agent,Card,Phú Quốc,1,3419000.0,0.224,Completed,2653000.0,4.6,True,False
B02245,2023-04-07,2023-05-25,C0253,Student,Foodie,Website,Bank Transfer,TP.HCM,4,2443000.0,0.0833141422408095,Completed,8958000.0,4.6,True,False
B00063,2024-05-16,2024-06-08,C0253,Young Professional,Cultural,Website,Card,Đà Nẵng,1,2279000.0,0.058,Completed,2147000.0,4.3,False,False
B03461,2024-08-31,2024-09-13,C0253,Student,Family,Mobile App,Card,Nha Trang,3,3717000.0,0.1257410259575635,Completed,9749000.0,4.1,True,False
B00838,2024-09-18,2024-12-12,C0253,Young Professional,Beach,Website,Card,Phú Quốc,3,5423000.0,0.073,Completed,15081000.0,4.3,True,False
B00408,2024-10-16,2024-12-17,C0253,Young Professional,Cultural,Website,E-wallet,Phú Quốc,2,1831000.0,0.1,Completed,3296000.0,4.2,True,False
B00183,2025-06-25,2025-07-07,C0253,Young Professional,Family,Website,Bank Transfer,TP.HCM,4,3987000.0,0.0,Completed,15948000.0,4.6,True,False
B01579,2022-06-18,2022-07-03,C0254,Student,Beach,Call Center,Card,Hà Nội,2,4618000.0,0.068522588968125,Completed,8603000.0,4.7,True,False
B02893,2024-01-06,2024-03-08,C0254,Family,Adventure,Website,Bank Transfer,Phú Quốc,1,5611000.0,0.0493966254758558,Completed,5334000.0,4.4,True,False
B00636,2024-07-07,2024-09-03,C0254,Young Professional,Foodie,Website,Card,Nha Trang,1,2489000.0,0.115,Completed,2203000.0,4.4,False,False
B01019,2024-11-22,2025-01-02,C0254,Young Professional,Cultural,Agent,Card,Đà Nẵng,3,3682000.0,0.112,Completed,9809000.0,3.7,True,False
B00107,2025-08-29,2025-09-22,C0254,Young Professional,Beach,Website,Card,Phú Quốc,2,4430000.0,0.102,Completed,7956000.0,4.1,True,False
B01803,2022-09-10,2022-11-20,C0255,,Family,Website,Card,Phú Quốc,1,3362000.0,0.0931861823940028,Completed,3049000.0,4.2,True,False
B02773,2023-11-19,2023-12-17,C0255,Student,Cultural,Website,E-wallet,Huế,2,2169000.0,0.085457162075181,Completed,3967000.0,4.6,True,False
B02786,2023-11-25,2024-01-22,C0255,Family,Beach,Agent,Card,Phú Quốc,2,4068000.0,0.0805012952389731,Completed,7481000.0,4.4,True,False
B00570,2024-06-25,2024-09-09,C0255,Young Professional,Cultural,Website,Cash,Đà Lạt,3,2484000.0,0.161,Completed,6252000.0,3.3,False,False
B00993,2025-01-01,2025-02-25,C0255,Young Professional,City Break,Website,Cash,Đà Lạt,2,2300000.0,0.225,Completed,3565000.0,5.0,True,False
B00196,2025-04-07,2025-06-20,C0255,Young Professional,Beach,Website,E-wallet,Hội An,2,5057000.0,0.034,Completed,9770000.0,5.0,True,False
B00970,2025-08-20,2025-11-03,C0255,Young Professional,Cultural,Website,Card,Hạ Long,1,2038000.0,0.13,Completed,1773000.0,4.3,True,False
B01270,2022-01-29,2022-02-16,C0256,Student,Beach,Agent,Card,TP.HCM,3,4024000.0,0.0957037569456313,Completed,10917000.0,4.0,True,False
B01516,2022-05-23,2022-07-07,C0256,Young Professional,Cultural,Agent,Cash,Phú Quốc,3,2648000.0,0.0462313976964124,Completed,7577000.0,4.4,True,False
B00655,2024-09-12,2024-12-06,C0256,Family,Beach,Mobile App,Card,Đà Nẵng,1,3206000.0,0.081,Completed,2946000.0,3.2,False,False
B00373,2024-10-14,2025-01-07,C0256,Family,Beach,Mobile App,Bank Transfer,Sa Pa,4,3884000.0,0.231,Completed,11947000.0,4.3,True,False
B01111,2025-07-24,2025-09-29,C0256,Family,Foodie,Call Center,Bank Transfer,Hà Nội,1,1634000.0,0.106,Completed,1461000.0,3.9,True,False
B01225,2022-01-13,2022-05-04,C0257,Student,Beach,Website,Bank Transfer,Phú Quốc,2,4057000.0,0.069076706858312,Completed,7554000.0,4.6,True,False
B01754,2022-08-23,2022-10-13,C0257,Student,Adventure,Agent,Card,Nha Trang,1,4842000.0,0.0559245138029774,Completed,4571000.0,3.9,True,False
B02050,2023-01-10,2023-03-19,C0257,Young Professional,Cultural,Website,E-wallet,Nha Trang,2,3156000.0,0.1217431832094857,Completed,5544000.0,3.8,True,False
B00624,2024-02-01,2024-03-22,C0257,Family,Cultural,Website,Bank Transfer,Phú Quốc,3,3788000.0,0.048,Completed,10819000.0,4.4,False,False
B03023,2024-03-02,2024-05-04,C0257,Corporate,Beach,Website,Card,Hạ Long,1,4171000.0,0.0423091801402537,Completed,3995000.0,4.2,True,False
B00362,2024-10-24,2024-12-18,C0257,Family,City Break,Website,Card,Hội An,2,2387000.0,0.101,Completed,4292000.0,4.4,True,False
B03878,2025-03-08,2025-05-03,C0257,Young Professional,Beach,Website,Bank Transfer,Phú Quốc,3,3840000.0,0.0863895411143495,Completed,10525000.0,4.0,True,False
B00185,2025-05-27,2025-07-08,C0257,Family,City Break,Agent,Bank Transfer,TP.HCM,4,2262000.0,0.047,Completed,8623000.0,4.4,True,False
B00680,2024-10-14,2024-11-06,C0258,Student,Cultural,Website,Card,Sa Pa,3,2891000.0,0.29,Completed,6158000.0,4.7,False,False
B00091,2024-11-30,2025-02-06,C0258,Student,Foodie,Website,Card,Đà Nẵng,1,3244000.0,0.25,Completed,2433000.0,3.8,True,False
B03915,2025-03-29,2025-06-11,C0258,Corporate,Cultural,Agent,Card,Hạ Long,1,2645000.0,0.0951150380168765,Completed,2393000.0,4.4,True,False
B04251,2025-08-05,2025-09-24,C0258,Young Professional,Beach,Mobile App,Bank Transfer,Hội An,2,4511000.0,0.1191471576657554,Completed,7947000.0,4.6,True,False
B00988,2025-09-05,2025-11-14,C0258,Student,Beach,Agent,Card,Đà Lạt,4,3796000.0,0.133,Completed,13165000.0,4.6,True,False
B00177,2024-08-27,2024-10-12,C0259,Student,Cultural,Website,Card,Hà Nội,3,2464000.0,0.147,Completed,6305000.0,5.0,False,False
B00798,2025-01-22,2025-04-14,C0259,Student,Beach,Agent,Card,Đà Nẵng,3,3375000.0,0.079,Completed,9325000.0,3.9,True,False
B00682,2025-03-19,2025-05-22,C0259,Student,Foodie,Website,E-wallet,TP.HCM,1,2719000.0,0.75,Completed,2404000.0,3.6,True,False
B01533,2022-06-01,2022-07-26,C0260,Young Professional,Beach,Website,Bank Transfer,Nha Trang,2,4704000.0,0.1468847880523731,Completed,8026000.0,4.4,True,False
B02843,2023-12-17,2024-02-11,C0260,Student,Adventure,Website,Bank Transfer,Hạ Long,1,6469000.0,0.0926311665465952,Completed,5870000.0,4.5,True,False
B00369,2024-06-26,2024-08-12,C0260,Family,Adventure,Mobile App,Card,Hội An,2,5624000.0,0.056,Completed,10618000.0,3.4,False,False
B00104,2024-10-22,2024-12-20,C0260,Family,Beach,Agent,Card,Sa Pa,2,4953000.0,0.02,Completed,9708000.0,4.5,True,False
B04104,2025-06-13,2025-07-01,C0260,Young Professional,City Break,Website,Cash,Hội An,2,1638000.0,0.1083526260954843,Completed,2921000.0,4.7,True,False
B04231,2025-07-26,2025-10-01,C0260,Corporate,Beach,Website,Cash,Đà Lạt,3,3270000.0,0.1670354322878886,Completed,8171000.0,4.7,True,False
B00730,2025-09-05,2025-12-01,C0260,Family,City Break,Agent,Cash,Huế,3,1457000.0,0.096,Completed,3951000.0,4.7,True,False
B01612,2022-07-01,2022-07-24,C0261,,Adventure,,Card,Hà Nội,2,5115000.0,0.1552973738549939,Completed,8641000.0,4.8,True,False
B03241,2024-06-06,2024-07-23,C0261,Student,Cultural,Mobile App,Cash,Nha Trang,2,3302000.0,0.0866321084519735,Completed,6032000.0,4.4,True,False
B03279,2024-06-19,2024-08-16,C0261,Young Professional,City Break,Website,,Hội An,2,1475000.0,0.0408618794860449,Completed,2829000.0,4.1,True,False
B00127,2025-01-09,2025-02-13,C0261,Student,City Break,Website,Card,Nha Trang,4,1630000.0,0.09,Completed,5933000.0,4.2,True,False
B03602,2024-10-29,2024-11-02,C0262,Family,Cultural,Agent,Cash,Đà Lạt,3,2473000.0,0.0909402848263403,Completed,6744000.0,4.6,True,False
B03737,2024-12-30,2025-02-05,C0262,Student,Adventure,Website,Card,Đà Nẵng,1,5905000.0,0.078558535496566,Completed,5441000.0,4.5,True,False
B00360,2025-01-21,2025-03-31,C0262,Family,Foodie,Website,Card,Huế,1,1846000.0,0.09,Completed,1680000.0,4.5,False,False
B01854,2022-10-05,2022-11-03,C0264,Corporate,Adventure,Mobile App,,Hà Nội,2,4372000.0,0.0975075321175134,Completed,7891000.0,3.5,True,False
B02425,2023-06-23,2023-08-10,C0264,Family,Adventure,Agent,Card,Hà Nội,4,4955000.0,0.049266847332628,Completed,18844000.0,4.7,True,False
B03750,2025-01-04,2025-03-22,C0264,Family,Family,Website,Card,Nha Trang,1,3653000.0,0.0975146192607483,Completed,3297000.0,4.7,True,False
B00452,2025-06-18,2025-07-19,C0264,Student,Cultural,Website,Bank Transfer,Huế,2,2207000.0,0.086,Completed,4034000.0,4.8,False,False
B00579,2025-06-20,2025-08-22,C0264,Student,Family,Website,Card,Phú Quốc,4,2333000.0,0.153,Completed,7904000.0,3.5,True,False
B01257,2022-01-25,2022-02-14,C0265,Family,City Break,Website,Card,Nha Trang,4,2563000.0,0.0936509249032319,Completed,9292000.0,4.0,True,False
B00306,2024-10-27,2024-11-26,C0265,Corporate,Beach,Mobile App,Cash,Đà Nẵng,1,3097000.0,0.168,Completed,2577000.0,4.6,False,False
B00823,2024-04-25,2024-07-11,C0266,Student,Family,Website,Bank Transfer,Hà Nội,5,3271000.0,0.067,Completed,15259000.0,4.6,False,False
B00846,2024-11-20,2024-12-12,C0266,Student,Cultural,Agent,Card,Hà Nội,1,3380000.0,0.0,Completed,3380000.0,4.0,True,False
B00077,2024-12-04,2025-03-01,C0266,Student,Family,Website,Cash,Hạ Long,3,3588000.0,0.138,Completed,9279000.0,4.1,True,False
B00625,2025-06-14,2025-07-11,C0266,Student,Beach,Agent,Card,Huế,2,4962000.0,0.053,Completed,9398000.0,4.1,True,False
B01217,2022-01-09,2022-03-10,C0267,Young Professional,Family,Website,Cash,Đà Nẵng,3,3248000.0,0.0949733228015719,Completed,8819000.0,4.6,True,False
B01361,2022-03-16,2022-05-17,C0267,Student,Cultural,Website,Card,Hội An,2,2524000.0,0.1053950341951982,Completed,4516000.0,3.9,True,False
B02618,2023-09-17,2023-11-09,C0267,Family,City Break,Agent,Card,Đà Nẵng,1,2546000.0,0.1720366682498155,Completed,2108000.0,3.9,True,False
B03145,2024-04-27,2024-06-22,C0267,Student,Beach,Mobile App,Card,Sa Pa,3,4319000.0,0.1015049533035469,Completed,11642000.0,3.3,True,False
B00252,2024-10-06,2024-11-11,C0267,Young Professional,City Break,Website,Card,Đà Lạt,1,1532000.0,0.063,Completed,1435000.0,4.3,False,False
B03496,2024-09-11,2024-11-29,C0267,Young Professional,Adventure,Website,E-wallet,Hội An,2,4981000.0,0.0714955603965124,Completed,9250000.0,4.1,True,False
B04070,2025-06-01,2025-07-17,C0267,Family,Cultural,Mobile App,Cash,Đà Lạt,2,2807000.0,0.1119445174726191,Completed,4986000.0,4.1,True,False
B01362,2022-03-16,2022-05-14,C0268,Young Professional,Adventure,Mobile App,Card,Hạ Long,2,5612000.0,0.0383645544416744,Completed,10793000.0,4.1,True,False
B00524,2024-05-05,2024-06-17,C0268,Student,Family,Website,Card,TP.HCM,3,3488000.0,0.068,Completed,9752000.0,4.4,True,False
B00517,2024-08-02,2024-10-15,C0268,Student,Beach,Website,Card,Huế,1,2938000.0,0.045,Completed,2806000.0,4.7,True,False
B04293,2025-08-23,2025-09-27,C0268,Young Professional,Cultural,Website,Card,Hà Nội,3,2747000.0,0.0976359104257775,Completed,7436000.0,4.4,True,False
B01483,2022-05-05,2022-05-05,C0269,Family,City Break,Mobile App,Card,Sa Pa,1,2051000.0,0.0669389566456303,Completed,1914000.0,4.4,True,False
B01380,2022-03-24,2022-05-09,C0269,Young Professional,Adventure,Website,Bank Transfer,Phú Quốc,1,5425000.0,0.1719622278622307,Completed,4492000.0,4.1,True,False
B02094,2023-01-30,2023-03-24,C0269,Corporate,Cultural,Agent,Bank Transfer,TP.HCM,2,2137000.0,0.152386780270872,Completed,3623000.0,4.1,True,False
B02564,2023-08-24,2023-10-01,C0269,Young Professional,Foodie,Website,Bank Transfer,Phú Quốc,4,2647000.0,0.1737368192119081,Completed,8748000.0,4.3,True,False
B00481,2024-03-12,2024-04-26,C0269,Student,Family,Mobile App,Cash,Hà Nội,2,2019000.0,0.146,Completed,3448000.0,3.3,False,False
B00084,2024-03-31,2024-05-29,C0269,Student,Adventure,Website,Bank Transfer,Huế,1,4778000.0,0.226,Completed,3698000.0,3.6,True,False
B00262,2024-10-19,2024-11-09,C0269,Student,Cultural,Mobile App,Cash,Nha Trang,1,2683000.0,0.126,Completed,2345000.0,4.3,True,False
B00168,2024-11-09,2025-01-25,C0269,Student,Beach,Website,Cash,Hội An,1,4899000.0,0.201,Completed,3914000.0,4.0,True,False
B00685,2025-01-11,2025-03-26,C0269,Student,Cultural,Website,Card,Đà Lạt,1,3051000.0,0.05,Completed,2898000.0,4.4,True,False
B00310,2025-06-14,2025-08-03,C0269,Student,Family,Mobile App,E-wallet,Đà Nẵng,4,2966000.0,0.115,Completed,10500000.0,4.1,True,False
B01446,2022-04-24,2022-06-29,C0270,Family,City Break,Mobile App,Card,TP.HCM,1,2388000.0,0.1392454827759958,Completed,2055000.0,5.0,True,False
B00456,2024-11-16,2024-12-12,C0270,Student,Adventure,Call Center,Card,Hạ Long,2,6087000.0,0.226,Completed,9423000.0,4.5,False,False
B00026,2025-03-10,2025-04-30,C0270,Student,Beach,Mobile App,Cash,Đà Lạt,2,4387000.0,0.176,Completed,7230000.0,4.0,True,False
B04253,2025-08-06,2025-09-19,C0270,Family,Foodie,Agent,,Hội An,1,1906000.0,0.1178283880713062,Completed,1681000.0,3.4,True,False
B01322,2022-02-22,2022-05-18,C0271,Family,Cultural,Agent,Bank Transfer,Huế,3,2310000.0,0.0948387913762194,Completed,6273000.0,3.6,True,False
B01741,2022-08-18,2022-10-29,C0271,Family,Family,Agent,Card,Hạ Long,2,3538000.0,0.0618368734124521,Completed,6638000.0,4.0,True,False
B00622,2024-07-13,2024-09-23,C0271,Student,Cultural,Mobile App,Card,Nha Trang,1,3007000.0,0.115,Completed,2661000.0,3.5,False,False
B00737,2024-12-07,2025-01-28,C0271,Student,Beach,Mobile App,Cash,Nha Trang,1,4272000.0,0.148,Completed,3640000.0,4.5,True,False
B00337,2024-07-16,2024-10-03,C0272,Student,Beach,Website,E-wallet,TP.HCM,2,2530000.0,0.092,Completed,4594000.0,4.0,False,False
B00435,2025-04-20,2025-05-08,C0272,Student,Adventure,Mobile App,Card,Nha Trang,1,5052000.0,0.133,Completed,4380000.0,4.5,True,False
B02647,2023-09-30,2023-11-19,C0274,Young Professional,Beach,Website,Bank Transfer,TP.HCM,4,3588000.0,0.1072899732901415,Completed,12812000.0,4.5,True,False
B00802,2024-02-01,2024-04-08,C0274,Family,Beach,Website,Card,Hạ Long,2,3761000.0,0.015,Completed,7409000.0,3.8,False,False
B03217,2024-05-29,2024-05-29,C0274,Young Professional,Cultural,Agent,Card,Đà Lạt,1,2329000.0,0.0783905978152229,Completed,2146000.0,4.6,True,False
B00768,2025-01-04,2025-02-08,C0274,Family,Adventure,Website,Bank Transfer,Sa Pa,1,5271000.0,0.126,Completed,4607000.0,3.6,True,False
B00349,2024-12-18,2025-03-15,C0274,Family,Family,Website,Card,TP.HCM,3,2331000.0,0.142,Completed,6000000.0,4.0,True,False
B04233,2025-07-27,2025-10-07,C0274,Young Professional,Beach,Website,Card,Hà Nội,2,3859000.0,0.075212421174613,Completed,7138000.0,4.8,True,False
B01878,2022-10-21,2022-11-25,C0275,Student,City Break,Agent,Bank Transfer,Nha Trang,3,2567000.0,0.0731574232579691,Completed,7138000.0,4.1,True,False
B00941,2024-01-30,2024-04-07,C0275,Family,Foodie,Agent,Bank Transfer,Nha Trang,1,3526000.0,0.167,Completed,2937000.0,3.4,False,False
B00033,2024-03-11,2024-04-22,C0275,Family,Beach,Website,Card,Đà Nẵng,1,3672000.0,0.039,Completed,3529000.0,4.7,True,False
B01945,2022-11-25,2023-01-29,C0276,Student,Foodie,Agent,E-wallet,Nha Trang,3,2685000.0,0.1127705011927033,Completed,7147000.0,4.4,True,False
B00723,2024-06-03,2024-07-12,C0276,Young Professional,City Break,Website,Card,Huế,1,2843000.0,0.099,Completed,2562000.0,4.6,False,False
B01062,2024-11-26,2024-12-16,C0276,Young Professional,Beach,Agent,Card,TP.HCM,2,4299000.0,0.051,Completed,8160000.0,3.8,True,False
B01197,2024-12-29,2025-02-06,C0276,Young Professional,Family,Website,Cash,TP.HCM,4,2337000.0,0.162,Completed,7834000.0,3.8,True,False
B00554,2025-04-07,2025-04-24,C0276,Young Professional,Beach,Website,Card,Hạ Long,1,4278000.0,0.137,Completed,3692000.0,3.7,True,False
B00198,2024-01-10,2024-02-10,C0277,Young Professional,Adventure,Website,E-wallet,Đà Lạt,1,3061000.0,0.024,Completed,2988000.0,4.2,False,False
B01081,2024-09-02,2024-11-01,C0277,Young Professional,Beach,Website,Cash,Sa Pa,1,2194000.0,0.073,Completed,2034000.0,4.0,True,False
B00169,2025-04-01,2025-04-29,C0277,Young Professional,Family,Mobile App,Bank Transfer,Hà Nội,4,3225000.0,0.144,Completed,11042000.0,3.2,True,False
B03941,2025-04-13,2025-05-21,C0277,,Beach,Mobile App,E-wallet,Đà Lạt,3,3194000.0,0.1037201049244171,Completed,8588000.0,4.7,True,False
B04095,2025-06-10,2025-06-25,C0277,Young Professional,City Break,Mobile App,Bank Transfer,TP.HCM,1,2589000.0,0.1079967714030352,Completed,2309000.0,3.7,True,False
B00594,2024-12-16,2025-02-09,C0278,Young Professional,Beach,Website,Card,Hạ Long,1,4290000.0,0.115,Completed,3797000.0,4.0,False,False
B02424,2023-06-23,2023-08-17,C0279,Young Professional,Beach,Mobile App,Card,Đà Lạt,5,3212000.0,0.1207191484232146,Completed,14121000.0,4.9,True,False
B02444,2023-07-01,2023-08-23,C0279,Young Professional,Family,Mobile App,Cash,Nha Trang,1,3685000.0,0.1552580925778507,Completed,3113000.0,4.1,True,False
B04073,2025-02-06,2025-08-03,C0279,Family,Beach,Website,Card,Đà Lạt,2,3263000.0,0.0921584300140232,Completed,5925000.0,3.9,True,False
B02573,2023-08-27,2023-09-30,C0281,Young Professional,Cultural,Agent,Cash,Đà Lạt,3,2584000.0,,Completed,7329000.0,3.8,True,False
B03310,2024-07-05,2024-08-31,C0281,Family,Adventure,Website,Card,Phú Quốc,4,5546000.0,0.1204459644094519,Completed,19512000.0,4.4,True,False
B01065,2024-07-26,2024-09-30,C0281,Student,Beach,Agent,Card,Sa Pa,2,4569000.0,0.125,Completed,7996000.0,4.0,False,False
B00415,2025-02-08,2025-04-26,C0281,Student,Adventure,Website,Card,Hội An,1,4671000.0,0.076,Completed,4316000.0,5.0,True,False
B00499,2025-04-28,2025-06-19,C0281,Student,Beach,Website,Card,Hạ Long,1,3641000.0,0.002,Completed,3634000.0,4.3,True,False
B02685,2023-10-14,2023-12-13,C0282,Student,Cultural,Website,Card,Hà Nội,2,2835000.0,0.1292162742569601,Completed,4937000.0,4.5,True,False
B00743,2024-11-17,2025-01-27,C0282,Student,Beach,Mobile App,Cash,Đà Nẵng,2,3188000.0,0.028,Completed,6197000.0,5.0,False,False
B01119,2025-02-15,2025-04-20,C0282,Student,Cultural,Mobile App,Cash,Đà Nẵng,2,2161000.0,0.169,Completed,3592000.0,4.9,True,False
B02920,2024-01-21,2024-02-15,C0283,Family,Cultural,Website,Card,TP.HCM,1,2488000.0,0.1386095421745712,Completed,2143000.0,4.2,True,False
B00135,2024-04-02,2024-04-30,C0283,Young Professional,Cultural,Website,E-wallet,Phú Quốc,1,2486000.0,0.0,Completed,2486000.0,3.7,False,False
B03227,2024-06-01,2024-06-01,C0283,Family,Cultural,Agent,Bank Transfer,TP.HCM,2,2454000.0,0.0761333816241967,Completed,4534000.0,4.7,True,False
B01410,2022-04-09,2022-05-27,C0284,Student,Adventure,Website,Card,Hạ Long,2,5677000.0,0.1186749635633951,Completed,10007000.0,3.6,True,False
B02014,2022-12-26,2023-03-01,C0284,Young Professional,Cultural,Website,Card,Phú Quốc,4,2538000.0,0.1241831380518926,Completed,8891000.0,3.8,True,False
B00573,2024-06-05,2024-06-29,C0284,Young Professional,Family,Website,Bank Transfer,Sa Pa,5,3361000.0,0.027,Completed,16351000.0,4.4,True,False
B00930,2024-05-02,2024-07-02,C0284,Young Professional,Beach,Website,Bank Transfer,Hà Nội,1,4797000.0,0.058,Completed,4519000.0,3.8,False,False
B00744,2024-09-14,2024-11-30,C0284,Young Professional,Adventure,Agent,Bank Transfer,Nha Trang,2,6836000.0,0.035,Completed,13193000.0,4.1,True,False
B03759,2025-01-10,2025-01-12,C0284,,Cultural,Agent,Cash,Phú Quốc,5,2676000.0,0.1503785763501757,Completed,11368000.0,3.3,True,False
B00370,2025-08-23,2025-09-04,C0284,Young Professional,Cultural,Agent,Card,Hội An,1,2687000.0,0.071,Completed,2496000.0,4.3,True,False
B01719,2022-08-12,2022-09-05,C0285,,Cultural,Mobile App,Card,TP.HCM,1,2297000.0,0.0500004958858387,Completed,2182000.0,4.5,True,False
B00961,2024-02-05,2024-04-18,C0285,Family,Foodie,Mobile App,Card,Huế,1,2997000.0,0.143,Completed,2568000.0,4.3,False,False
B00279,2025-03-26,2025-06-12,C0285,Family,Cultural,Mobile App,Card,Huế,1,2588000.0,0.038,Completed,2490000.0,4.5,True,False
B02360,2023-05-27,2023-07-17,C0286,Student,Beach,Agent,Card,Huế,2,3706000.0,0.1583845327272201,Completed,6238000.0,3.8,True,False
B02430,2023-06-24,2023-07-31,C0286,Corporate,Family,Website,E-wallet,Hội An,1,2850000.0,0.1222309510115547,Completed,2502000.0,4.2,True,False
B00527,2024-07-07,2024-09-19,C0286,Young Professional,Beach,Agent,Card,Hạ Long,1,5144000.0,0.058,Completed,4846000.0,3.9,False,False
B00926,2025-08-05,2025-10-02,C0286,Young Professional,Family,Agent,Card,TP.HCM,3,3011000.0,0.104,Completed,8094000.0,3.9,True,False
B02838,2023-12-15,2024-01-02,C0287,Corporate,Cultural,Agent,Card,Sa Pa,3,2223000.0,0.0974818704284472,Completed,6019000.0,4.1,True,False
B00589,2024-06-15,2024-08-13,C0287,Student,Beach,Website,Card,Hạ Long,4,4003000.0,0.034,Completed,15468000.0,4.0,False,False
B00479,2024-10-06,2024-10-27,C0287,Student,Cultural,Agent,Bank Transfer,Phú Quốc,1,2081000.0,0.231,Completed,1600000.0,4.8,True,False
B00372,2025-05-02,2025-05-16,C0287,Student,City Break,Website,Card,Sa Pa,1,2999000.0,0.118,Completed,2645000.0,4.0,True,False
B01495,2022-05-09,2022-06-13,C0288,Family,Family,Website,Card,TP.HCM,2,3573000.0,0.1528407387230684,Completed,6054000.0,4.3,True,False
B00797,2024-04-13,2024-07-10,C0288,Young Professional,Foodie,Website,Card,Đà Lạt,1,1795000.0,0.087,Completed,1639000.0,3.8,False,False
B00975,2025-07-04,2025-08-22,C0288,Young Professional,Family,Mobile App,Card,Đà Lạt,2,3142000.0,0.115,Completed,5561000.0,4.4,True,False
B01458,2022-04-28,2022-04-28,C0289,Young Professional,Foodie,Mobile App,Card,Sa Pa,2,2685000.0,0.0861422102967061,Completed,4907000.0,4.8,True,False
B00336,2024-07-30,2024-10-28,C0289,Young Professional,Family,Mobile App,Card,Hội An,5,2121000.0,0.065,Completed,9916000.0,5.0,False,False
B00557,2025-01-21,2025-03-12,C0289,Young Professional,Family,Call Center,Bank Transfer,Hạ Long,4,3244000.0,0.207,Completed,10290000.0,4.2,True,False
B00780,2025-09-09,2025-11-15,C0289,Young Professional,Beach,Website,Card,Huế,2,2496000.0,0.099,Completed,4498000.0,3.5,True,False
B01578,2022-06-17,2022-08-16,C0290,Family,Beach,Mobile App,Card,Đà Nẵng,2,4435000.0,0.1355149493380942,Completed,7668000.0,4.3,True,False
B00333,2024-08-31,2024-09-14,C0290,Student,Family,Website,Card,Hạ Long,5,3065000.0,0.046,Completed,14620000.0,4.1,True,False
B00789,2024-08-29,2024-10-28,C0290,Student,Beach,Agent,Cash,TP.HCM,3,4114000.0,0.136,Completed,10663000.0,4.1,False,False
B00773,2025-02-21,2025-03-19,C0290,Student,Cultural,Agent,Card,Hội An,2,2297000.0,0.1,Completed,4135000.0,4.1,True,False
B00348,2025-01-07,2025-04-06,C0290,Student,Beach,Mobile App,Bank Transfer,Hội An,1,3423000.0,0.055,Completed,3235000.0,4.6,True,False
B00028,2025-06-06,2025-08-28,C0290,Student,Family,Agent,Bank Transfer,Phú Quốc,5,4109000.0,0.188,Completed,16683000.0,4.2,True,False
B01631,2022-09-07,2022-09-16,C0292,Family,Foodie,Website,Card,TP.HCM,2,2531000.0,0.1092235948431636,Completed,4509000.0,3.7,True,False
B00736,2024-07-17,2024-08-20,C0292,Student,Beach,Mobile App,Card,Phú Quốc,1,3431000.0,0.048,Completed,3266000.0,3.8,False,False
B00637,2024-11-01,2025-01-27,C0292,Student,Family,Agent,Card,Hội An,3,2829000.0,0.107,Completed,7579000.0,4.2,True,False
B00368,2025-03-24,2025-05-30,C0292,Student,Beach,Agent,Card,Huế,1,4450000.0,0.149,Completed,3787000.0,4.6,True,False
B01904,2022-11-07,2023-01-01,C0296,Family,Family,Agent,Card,Đà Lạt,3,2880000.0,0.1697748028861191,Completed,7173000.0,3.5,True,False
B00693,2025-08-04,2025-10-28,C0296,Corporate,Adventure,Agent,E-wallet,Nha Trang,1,5466000.0,0.195,Completed,4400000.0,4.8,True,False
B02232,2023-04-02,2023-06-13,C0297,Student,Cultural,Website,Card,Hội An,4,3100000.0,0.1428634439822077,Completed,10628000.0,4.8,True,False
B02691,2023-10-17,2023-12-14,C0297,Young Professional,Beach,Website,Card,TP.HCM,2,3700000.0,0.0958809811871677,Completed,6690000.0,4.4,True,False
B04098,2025-06-11,2025-07-15,C0297,Young Professional,Cultural,Mobile App,Card,TP.HCM,1,2400000.0,0.0143897747880433,Completed,2365000.0,4.4,True,False
B01648,2022-07-17,2022-07-27,C0298,Young Professional,Adventure,Website,Card,Hạ Long,1,5981000.0,0.0907252458726662,Completed,5438000.0,3.7,True,False
B02954,2024-02-02,2024-03-27,C0298,Young Professional,Beach,Website,Cash,Phú Quốc,2,4063000.0,0.1022131110307551,Completed,7295000.0,3.8,True,False
B00691,2024-02-25,2024-05-22,C0298,Family,Family,Website,Card,TP.HCM,3,3174000.0,0.103,Completed,8541000.0,4.1,False,False
B00441,2025-04-05,2025-06-06,C0298,Family,City Break,Agent,Card,Hạ Long,2,-100000.0,0.049,Completed,5714000.0,4.1,True,False
B01220,2022-01-10,2022-03-19,C0299,Young Professional,Cultural,Website,Card,Hạ Long,1,2729000.0,0.0537428886847128,Completed,2582000.0,3.7,True,False
B00630,2024-02-07,2024-05-05,C0299,Family,Cultural,Agent,E-wallet,Phú Quốc,1,2733000.0,0.061,Completed,2566000.0,4.5,False,False
B00250,2024-03-29,2024-05-11,C0299,Family,Cultural,Website,Card,Hội An,2,3393000.0,0.147,Completed,5788000.0,4.2,True,False
B00972,2025-02-10,2025-04-01,C0299,Family,Beach,Website,Card,Huế,3,4639000.0,0.153,Completed,11788000.0,4.5,True,False
B00206,2024-04-05,2024-06-21,C0300,Family,Family,Website,Card,Nha Trang,4,3599000.0,0.071,Completed,13374000.0,4.0,False,False
B00974,2024-11-04,2025-01-12,C0300,Family,Family,Website,Card,Phú Quốc,2,3083000.0,0.121,Completed,5420000.0,4.1,True,False
B01047,2025-02-09,2025-03-05,C0300,Family,Beach,Website,E-wallet,Hạ Long,1,5346000.0,0.004,Completed,5325000.0,3.5,True,False
B03859,2025-02-28,2025-03-10,C0300,Student,Family,Website,Bank Transfer,Hội An,2,2704000.0,0.0463513078418742,Completed,5157000.0,4.9,True,False
B01179,2025-03-24,2025-06-21,C0300,Family,Family,Website,Card,Hội An,4,3577000.0,0.109,Completed,12748000.0,4.3,True,False
B00314,2025-07-20,2025-09-05,C0300,Family,Beach,Website,Card,Huế,2,4403000.0,0.076,Completed,8137000.0,4.5,True,False
B01295,2022-02-08,2022-03-17,C0301,Young Professional,Adventure,Agent,Cash,Nha Trang,1,5053000.0,0.0994539887254984,Completed,4550000.0,4.3,True,False
B00925,2024-12-24,2025-03-03,C0301,Family,City Break,Website,Cash,Phú Quốc,2,3036000.0,0.092,Completed,5513000.0,4.2,False,False
B02487,2023-07-25,2023-09-14,C0302,Student,Family,Website,Card,Phú Quốc,1,3154000.0,,Completed,2880000.0,4.2,True,False
B02690,2023-10-17,2023-12-31,C0302,,Foodie,Mobile App,Bank Transfer,Đà Lạt,1,2672000.0,0.10655932750777,Completed,2387000.0,3.6,True,False
B01174,2025-07-28,2025-10-24,C0302,Student,Beach,Mobile App,Card,Phú Quốc,1,4258000.0,0.131,Completed,3700000.0,3.7,True,False
B01236,2022-01-18,2022-05-02,C0303,Student,Family,Call Center,Card,Đà Nẵng,3,3527000.0,0.1278348330906715,Completed,9228000.0,3.8,True,False
B01315,2022-02-20,2022-05-11,C0303,Young Professional,Foodie,,E-wallet,Hội An,1,1923000.0,0.102396331162972,Completed,1726000.0,4.5,True,False
B02168,2023-02-24,2023-03-23,C0303,Student,Beach,Mobile App,E-wallet,Hội An,1,4156000.0,0.1224182370157003,Completed,3647000.0,3.2,True,False
B02783,2023-11-24,2024-01-14,C0303,Young Professional,Cultural,Agent,Card,Hạ Long,3,2677000.0,0.0793162462377089,Completed,7394000.0,4.1,True,False
B03110,2024-04-13,2024-04-24,C0303,Student,Family,Website,E-wallet,Hạ Long,3,3742000.0,0.0900625316075411,Completed,10215000.0,4.8,True,False
B01146,2025-05-09,2025-08-03,C0303,Young Professional,Cultural,Website,Card,Đà Lạt,1,3475000.0,0.134,Completed,3009000.0,3.7,False,False
B02591,2023-09-04,2023-10-25,C0304,Family,City Break,,Card,Đà Nẵng,3,2589000.0,0.0828714350232866,Completed,7123000.0,5.0,True,False
B02891,2024-01-06,2024-01-30,C0304,,Cultural,Website,Cash,Đà Lạt,1,2305000.0,0.0934195306122459,Completed,2090000.0,4.5,True,False
B01181,2024-07-07,2024-09-11,C0304,Young Professional,Beach,Website,Cash,Sa Pa,4,3651000.0,0.071,Completed,13567000.0,3.7,False,False
B00160,2024-11-15,2024-12-08,C0304,Young Professional,Family,Agent,Bank Transfer,Phú Quốc,5,3097000.0,0.035,Completed,14943000.0,4.1,True,False
B03766,2025-01-12,2025-03-25,C0304,Family,Beach,Mobile App,E-wallet,Đà Lạt,2,3165000.0,0.0977718411245848,Completed,5711000.0,4.7,True,False
B00699,2025-03-16,2025-05-04,C0304,Young Professional,Beach,Mobile App,Cash,Nha Trang,1,5308000.0,0.162,Completed,4448000.0,4.4,True,False
B01316,2022-02-20,2022-03-29,C0305,Young Professional,Beach,Agent,Card,Đà Nẵng,2,4626000.0,0.1217796371679133,Completed,8125000.0,4.4,True,False
B01451,2022-04-26,2022-05-25,C0305,Young Professional,Foodie,Call Center,Card,Hà Nội,1,2144000.0,0.0400630348155499,Completed,2058000.0,4.5,True,False
B01436,2022-04-20,2022-07-31,C0305,Student,Cultural,,Card,Đà Nẵng,2,3009000.0,0.1690172896391374,Completed,5001000.0,5.0,True,False
B01666,2022-07-25,2022-08-23,C0305,Student,Cultural,Website,Card,Đà Nẵng,3,2802000.0,0.1562500296577378,Completed,7093000.0,3.9,True,False
B01721,2022-08-12,2022-10-11,C0305,Family,Beach,Mobile App,Card,Hà Nội,1,4191000.0,0.1075127031806557,Completed,3740000.0,4.7,True,False
B02129,2023-02-10,2023-03-24,C0305,Family,Beach,Mobile App,Bank Transfer,Đà Nẵng,4,4087000.0,0.1998623825432262,Completed,13081000.0,4.0,True,False
B02218,2023-03-25,2023-05-08,C0305,Student,Adventure,Mobile App,Card,Huế,1,4799000.0,0.0464312847906748,Completed,4576000.0,4.3,True,False
B02227,2023-03-31,2023-05-21,C0305,Young Professional,Beach,Mobile App,Bank Transfer,TP.HCM,4,3698000.0,0.0470037913923934,Completed,14097000.0,3.6,True,False
B02277,2023-04-18,2023-06-30,C0305,Student,Cultural,Website,Card,Hà Nội,4,2770000.0,0.0877001069458432,Completed,10108000.0,3.6,True,False
B00596,2024-03-04,2024-03-16,C0305,Corporate,Adventure,Agent,Cash,TP.HCM,1,5801000.0,0.211,Completed,4577000.0,4.4,True,False
B00881,2024-02-25,2024-04-01,C0305,Corporate,Foodie,Mobile App,Card,Nha Trang,3,2966000.0,0.052,Completed,8435000.0,3.3,False,False
B03213,2024-05-25,2024-05-28,C0305,Student,Foodie,,Cash,TP.HCM,2,2401000.0,0.1440957632758959,Completed,4110000.0,4.0,True,False
B00901,2024-09-25,2024-12-01,C0305,Corporate,Beach,Website,Card,Phú Quốc,1,2900000.0,0.0,Completed,2900000.0,4.3,True,False
B00475,2025-07-16,2025-08-03,C0305,Corporate,City Break,Agent,Card,Phú Quốc,2,3049000.0,0.083,Completed,5592000.0,4.0,True,False
B00114,2024-09-23,2024-11-16,C0306,Young Professional,Beach,Website,Card,Huế,3,4930000.0,0.046,Completed,14110000.0,3.4,False,False
B01420,2022-04-13,2022-06-15,C0307,Young Professional,Beach,Website,Card,Sa Pa,3,4322000.0,0.0791996766787891,Completed,11939000.0,4.6,True,False
B02504,2023-07-30,2023-09-16,C0307,Student,City Break,Mobile App,Bank Transfer,Đà Lạt,2,2383000.0,0.0566411784244083,Completed,4496000.0,3.7,True,False
B02663,2023-10-06,2023-10-28,C0307,Corporate,Cultural,Website,Cash,Huế,2,2240000.0,0.1394067160308211,Completed,3855000.0,4.2,True,False
B02684,2023-10-14,2023-12-06,C0307,Young Professional,Cultural,Website,Bank Transfer,Đà Lạt,4,2571000.0,0.1065932205598968,Completed,9188000.0,4.4,True,False
B00694,2024-04-27,2024-05-24,C0307,Young Professional,Family,Website,Bank Transfer,Đà Lạt,2,2429000.0,0.09,Completed,4421000.0,4.7,True,False
B00040,2025-01-27,2025-02-16,C0307,Young Professional,Cultural,Website,Bank Transfer,TP.HCM,3,2762000.0,0.169,Completed,6886000.0,4.0,True,False
B00893,2025-03-11,2025-04-03,C0307,Young Professional,Family,Agent,Card,Hội An,4,2923000.0,0.099,Completed,10534000.0,3.9,True,False
B04169,2025-07-05,2025-10-10,C0307,Student,Beach,Call Center,Cash,Phú Quốc,2,3814000.0,0.0948946334941065,Completed,6904000.0,4.1,True,False
B01511,2022-05-21,2022-07-15,C0308,Family,Foodie,,,Đà Nẵng,4,2703000.0,0.1114566089349514,Completed,9607000.0,4.8,True,False
B01630,2022-07-09,2022-09-22,C0308,Young Professional,Cultural,Mobile App,Card,Đà Lạt,2,2576000.0,0.0753408430316444,Completed,4764000.0,3.5,True,False
B00706,2025-01-02,2025-02-13,C0308,Family,Adventure,Website,Card,Sa Pa,2,4544000.0,0.103,Completed,8152000.0,3.5,False,False
B00759,2025-06-10,2025-08-16,C0308,Family,Family,Website,Card,Hạ Long,3,3162000.0,0.104,Completed,8499000.0,4.0,True,False
B02059,2023-01-16,2023-02-20,C0309,Family,City Break,Website,Bank Transfer,Nha Trang,2,2643000.0,0.0677836896009435,Completed,4928000.0,3.9,True,False
B00611,2024-07-01,2024-09-20,C0309,Young Professional,Beach,Agent,Bank Transfer,Phú Quốc,4,3912000.0,0.011,Completed,15476000.0,3.9,False,False
B01039,2025-03-28,2025-04-23,C0309,Young Professional,Adventure,Mobile App,Card,Đà Nẵng,1,3856000.0,0.12,Completed,3393000.0,4.6,True,False
B00718,2025-04-26,2025-06-26,C0309,Young Professional,Beach,Mobile App,Bank Transfer,TP.HCM,2,3571000.0,0.033,Completed,6906000.0,4.0,True,False
B00440,2025-06-23,2025-07-13,C0309,Young Professional,Beach,Website,Bank Transfer,Nha Trang,2,0.0,0.162,Completed,5377000.0,4.9,True,False
B01221,2022-01-11,2022-02-24,C0310,Corporate,Adventure,Website,Card,Sa Pa,2,5059000.0,0.1004380281020761,Completed,9102000.0,4.4,True,False
B01354,2022-03-12,2022-04-28,C0310,Family,Beach,Website,Bank Transfer,Nha Trang,1,4550000.0,0.1260994753378264,Completed,3976000.0,4.6,True,False
B01769,2022-08-27,2022-11-17,C0310,Family,Beach,Agent,Card,Huế,2,3447000.0,0.0388732539831323,Completed,6626000.0,3.7,True,False
B02688,2023-10-15,2024-01-06,C0310,Student,Family,Website,Card,Đà Lạt,1,2950000.0,0.0977244393718425,Completed,2662000.0,3.9,True,False
B02957,2024-02-02,2024-04-26,C0310,Student,Beach,Mobile App,Card,TP.HCM,1,4109000.0,0.1176611434768707,Completed,3626000.0,3.3,True,False
B00148,2024-07-16,2024-08-15,C0310,Student,Cultural,Website,Card,Đà Nẵng,4,1957000.0,0.044,Completed,7484000.0,4.1,False,False
B00829,2024-11-27,2025-02-14,C0310,Student,Foodie,Website,Card,TP.HCM,2,2219000.0,0.198,Completed,3559000.0,3.8,True,False
B00851,2025-04-26,2025-05-18,C0310,Student,Beach,Agent,Card,Phú Quốc,1,3531000.0,0.096,Completed,3192000.0,4.0,True,False
B00410,2025-09-01,2025-09-24,C0310,Student,Cultural,Website,Cash,Nha Trang,1,3720000.0,0.193,Completed,3002000.0,5.0,True,False
B01241,2022-01-20,2022-03-16,C0311,Corporate,Adventure,Website,Cash,TP.HCM,1,4970000.0,0.0201648861494359,Completed,4870000.0,4.2,True,False
B01358,2022-03-13,2022-04-16,C0311,Corporate,Beach,Website,Card,Đà Lạt,1,3350000.0,0.1164840550852274,Completed,0.0,,True,False
B03877,2025-03-08,2025-06-08,C0311,Corporate,Adventure,Website,Cash,Đà Nẵng,2,5589000.0,0.1261435695533936,Completed,9768000.0,4.1,True,False
B00609,2025-04-05,2025-06-29,C0311,Young Professional,City Break,Website,Card,Đà Lạt,2,1242000.0,0.066,Completed,2320000.0,4.4,True,False
B00027,2025-05-25,2025-08-01,C0311,Young Professional,Cultural,Website,Card,Sa Pa,4,2143000.0,0.055,Completed,8101000.0,3.0,True,False
B00690,2025-07-26,2025-09-11,C0311,Young Professional,Adventure,Website,Card,Hội An,1,3828000.0,0.201,Completed,3059000.0,3.8,True,False
B01099,2025-08-20,2025-10-06,C0311,Young Professional,Beach,Mobile App,Cash,Hà Nội,2,4123000.0,0.186,Completed,6712000.0,3.4,True,False
B01894,2022-03-11,2022-12-12,C0312,Young Professional,Cultural,Website,Bank Transfer,Hội An,2,2886000.0,0.0520578573510971,Completed,5472000.0,4.8,True,False
B00023,2024-03-15,2024-04-06,C0312,Young Professional,Cultural,Agent,Card,Hà Nội,1,1665000.0,0.048,Completed,1585000.0,4.8,False,False
B00953,2024-08-02,2024-08-27,C0312,Young Professional,Family,Agent,Card,Huế,3,2390000.0,0.089,Completed,6532000.0,3.9,True,False
B00254,2024-09-01,2024-11-10,C0313,Young Professional,Adventure,Website,Cash,Hạ Long,1,5476000.0,0.072,Completed,5082000.0,4.9,False,False
B00386,2025-08-27,2025-10-21,C0313,Young Professional,Beach,Mobile App,Card,Sa Pa,1,2535000.0,0.197,Completed,2036000.0,4.3,True,False
B01641,2022-07-13,2022-09-17,C0314,Young Professional,Cultural,Mobile App,Card,Đà Nẵng,1,2584000.0,0.1210733765610726,Completed,2271000.0,3.8,True,False
B01938,2022-11-23,2022-12-30,C0314,Family,Beach,Agent,Bank Transfer,Nha Trang,1,4253000.0,0.062917321373031,Completed,3985000.0,4.2,True,False
B00232,2024-05-10,2024-06-14,C0314,Young Professional,Family,Website,E-wallet,Hạ Long,3,3449000.0,0.051,Completed,9819000.0,4.2,False,False
B00962,2024-10-18,2024-12-21,C0314,Young Professional,Cultural,Mobile App,Card,Hội An,1,2884000.0,0.116,Completed,2549000.0,3.8,True,False
B00012,2025-05-14,2025-06-17,C0314,Young Professional,Family,Agent,E-wallet,Huế,3,2330000.0,0.03,Completed,6780000.0,3.9,True,False
B01326,2022-02-25,2022-05-08,C0315,Young Professional,City Break,Website,Card,TP.HCM,2,2468000.0,,Completed,4663000.0,4.3,True,False
B02201,2023-03-17,2023-04-09,C0315,Student,Beach,Agent,Card,Phú Quốc,2,3910000.0,0.109225475289219,Completed,6966000.0,4.7,True,False
B00226,2024-08-29,2024-09-15,C0315,Young Professional,Adventure,Mobile App,Card,Hội An,2,4849000.0,0.002,Completed,9679000.0,4.2,False,False
B00528,2024-10-09,2024-12-09,C0315,Young Professional,Beach,Website,Card,Hà Nội,2,4889000.0,0.031,Completed,9475000.0,5.0,True,False
B00126,2025-01-01,2025-03-26,C0315,Young Professional,Beach,Website,Cash,Huế,2,2963000.0,0.193,Completed,4782000.0,4.6,True,False
B01534,2022-06-02,2022-07-19,C0316,Student,Cultural,Call Center,Card,Đà Lạt,2,2774000.0,0.1038257341909798,Completed,4972000.0,5.0,True,False
B00375,2024-02-16,2024-03-27,C0316,Young Professional,Cultural,Agent,Cash,Hội An,1,2685000.0,0.084,Completed,2459000.0,4.5,False,False
B01075,2024-07-23,2024-08-31,C0316,Young Professional,Adventure,Mobile App,Bank Transfer,Sa Pa,2,4857000.0,0.027,Completed,9452000.0,3.6,True,False
B00217,2024-10-07,2024-12-20,C0316,Young Professional,Adventure,Agent,Card,Hà Nội,1,3649000.0,0.049,Completed,3470000.0,4.0,True,False
B00483,2024-12-08,2025-01-04,C0316,Young Professional,Cultural,Website,Card,Đà Lạt,1,1506000.0,0.186,Completed,1226000.0,4.8,True,False
B00752,2024-08-03,2024-08-25,C0317,Young Professional,Family,Mobile App,Card,Phú Quốc,4,3959000.0,0.103,Completed,14205000.0,5.0,False,False
B03359,2024-07-21,2024-09-18,C0317,Family,Cultural,,Card,Hội An,1,2815000.0,0.0917382649032415,Completed,2557000.0,4.9,True,False
B00751,2025-04-03,2025-06-27,C0317,Young Professional,Adventure,Agent,Card,Đà Nẵng,1,4458000.0,0.111,Completed,3963000.0,3.3,True,False
B00042,2025-06-14,2025-07-01,C0317,Young Professional,Foodie,Agent,Card,Sa Pa,1,2563000.0,0.03,Completed,2486000.0,4.3,True,False
B03968,2025-04-25,2025-07-02,C0317,Family,Beach,Website,Card,Đà Lạt,2,3118000.0,0.1244397435626034,Completed,5460000.0,4.2,True,False
B01869,2022-10-15,2022-12-19,C0318,Family,Foodie,Website,Card,Đà Nẵng,1,2625000.0,0.1165198411012352,Completed,2319000.0,4.0,True,False
B00468,2024-05-28,2024-07-27,C0318,Family,Family,Website,Cash,Huế,2,3009000.0,0.059,Completed,5663000.0,3.7,False,False
B01024,2024-08-19,2024-09-08,C0318,Family,Cultural,Mobile App,Card,Hội An,2,1750000.0,0.076,Completed,3234000.0,4.1,True,False
B01097,2024-08-20,2024-10-16,C0318,Family,Family,Call Center,Bank Transfer,Nha Trang,4,3107000.0,0.095,Completed,11247000.0,3.8,True,False
B00825,2024-11-23,2024-12-10,C0318,Family,Family,Agent,Bank Transfer,Nha Trang,4,2784000.0,0.174,Completed,9198000.0,4.0,True,False
B00329,2025-09-13,2025-10-06,C0318,Family,Cultural,Website,Card,Sa Pa,1,2247000.0,0.121,Completed,1975000.0,4.7,True,False
B02673,2023-10-10,2023-11-11,C0319,Student,City Break,,Cash,Huế,2,1973000.0,,Completed,3853000.0,4.3,True,False
B02604,2023-09-12,2023-12-14,C0319,Young Professional,Cultural,Mobile App,Cash,Đà Nẵng,1,2858000.0,0.0912613019247761,Completed,2597000.0,3.2,True,False
B00999,2024-05-18,2024-06-19,C0319,Young Professional,Cultural,Agent,Cash,Nha Trang,2,2566000.0,0.068,Completed,4783000.0,3.7,False,False
B00544,2025-07-12,2025-09-13,C0319,Young Professional,Cultural,Website,Cash,TP.HCM,4,2906000.0,0.129,Completed,10125000.0,4.4,True,False
B01201,2022-01-01,2022-02-06,C0320,Corporate,Beach,Website,Card,Hội An,3,4398000.0,0.1599034496181503,Completed,11084000.0,4.2,True,False
B00460,2024-01-19,2024-04-13,C0320,Corporate,Cultural,Agent,Card,Phú Quốc,1,2237000.0,0.069,Completed,2083000.0,4.0,False,False
B00106,2024-03-15,2024-04-29,C0320,Corporate,Foodie,Website,Card,Hạ Long,3,3582000.0,0.129,Completed,9360000.0,4.2,True,False
B00803,2024-10-05,2024-12-15,C0320,Corporate,Adventure,Agent,Bank Transfer,Đà Nẵng,1,6417000.0,0.041,Completed,6154000.0,5.0,True,False
B03861,2025-03-01,2025-05-15,C0320,Family,Family,Website,Bank Transfer,Đà Nẵng,1,3317000.0,0.1085618806979384,Completed,2957000.0,4.0,True,False
B00394,2025-04-12,2025-05-17,C0320,Corporate,Family,Website,Bank Transfer,Phú Quốc,2,2496000.0,0.143,Completed,4278000.0,4.5,True,False
B02640,2023-09-25,2023-09-25,C0321,Family,Family,Website,Card,Hà Nội,1,3279000.0,0.0191941874505574,Completed,3216000.0,3.9,True,False
B00666,2024-05-31,2024-07-03,C0321,Corporate,Beach,Website,Bank Transfer,Nha Trang,3,4208000.0,0.077,Completed,11652000.0,4.1,False,False
B00840,2024-11-16,2025-02-13,C0321,Corporate,Cultural,Mobile App,Card,Huế,1,1445000.0,0.186,Completed,1176000.0,4.3,True,False
B04328,2025-09-05,2025-11-12,C0321,Family,Family,Website,Bank Transfer,Hạ Long,4,3549000.0,0.0656592059748175,Completed,13264000.0,3.8,True,False
B00813,2024-02-02,2024-02-21,C0322,Young Professional,Cultural,Mobile App,E-wallet,Hạ Long,2,3532000.0,0.213,Completed,5559000.0,3.6,False,False
B01049,2024-02-08,2024-03-07,C0322,Young Professional,Foodie,Website,Card,TP.HCM,2,1997000.0,0.156,Completed,3371000.0,4.3,True,False
B00342,2025-07-31,2025-09-15,C0322,Young Professional,Family,Agent,Card,Đà Lạt,4,2679000.0,0.106,Completed,9580000.0,5.0,True,False
B01038,2025-07-12,2025-09-26,C0322,Young Professional,Cultural,Website,Card,Hà Nội,3,2853000.0,0.02,Completed,8388000.0,4.6,True,False
B02175,2023-02-27,2023-03-23,C0323,Corporate,Beach,Website,Card,TP.HCM,1,3823000.0,0.1344549852772988,Completed,3309000.0,4.3,True,False
B01109,2024-01-02,2024-04-01,C0323,Young Professional,Adventure,Call Center,Bank Transfer,Đà Nẵng,2,6120000.0,0.12,Completed,10771000.0,4.7,False,False
B00007,2024-04-07,2024-05-23,C0323,Young Professional,Family,Call Center,Bank Transfer,Huế,2,2807000.0,0.098,Completed,5064000.0,5.0,True,False
B01046,2024-04-21,2024-05-30,C0323,Young Professional,Beach,Website,E-wallet,TP.HCM,1,4654000.0,0.175,Completed,3840000.0,4.4,True,False
B04114,2025-06-16,2025-08-30,C0323,,Beach,Website,Card,Huế,3,3503000.0,0.1023512255813129,Completed,9433000.0,3.8,True,False
B01429,2022-04-16,2022-06-19,C0324,Young Professional,City Break,Website,Cash,TP.HCM,1,2668000.0,0.1293088184421515,Completed,2323000.0,3.9,True,False
B02122,2023-02-06,2023-04-23,C0324,Corporate,Adventure,Mobile App,Bank Transfer,Đà Nẵng,2,6160000.0,0.1174630454220834,Completed,10873000.0,4.3,True,False
B02369,2023-06-02,2023-06-19,C0324,Corporate,Cultural,Website,E-wallet,Nha Trang,2,3232000.0,0.0844566054650624,Completed,5918000.0,3.8,True,False
B00843,2024-01-22,2024-03-17,C0324,Young Professional,Cultural,Website,Bank Transfer,Hà Nội,1,1793000.0,0.111,Completed,1594000.0,4.0,False,False
B00387,2024-03-07,2024-03-29,C0324,Young Professional,Family,Mobile App,Card,TP.HCM,2,2776000.0,0.119,Completed,4891000.0,4.7,True,False
B00192,2024-04-17,2024-05-02,C0324,Young Professional,Foodie,Mobile App,Card,Đà Nẵng,1,3350000.0,0.162,Completed,2807000.0,4.2,True,False
B01066,2024-06-01,2024-07-05,C0324,Young Professional,Family,Mobile App,Card,Phú Quốc,2,3340000.0,0.0,Completed,6680000.0,4.2,True,False
B01189,2024-11-23,2025-01-31,C0324,Young Professional,Adventure,Website,Card,TP.HCM,1,5880000.0,0.121,Completed,5169000.0,4.1,True,False
B00438,2025-04-27,2025-05-21,C0324,Young Professional,Adventure,Mobile App,Card,Nha Trang,2,3300000.0,0.147,Completed,5630000.0,4.6,True,False
B01058,2025-06-28,2025-08-02,C0324,Young Professional,Adventure,Website,E-wallet,Hà Nội,1,3601000.0,0.077,Completed,3324000.0,3.9,True,False
B01527,2022-05-30,2022-08-07,C0325,Family,Family,Website,Card,Đà Nẵng,1,3768000.0,0.0906041131462519,Completed,3427000.0,4.5,True,False
B02387,2023-06-11,2023-08-25,C0325,Family,Foodie,Mobile App,E-wallet,Sa Pa,2,2569000.0,0.112367098703638,Completed,4561000.0,4.3,True,False
B03972,2025-04-27,2025-06-05,C0325,Family,Beach,Mobile App,Card,Sa Pa,3,4110000.0,0.0786469828692737,Completed,11360000.0,3.3,True,False
B04145,2025-06-29,2025-09-22,C0325,,Cultural,Mobile App,Bank Transfer,TP.HCM,1,2277000.0,0.1230905243257973,Completed,1997000.0,4.6,True,False
B00607,2025-08-07,2025-10-01,C0325,Family,Adventure,Mobile App,Card,Đà Nẵng,2,5387000.0,0.214,Completed,8468000.0,3.3,False,False
B01711,2022-08-09,2022-08-13,C0326,Family,Cultural,Website,Bank Transfer,TP.HCM,3,2428000.0,0.0782696374739992,Completed,6714000.0,4.6,True,False
B02006,2022-12-24,2023-01-23,C0326,Family,Family,Website,Bank Transfer,Huế,1,3103000.0,0.0908964110443545,Completed,2821000.0,4.7,True,False
B01036,2024-03-16,2024-05-25,C0326,Family,City Break,Mobile App,Card,Huế,2,1998000.0,0.115,Completed,3536000.0,4.8,False,False
B00147,2025-01-19,2025-02-22,C0326,Family,Cultural,Agent,Card,Đà Lạt,1,2304000.0,0.105,Completed,2062000.0,3.8,True,False
B00626,2024-03-10,2024-05-02,C0327,Family,Adventure,Website,Cash,TP.HCM,1,4263000.0,0.186,Completed,3470000.0,4.4,False,False
B03681,2024-12-02,2025-01-11,C0327,Family,Adventure,Website,Card,Hội An,3,4683000.0,0.0842053858628312,Completed,12866000.0,3.3,True,False
B00110,2024-06-22,2024-09-09,C0328,Young Professional,Adventure,Agent,Card,Sa Pa,1,3031000.0,0.102,Completed,2722000.0,5.0,False,False
B00240,2025-06-05,2025-08-08,C0328,Young Professional,Adventure,Website,Card,Phú Quốc,1,3724000.0,0.103,Completed,3340000.0,4.7,True,False
B02950,2024-01-31,2024-04-27,C0329,Young Professional,Beach,Website,Card,Đà Lạt,2,3457000.0,0.1301618627834113,Completed,6014000.0,3.8,True,False
B00325,2024-11-18,2025-01-28,C0329,Family,Adventure,Website,Cash,Hạ Long,1,4662000.0,0.155,Completed,3939000.0,4.9,False,False
B00832,2024-12-19,2025-03-18,C0329,Family,Beach,Mobile App,Card,Hà Nội,1,3691000.0,0.14,Completed,3174000.0,4.9,True,False
B00985,2025-04-26,2025-06-05,C0329,Family,Foodie,Mobile App,Card,Nha Trang,2,2334000.0,0.089,Completed,4253000.0,3.7,True,False
B00086,2025-08-12,2025-09-11,C0329,Family,Cultural,Website,Cash,Đà Nẵng,3,2797000.0,0.076,Completed,7753000.0,3.2,True,False
B01338,2022-03-05,2022-05-22,C0330,Family,Foodie,Website,Card,TP.HCM,1,2375000.0,0.0843713646194492,Completed,2175000.0,4.5,True,False
B00727,2025-08-26,2025-10-04,C0330,Young Professional,Cultural,Call Center,Cash,Hà Nội,1,3368000.0,0.018,Completed,3307000.0,5.0,False,False
B00182,2024-02-14,2024-03-07,C0331,Family,City Break,Agent,E-wallet,Đà Nẵng,1,1922000.0,0.112,Completed,1707000.0,4.8,False,False
B00083,2024-10-05,2024-12-01,C0331,Family,Cultural,Mobile App,Card,Hà Nội,2,3361000.0,0.13,Completed,5848000.0,4.9,True,False
B00142,2025-03-13,2025-04-11,C0331,Family,Beach,Website,Card,Đà Nẵng,1,5894000.0,0.207,Completed,4674000.0,3.9,True,False
B00844,2025-05-10,2025-05-23,C0331,Family,City Break,Website,Cash,Đà Lạt,1,2206000.0,0.165,Completed,1842000.0,4.1,True,False
B01602,2022-06-26,2022-09-03,C0332,Family,Foodie,Website,Card,Sa Pa,1,2618000.0,0.1388427177376453,Completed,2255000.0,4.6,True,False
B01907,2022-11-08,2022-12-24,C0332,Young Professional,Cultural,Agent,Bank Transfer,Phú Quốc,3,2654000.0,0.1681781855610727,Completed,6623000.0,3.7,True,False
B00675,2024-06-02,2024-07-23,C0332,Young Professional,Foodie,Mobile App,Bank Transfer,Đà Nẵng,1,2921000.0,0.087,Completed,2667000.0,4.5,False,False
B00885,2024-11-28,2025-01-11,C0332,Young Professional,Beach,Mobile App,Card,Hội An,3,2421000.0,0.117,Completed,6413000.0,4.3,True,False
B01211,2022-01-06,2022-03-23,C0334,Young Professional,Adventure,Website,Bank Transfer,Đà Nẵng,4,5490000.0,0.0,Completed,21960000.0,3.6,True,False
B02135,2023-02-11,2023-04-22,C0334,Young Professional,Beach,,Bank Transfer,Hạ Long,1,4191000.0,0.1069825821985026,Completed,3743000.0,4.0,True,False
B02224,2023-03-30,2023-05-26,C0334,Student,Cultural,Website,Card,TP.HCM,1,2191000.0,0.0940163860294318,Completed,1985000.0,3.4,True,False
B00859,2024-08-12,2024-10-25,C0334,Corporate,Family,Website,Card,Hà Nội,3,2710000.0,0.167,Completed,6772000.0,4.7,False,False
B00156,2025-01-25,2025-04-11,C0334,Corporate,Beach,Website,Cash,Sa Pa,1,2881000.0,0.022,Completed,2818000.0,3.7,True,False
B01643,2022-07-15,2022-08-15,C0335,Corporate,Beach,Website,Card,Hà Nội,2,4951000.0,0.0707941302306761,Completed,9201000.0,3.8,True,False
B01865,2022-10-13,2022-12-23,C0335,Corporate,Beach,Website,Card,Đà Lạt,1,3462000.0,0.0899437279801892,Completed,3151000.0,3.9,True,False
B00153,2024-05-02,2024-06-04,C0335,Student,Cultural,Website,Cash,Đà Nẵng,1,2228000.0,0.101,Completed,2003000.0,4.1,False,False
B03475,2024-09-05,2024-10-19,C0335,Corporate,Adventure,Agent,Card,Phú Quốc,2,5062000.0,0.0785705116567021,Completed,9329000.0,4.8,True,False
B00324,2024-11-27,2024-12-16,C0335,Student,Cultural,Mobile App,Card,Hạ Long,3,2429000.0,0.117,Completed,6434000.0,3.9,True,False
B00056,2025-01-15,2025-03-29,C0335,Student,Beach,Website,Card,Phú Quốc,2,4008000.0,0.146,Completed,6846000.0,5.0,True,False
B04123,2025-06-24,2025-08-29,C0335,Young Professional,Cultural,Agent,Card,Đà Nẵng,1,3093000.0,0.1555971349928014,Completed,2612000.0,4.0,True,False
B00243,2025-08-19,2025-09-24,C0335,Student,Beach,Mobile App,Card,Hà Nội,1,4485000.0,0.083,Completed,4113000.0,4.5,True,False
B02102,2023-02-01,2023-03-17,C0336,Family,Cultural,Website,Card,Sa Pa,1,2264000.0,0.0764109239406032,Completed,2091000.0,4.2,True,False
B02799,2023-11-30,2024-02-07,C0336,Young Professional,City Break,,Bank Transfer,Hà Nội,1,2778000.0,0.0941905289776475,Completed,2516000.0,4.4,True,False
B01031,2024-01-27,2024-03-11,C0336,Family,Foodie,Agent,Cash,Huế,3,2127000.0,0.054,Completed,6036000.0,4.5,False,False
B01068,2024-04-10,2024-05-19,C0336,Family,Cultural,Agent,Bank Transfer,Đà Nẵng,3,3453000.0,0.123,Completed,9085000.0,4.5,True,False
B00512,2024-09-01,2024-10-07,C0336,Family,Cultural,Mobile App,Bank Transfer,Phú Quốc,2,2459000.0,0.149,Completed,4185000.0,4.7,True,False
B00331,2025-01-26,2025-02-08,C0336,Family,Adventure,Mobile App,Cash,Huế,2,4638000.0,0.013,Completed,9155000.0,4.2,True,False
B00145,2024-12-31,2025-03-02,C0336,Family,Family,Mobile App,Card,Đà Lạt,3,3856000.0,0.14,Completed,9948000.0,4.0,True,False
B00241,2025-07-27,2025-10-06,C0336,Family,City Break,Website,Bank Transfer,Sa Pa,3,2093000.0,0.098,Completed,5664000.0,5.0,True,False
B01342,2022-03-07,2022-05-05,C0337,Student,Foodie,,,Nha Trang,1,2693000.0,0.1119408919924791,Completed,2392000.0,4.4,True,False
B02266,2023-04-14,2023-05-22,C0337,Student,City Break,Agent,Card,Hà Nội,2,2614000.0,0.0958764614374194,Completed,4727000.0,4.1,True,False
B02842,2023-12-17,2024-03-02,C0337,,Cultural,Website,Card,Huế,3,2166000.0,0.1213558525765159,Completed,5709000.0,4.5,True,False
B00765,2024-03-18,2024-04-10,C0337,Student,Beach,Website,Card,Nha Trang,1,2774000.0,0.186,Completed,2258000.0,4.3,False,False
B01790,2022-09-08,2022-11-10,C0338,Family,Cultural,Website,Bank Transfer,Đà Lạt,2,2475000.0,0.1649807967082237,Completed,4133000.0,3.9,True,False
B02403,2023-06-17,2023-06-28,C0338,Student,Cultural,Website,Card,Nha Trang,2,3735000.0,0.0022881548100929,Completed,7453000.0,4.4,True,False
B00060,2025-01-18,2025-02-16,C0338,Family,Family,Mobile App,Card,Đà Nẵng,2,3548000.0,0.192,Completed,5734000.0,3.2,True,False
B01847,2022-10-03,2022-11-14,C0339,Young Professional,Cultural,Mobile App,Card,Nha Trang,1,3341000.0,0.0405391536592164,Completed,3206000.0,3.4,True,False
B00966,2024-01-29,2024-03-09,C0339,Student,Beach,Mobile App,Bank Transfer,Sa Pa,1,3858000.0,0.75,Completed,3576000.0,3.7,False,False
B00563,2024-07-05,2024-09-16,C0339,Student,Family,Website,Card,Huế,3,3487000.0,0.16,Completed,8787000.0,4.2,True,False
B01048,2024-09-14,2024-10-08,C0339,Student,Family,Website,Card,Huế,4,2222000.0,0.032,Completed,8604000.0,4.6,True,False
B01740,2022-08-18,2022-09-10,C0340,Family,Beach,Agent,Card,Hội An,1,3875000.0,0.1197746401140376,Completed,3411000.0,3.9,True,False
B01788,2022-09-07,2022-10-26,C0340,Young Professional,Family,Website,Card,Huế,4,2828000.0,0.1344791221167932,Completed,9791000.0,4.4,True,False
B02414,2023-06-20,2023-09-13,C0340,Student,Beach,Website,Cash,Hạ Long,1,4411000.0,0.0755860154715921,Completed,4078000.0,3.0,True,False
B00593,2024-04-16,2024-07-08,C0340,Corporate,Family,Agent,Card,Phú Quốc,4,2997000.0,0.047,Completed,11425000.0,3.1,False,False
B00529,2025-08-23,2025-10-02,C0340,Corporate,Adventure,Agent,Card,Phú Quốc,3,3878000.0,0.096,Completed,10517000.0,4.6,True,False
B01909,2022-11-09,2023-01-13,C0341,Corporate,Beach,Mobile App,Card,Sa Pa,2,3636000.0,0.0723604662448392,Completed,6746000.0,4.7,True,False
B02020,2022-12-29,2023-02-16,C0341,,Cultural,Agent,Bank Transfer,Nha Trang,3,3597000.0,0.0459710304412978,Completed,10295000.0,5.0,True,False
B00006,2024-01-04,2024-04-03,C0341,Student,Cultural,Website,Card,Huế,3,2393000.0,0.144,Completed,6145000.0,4.1,False,False
B03011,2024-02-27,2024-04-08,C0341,Family,Adventure,Agent,Bank Transfer,Hà Nội,4,4827000.0,0.1162217999366218,Completed,17064000.0,4.9,True,False
B00814,2025-01-06,2025-01-23,C0341,Student,Cultural,Agent,Cash,Hội An,3,1722000.0,0.12,Completed,4546000.0,4.4,True,False
B03736,2024-12-30,2025-04-02,C0341,Young Professional,Beach,,Card,Đà Lạt,1,3439000.0,0.1217383609185236,Completed,3020000.0,4.3,True,False
B00268,2025-07-19,2025-08-10,C0341,Student,City Break,Agent,E-wallet,Hà Nội,2,2677000.0,0.103,Completed,4803000.0,4.4,True,False
B01503,2022-05-16,2022-07-22,C0342,Family,Adventure,Agent,Card,Nha Trang,3,5393000.0,0.1335777633348829,Completed,14018000.0,4.3,True,False
B02033,2023-01-04,2023-02-27,C0342,Corporate,Adventure,Call Center,Bank Transfer,Phú Quốc,3,5893000.0,0.1376350800778153,Completed,15246000.0,3.9,True,False
B02298,2023-04-25,2023-06-23,C0342,Young Professional,Cultural,Website,Cash,Hạ Long,2,2886000.0,0.0767280130956881,Completed,5329000.0,4.8,True,False
B00161,2025-05-18,2025-06-26,C0342,Corporate,City Break,Agent,Bank Transfer,Phú Quốc,2,2108000.0,0.112,Completed,3744000.0,3.6,False,False
B01152,2024-09-29,2024-12-03,C0343,Family,Beach,Agent,Card,Phú Quốc,2,3993000.0,0.075,Completed,7387000.0,4.5,False,False
B01482,2022-05-05,2022-05-16,C0344,Student,Cultural,Agent,,TP.HCM,2,2246000.0,0.167597026328251,Completed,3739000.0,4.2,True,False
B01900,2022-11-05,2022-12-16,C0344,Student,Cultural,Mobile App,Card,Hà Nội,3,2926000.0,0.1383193396644003,Completed,7564000.0,4.4,True,False
B00215,2024-02-17,2024-03-21,C0344,Family,Family,Website,Card,Phú Quốc,5,3476000.0,0.152,Completed,14738000.0,5.0,False,False
B01134,2024-07-31,2024-09-06,C0344,Family,Cultural,Website,Card,Hội An,2,2642000.0,0.066,Completed,4935000.0,4.4,True,False
B00124,2024-05-15,2024-08-06,C0345,Family,Cultural,Agent,Card,Hội An,1,2569000.0,0.047,Completed,2448000.0,4.3,False,False
B01432,2022-04-18,2022-07-01,C0347,Family,Beach,Website,Cash,Đà Nẵng,1,4654000.0,0.0203110828608724,Completed,4559000.0,4.3,True,False
B02142,2023-02-14,2023-03-20,C0347,Corporate,Adventure,,Card,Phú Quốc,1,5015000.0,0.1706421220554185,Completed,4159000.0,3.0,True,False
B02477,2023-07-18,2023-10-06,C0347,Family,Cultural,Website,Bank Transfer,Hạ Long,3,2705000.0,0.1108251434144905,Completed,7216000.0,3.5,True,False
B00281,2024-01-09,2024-01-27,C0347,Corporate,Beach,Website,Card,Đà Lạt,1,3937000.0,0.051,Completed,3736000.0,5.0,False,False
B01116,2024-09-06,2024-11-23,C0347,Corporate,Cultural,Website,Bank Transfer,Phú Quốc,2,2830000.0,0.074,Completed,5241000.0,4.5,True,False
B00650,2024-11-12,2025-02-09,C0347,Corporate,Beach,Website,Card,Đà Lạt,2,2629000.0,0.134,Completed,4553000.0,2.8,True,False
B03917,2025-03-30,2025-05-30,C0347,Family,Beach,Agent,Card,TP.HCM,2,3676000.0,0.0544618872101571,Completed,6952000.0,3.2,True,False
B01003,2025-05-23,2025-06-28,C0347,Corporate,Family,Agent,E-wallet,Đà Lạt,3,2163000.0,0.064,Completed,6074000.0,3.6,True,False
B00283,2024-06-16,2024-07-23,C0348,Young Professional,Foodie,Website,Card,Hà Nội,1,1518000.0,0.0,Completed,1518000.0,3.8,False,False
B00300,2024-12-02,2024-12-19,C0348,Young Professional,Beach,Mobile App,Card,TP.HCM,1,3012000.0,0.106,Completed,2693000.0,5.0,True,False
B01331,2022-02-26,2022-04-13,C0349,Student,Foodie,Website,Card,Đà Nẵng,2,2838000.0,0.1539191623994047,Completed,4802000.0,4.5,True,False
B02658,2023-10-05,2023-12-31,C0349,Family,Family,Website,Card,TP.HCM,2,3620000.0,0.1258094517802716,Completed,6329000.0,4.9,True,False
B00390,2024-06-28,2024-07-29,C0349,Family,Cultural,Mobile App,Card,Hội An,1,2522000.0,0.028,Completed,2451000.0,4.6,False,False
B00200,2025-05-30,2025-08-19,C0349,Family,Foodie,Website,Card,Nha Trang,3,3131000.0,0.062,Completed,8811000.0,4.3,True,False
B01490,2022-05-07,2022-06-18,C0350,Young Professional,Cultural,Mobile App,Bank Transfer,Hội An,2,2973000.0,0.0522881162413979,Completed,5635000.0,4.6,True,False
B01848,2022-10-03,2022-12-11,C0350,Family,Beach,Website,Cash,Nha Trang,3,4740000.0,0.0974249522680932,Completed,12835000.0,3.9,True,False
B01953,2022-11-29,2023-01-18,C0350,,Cultural,Website,Card,Đà Lạt,4,2544000.0,0.1585175830045823,Completed,8563000.0,4.5,True,False
B00385,2024-09-16,2024-10-24,C0350,Student,Cultural,Mobile App,Card,Nha Trang,2,4948000.0,0.145,Completed,8461000.0,3.5,True,False
B00500,2024-09-11,2024-10-30,C0350,Student,Adventure,Website,Card,TP.HCM,2,5344000.0,0.131,Completed,9288000.0,4.1,False,False
B00141,2025-01-02,2025-03-09,C0350,Student,City Break,Mobile App,Cash,Đà Lạt,1,2533000.0,0.113,Completed,2247000.0,3.9,True,False
B03803,2025-02-02,2025-04-06,C0350,Family,Beach,Website,Card,Huế,2,3510000.0,0.0679033964177655,Completed,6543000.0,4.0,True,False
B01343,2022-03-07,2022-05-08,C0351,Family,Cultural,Mobile App,Card,Hội An,4,2760000.0,0.1102947540515097,Completed,9822000.0,4.5,True,False
B01412,2022-04-09,2022-07-21,C0351,Family,Cultural,Website,Card,Nha Trang,1,3637000.0,0.1322958716595827,Completed,3156000.0,4.0,True,False
B01951,2022-11-28,2022-12-19,C0351,Family,Cultural,Agent,E-wallet,Đà Lạt,1,2805000.0,0.1381842467964423,Completed,2417000.0,4.2,True,False
B00833,2024-06-15,2024-08-30,C0351,Family,Family,Website,Card,Hà Nội,3,3488000.0,0.75,Completed,9564000.0,4.6,False,False
B00267,2024-06-01,2024-07-07,C0352,Student,Family,Mobile App,E-wallet,Nha Trang,3,4068000.0,0.019,Completed,11972000.0,4.5,False,False
B03440,2024-08-23,2024-09-27,C0352,Student,Family,Website,Card,Đà Lạt,2,3203000.0,0.0874377778359551,Completed,5846000.0,5.0,True,False
B03678,2024-11-30,2024-12-26,C0353,Student,Cultural,Mobile App,Card,TP.HCM,2,2680000.0,0.1209848926451696,Completed,4712000.0,4.7,True,False
B01126,2025-04-07,2025-05-19,C0353,Family,Family,Mobile App,Card,Đà Lạt,4,2099000.0,0.098,Completed,7573000.0,4.3,False,False
B01374,2022-03-23,2022-06-02,C0354,Family,Beach,Agent,Card,Đà Nẵng,3,4924000.0,0.1423623256171753,Completed,12669000.0,4.0,True,False
B01908,2022-11-09,2022-11-09,C0354,Young Professional,Cultural,Agent,Bank Transfer,Sa Pa,3,2475000.0,0.0852180834750401,Completed,6792000.0,4.6,True,False
B02894,2024-01-07,2024-02-10,C0354,Corporate,Cultural,Website,Card,Huế,1,2368000.0,0.1264158651309779,Completed,2069000.0,4.5,True,False
B00219,2024-09-21,2024-10-01,C0354,Family,Cultural,Mobile App,Cash,Hạ Long,3,1838000.0,0.063,Completed,5167000.0,4.5,False,False
B00332,2025-01-28,2025-04-14,C0354,Family,Adventure,Mobile App,E-wallet,Đà Nẵng,2,3931000.0,-0.2,Completed,7445000.0,3.8,True,False
B00762,2025-04-05,2025-05-21,C0354,Family,Cultural,Mobile App,Card,TP.HCM,3,1946000.0,0.104,Completed,5231000.0,4.1,True,False
B00868,2025-07-22,2025-10-16,C0354,Family,Adventure,Website,Card,Phú Quốc,1,4235000.0,0.124,Completed,3710000.0,4.1,True,False
B01729,2022-08-14,2022-09-25,C0355,Young Professional,Cultural,Website,,Nha Trang,2,3158000.0,0.0511686788114418,Completed,5993000.0,3.9,True,False
B01040,2024-03-03,2024-04-18,C0355,Young Professional,Beach,Agent,Cash,Huế,1,3134000.0,0.063,Completed,2937000.0,5.0,False,False
B01684,2022-07-31,2022-10-13,C0356,Student,Family,Website,Card,Phú Quốc,1,3390000.0,0.1255653397840648,Completed,2964000.0,4.2,True,False
B00389,2024-04-05,2024-06-15,C0356,Young Professional,Family,Website,Card,TP.HCM,5,3767000.0,0.092,Completed,17102000.0,2.5,False,False
B00076,2024-10-12,2024-11-07,C0356,Young Professional,Beach,Mobile App,Card,Sa Pa,1,4186000.0,0.178,Completed,3441000.0,4.0,True,False
B00758,2025-03-27,2025-05-21,C0356,Young Professional,Family,Website,Card,Đà Nẵng,4,3935000.0,0.093,Completed,14276000.0,4.9,True,False
B00817,2025-06-11,2025-08-06,C0356,Young Professional,Family,Mobile App,Card,Sa Pa,5,2932000.0,0.027,Completed,14264000.0,5.0,True,False
B01260,2022-01-26,2022-03-20,C0357,Corporate,Beach,Mobile App,Card,Đà Lạt,1,3225000.0,0.0908242296449641,Completed,2932000.0,5.0,True,False
B01961,2022-12-04,2023-01-16,C0357,Young Professional,Beach,Agent,Card,Huế,5,3358000.0,0.0621072354117877,Completed,15747000.0,3.7,True,False
B02767,2023-11-18,2024-01-02,C0357,Young Professional,Family,Website,Card,Sa Pa,3,3165000.0,0.1095731987866773,Completed,8455000.0,4.4,True,False
B00678,2024-01-31,2024-04-05,C0357,Family,Beach,Website,Bank Transfer,Hội An,2,4895000.0,0.097,Completed,8840000.0,4.0,True,False
B00566,2024-04-06,2024-06-16,C0357,Family,Family,Website,Card,Hạ Long,4,4160000.0,0.05,Completed,15808000.0,4.2,True,False
B03663,2024-11-24,2025-01-08,C0357,Family,Foodie,Agent,Card,TP.HCM,2,2416000.0,0.0717616294668427,Completed,4485000.0,4.2,True,False
B00094,2025-02-08,2025-03-22,C0357,Family,Beach,Website,Card,TP.HCM,1,2744000.0,0.108,Completed,2448000.0,3.8,True,False
B00470,2025-06-15,2025-07-04,C0357,Family,Adventure,Mobile App,Card,Phú Quốc,1,6242000.0,0.033,Completed,6036000.0,3.9,True,False
B01601,2022-06-26,2022-10-01,C0358,Student,Family,Website,Card,Hà Nội,2,3009000.0,0.1014734296759599,Completed,5407000.0,3.8,True,False
B01087,2024-08-12,2024-10-28,C0358,Family,Beach,Agent,Card,Đà Lạt,2,2745000.0,0.75,Completed,4804000.0,3.8,False,False
B00726,2024-10-10,2024-12-02,C0358,Family,Cultural,Agent,Card,Phú Quốc,1,1921000.0,0.068,Completed,1790000.0,3.2,True,False
B00092,2025-03-11,2025-06-08,C0358,Family,Beach,Website,E-wallet,Nha Trang,1,4454000.0,0.072,Completed,4133000.0,4.2,True,False
B02442,2023-07-01,2023-07-27,C0359,Family,Beach,Website,Card,Hội An,1,4559000.0,0.1165083724226847,Completed,4028000.0,4.1,True,False
B02917,2024-01-16,2024-03-30,C0359,Family,Family,Mobile App,Bank Transfer,TP.HCM,3,3057000.0,0.1360698560727239,Completed,7923000.0,4.1,True,False
B03156,2024-05-03,2024-06-10,C0359,Young Professional,Beach,,Card,Hà Nội,1,4421000.0,0.0700371807787063,Completed,4111000.0,4.2,True,False
B00827,2025-04-13,2025-05-18,C0359,Young Professional,Adventure,Agent,Bank Transfer,Nha Trang,2,5685000.0,0.084,Completed,10415000.0,4.6,False,False
B00944,2025-08-17,2025-11-01,C0359,Young Professional,Family,Website,Cash,Huế,3,2481000.0,0.131,Completed,6468000.0,3.2,True,False
B00338,2024-04-29,2024-05-20,C0360,Family,Cultural,Mobile App,Bank Transfer,Hà Nội,1,3472000.0,0.222,Completed,2701000.0,4.9,False,False
B03568,2024-10-15,2024-11-14,C0360,Corporate,Adventure,,,Phú Quốc,2,5571000.0,0.1637965933562439,Completed,9317000.0,4.2,True,False
B01072,2025-07-07,2025-09-16,C0360,Family,Family,Agent,Bank Transfer,Đà Nẵng,3,3293000.0,0.197,Completed,7933000.0,4.9,True,False
B02125,2023-02-08,2023-03-31,C0361,Family,City Break,Agent,Card,TP.HCM,4,2584000.0,0.1625477552869816,Completed,8656000.0,3.8,True,False
B00139,2024-08-06,2024-10-05,C0361,Corporate,Foodie,Website,Card,Huế,3,2623000.0,0.079,Completed,7247000.0,4.7,False,False
B03451,2024-08-28,2024-11-05,C0361,Family,Beach,Website,Card,Phú Quốc,1,4040000.0,0.0956259828217526,Completed,3654000.0,4.8,True,False
B00745,2025-01-31,2025-04-24,C0361,Corporate,Cultural,Website,Card,Đà Nẵng,3,2941000.0,0.101,Completed,7932000.0,4.0,True,False
B01714,2022-08-10,2022-09-22,C0362,Young Professional,Family,Website,Card,Nha Trang,1,3892000.0,,Completed,3280000.0,4.8,True,False
B02034,2023-01-04,2023-02-23,C0362,Young Professional,Beach,Website,E-wallet,Hà Nội,3,4691000.0,0.0466791994631723,Completed,13416000.0,3.9,True,False
B00722,2024-06-07,2024-07-21,C0362,Student,Beach,Mobile App,Card,Đà Lạt,1,2677000.0,0.06,Completed,2516000.0,3.4,False,False
B00492,2025-03-23,2025-06-06,C0362,Student,Cultural,Website,Card,TP.HCM,1,2915000.0,0.018,Completed,2863000.0,4.5,True,False
B00024,2025-04-26,2025-07-03,C0362,Student,Cultural,Mobile App,Cash,Đà Nẵng,3,2667000.0,0.043,Completed,7657000.0,4.2,True,False
B01093,2025-06-03,2025-08-13,C0362,Student,Adventure,Agent,Bank Transfer,Hạ Long,1,5654000.0,0.054,Completed,5349000.0,4.6,True,False
B04353,2025-09-17,2025-10-22,C0362,Corporate,Beach,Agent,Card,Đà Nẵng,3,4215000.0,0.1324701606398826,Completed,10970000.0,4.1,True,False
B03735,2024-12-29,2025-02-10,C0363,Student,Cultural,Website,Card,Hạ Long,3,2803000.0,0.1643578438231595,Completed,7027000.0,4.5,True,False
B00909,2025-05-16,2025-07-08,C0363,Student,Family,Mobile App,Card,Nha Trang,3,3210000.0,0.073,Completed,8927000.0,4.5,False,False
B01324,2022-02-25,2022-04-06,C0364,Young Professional,Beach,Website,Card,Hạ Long,3,4375000.0,0.0622803785745322,Completed,12308000.0,4.5,True,False
B01371,2022-03-21,2022-05-16,C0364,Student,Foodie,Website,Cash,Đà Nẵng,1,2465000.0,0.1045631340084358,Completed,2207000.0,4.7,True,False
B02806,2023-12-01,2024-01-27,C0364,Student,Family,Website,E-wallet,Đà Nẵng,2,3335000.0,0.0725105053175911,Completed,6186000.0,4.4,True,False
B00230,2024-01-07,2024-04-05,C0364,Student,Adventure,Website,Card,Hạ Long,2,5816000.0,0.126,Completed,10166000.0,4.7,False,False
B00641,2024-04-04,2024-04-23,C0364,Student,Cultural,Agent,Card,Huế,1,2060000.0,0.069,Completed,1918000.0,3.9,True,False
B03204,2024-05-21,2024-08-12,C0364,Young Professional,Family,Agent,Cash,Đà Lạt,3,3241000.0,0.0804303295955098,Completed,8941000.0,3.6,True,False
B03304,2024-07-02,2024-08-23,C0364,Family,Beach,Website,Card,Nha Trang,2,4281000.0,0.0155226568381001,Completed,8429000.0,3.7,True,False
B00633,2024-10-06,2024-12-23,C0364,Student,City Break,Agent,Cash,TP.HCM,3,2056000.0,0.054,Completed,5835000.0,4.1,True,False
B00216,2025-09-12,2025-11-16,C0364,Student,Foodie,Website,Card,Hội An,1,1783000.0,0.107,Completed,1592000.0,3.8,True,False
B01372,2022-03-23,2022-05-13,C0365,Student,Cultural,Mobile App,Card,Phú Quốc,1,2401000.0,0.0786373199456967,Completed,2212000.0,4.4,True,False
B00223,2024-03-30,2024-04-11,C0365,Family,Beach,Agent,Card,Hạ Long,2,2938000.0,0.162,Completed,4924000.0,4.3,False,False
B00100,2024-11-12,2024-12-24,C0365,Family,Foodie,Website,Cash,Phú Quốc,1,2113000.0,0.048,Completed,2012000.0,4.8,True,False
B01246,2022-01-23,2022-03-05,C0366,Family,Beach,Agent,,Nha Trang,2,4429000.0,0.0870274591604012,Completed,8087000.0,3.6,True,False
B03158,2024-05-04,2024-05-25,C0366,Family,Adventure,Website,Card,Sa Pa,4,4725000.0,0.1490884160686634,Completed,16082000.0,4.2,True,False
B00601,2025-04-30,2025-05-29,C0366,Young Professional,Cultural,Mobile App,Cash,Đà Lạt,2,3110000.0,0.198,Completed,4988000.0,3.5,False,False
B03552,2024-10-07,2024-11-03,C0367,Family,Beach,Mobile App,Card,Hạ Long,3,3691000.0,0.1395748632173336,Completed,9527000.0,4.5,True,False
B01186,2024-10-21,2025-01-01,C0367,Family,City Break,Website,Card,Đà Nẵng,2,2739000.0,0.192,Completed,4426000.0,4.3,False,False
B00665,2025-01-07,2025-01-22,C0367,Family,Adventure,Website,Bank Transfer,Phú Quốc,1,6195000.0,0.102,Completed,5563000.0,4.3,True,False
B04327,2025-09-04,2025-11-02,C0367,Family,Cultural,Website,Card,Hội An,3,2621000.0,0.0795437630719197,Completed,7238000.0,3.7,True,False
B01823,2022-09-21,2022-11-14,C0368,Corporate,Beach,Mobile App,Card,Huế,2,3440000.0,0.1176981682488976,Completed,6070000.0,5.0,True,False
B00178,2024-11-03,2025-02-01,C0368,Family,Beach,Website,Card,Phú Quốc,3,3911000.0,0.15,Completed,9973000.0,3.9,False,False
B01933,2022-11-20,2022-12-12,C0369,Family,Cultural,Agent,Card,Hội An,3,3017000.0,0.1720221425893224,Completed,7494000.0,4.1,True,False
B03224,2024-06-01,2024-07-05,C0369,Student,Cultural,Mobile App,Card,Hà Nội,1,2904000.0,0.1434582582859796,Completed,2487000.0,3.6,True,False
B00118,2025-01-30,2025-04-01,C0369,Young Professional,Cultural,Website,Card,Hạ Long,2,3906000.0,0.189,Completed,6336000.0,3.5,False,False
B03983,2025-05-01,2025-07-03,C0369,Student,Foodie,Agent,E-wallet,TP.HCM,2,2668000.0,0.1264978026780383,Completed,4661000.0,4.8,True,False
B04115,2025-06-17,2025-10-13,C0369,Family,Family,Agent,Card,Hạ Long,2,3644000.0,0.0795053808518192,Completed,6709000.0,4.4,True,False
B01456,2022-04-28,2022-08-11,C0370,Student,Adventure,Mobile App,Bank Transfer,Đà Nẵng,1,5404000.0,0.0621641730195793,Completed,5068000.0,4.0,True,False
B02194,2023-03-11,2023-05-27,C0370,Family,Adventure,Call Center,Bank Transfer,Phú Quốc,2,5120000.0,0.0965989654562009,Completed,9251000.0,3.8,True,False
B00899,2024-01-03,2024-03-26,C0370,Corporate,Cultural,Mobile App,Cash,Đà Nẵng,2,2211000.0,0.149,Completed,3763000.0,4.3,False,False
B04034,2025-05-20,2025-06-16,C0370,Young Professional,Beach,Website,Bank Transfer,Hà Nội,2,4841000.0,,Completed,8453000.0,4.2,True,False
B01957,2022-12-02,2023-01-30,C0371,Young Professional,Family,Website,Card,Hạ Long,4,3194000.0,0.0551757560518263,Completed,12071000.0,4.0,True,False
B00339,2024-06-10,2024-09-08,C0371,Family,Adventure,Website,Card,Huế,1,4753000.0,0.104,Completed,4259000.0,3.4,False,False
B00341,2025-01-13,2025-02-06,C0371,Family,Family,Agent,Card,Đà Lạt,2,3628000.0,0.151,Completed,6160000.0,3.9,True,False
B00308,2025-04-23,2025-07-02,C0371,Family,Foodie,Mobile App,Bank Transfer,Đà Lạt,2,2992000.0,0.0,Completed,5984000.0,3.9,True,False
B01489,2022-05-07,2022-06-01,C0372,Corporate,Adventure,Website,Card,Hội An,2,5036000.0,0.0910572735634813,Completed,9155000.0,4.0,True,False
B02247,2023-04-07,2023-05-06,C0372,Family,Beach,Website,Card,Đà Lạt,3,3107000.0,0.0824602875709312,Completed,8552000.0,4.9,True,False
B02368,2023-06-01,2023-07-18,C0372,Young Professional,Family,Website,Card,Nha Trang,2,3614000.0,0.1647626283705362,Completed,6037000.0,4.3,True,False
B00772,2024-03-30,2024-05-02,C0372,Young Professional,City Break,Website,Bank Transfer,TP.HCM,1,1375000.0,0.154,Completed,1163000.0,4.7,False,False
B00188,2024-06-23,2024-09-16,C0372,Young Professional,Cultural,Website,Card,Hà Nội,2,2819000.0,0.045,Completed,5384000.0,4.3,True,False
B04222,2025-07-24,2025-07-28,C0372,Corporate,Adventure,Website,Card,TP.HCM,3,5668000.0,0.0787171183251,Completed,15665000.0,4.4,True,False
B01430,2022-04-16,2022-06-11,C0373,Young Professional,Cultural,Mobile App,Bank Transfer,Huế,2,2290000.0,0.131533041080601,Completed,3978000.0,3.9,True,False
B01529,2022-05-31,2022-07-01,C0373,Student,City Break,Agent,Card,TP.HCM,1,2608000.0,0.0022509439511175,Completed,2602000.0,4.2,True,False
B00266,2024-04-22,2024-05-09,C0373,Young Professional,Cultural,Agent,Card,Hội An,2,2842000.0,0.131,Completed,4939000.0,4.6,False,False
B01294,2022-02-08,2022-04-27,C0375,Student,Beach,Mobile App,Card,Đà Lạt,1,3632000.0,0.117891980149616,Completed,3204000.0,4.4,True,False
B02296,2023-04-25,2023-06-28,C0375,Student,Family,Mobile App,Bank Transfer,Phú Quốc,2,3532000.0,0.1320417465505449,Completed,6131000.0,4.2,True,False
B00555,2024-05-14,2024-06-17,C0375,Student,Family,Mobile App,Card,Sa Pa,4,2006000.0,0.135,Completed,6941000.0,4.2,False,False
B01332,2022-02-27,2022-04-02,C0376,Family,Family,Website,Card,TP.HCM,1,3415000.0,0.0922339136693344,Completed,3100000.0,4.5,True,False
B01166,2024-03-21,2024-05-24,C0376,Student,Family,Mobile App,Bank Transfer,Đà Nẵng,4,2250000.0,0.142,Completed,7722000.0,5.0,False,False
B00580,2024-10-23,2025-01-17,C0376,Student,Family,Website,Bank Transfer,Sa Pa,4,3584000.0,0.124,Completed,12558000.0,3.1,True,False
B01094,2025-08-16,2025-09-01,C0376,Student,Family,Mobile App,Cash,Sa Pa,3,2625000.0,0.096,Completed,7119000.0,4.3,True,False
B01253,2022-01-24,2022-02-10,C0377,Student,Foodie,,E-wallet,Phú Quốc,4,2898000.0,0.0730692280233939,Completed,10745000.0,4.0,True,False
B01042,2024-06-13,2024-08-28,C0377,Corporate,Family,Agent,Card,Đà Nẵng,5,3888000.0,0.07,Completed,18079000.0,4.5,False,False
B00591,2024-10-19,2025-01-12,C0377,Corporate,Beach,Website,Card,Hạ Long,4,4251000.0,0.122,Completed,14930000.0,5.0,True,False
B00003,2025-07-20,2025-09-28,C0377,Corporate,Cultural,Website,Card,TP.HCM,4,2098000.0,0.037,Completed,8081000.0,4.7,True,False
B03042,2024-03-13,2024-03-18,C0378,Young Professional,Foodie,Website,Bank Transfer,Hội An,1,2003000.0,0.101004405232725,Completed,1801000.0,3.8,True,False
B01193,2024-02-26,2024-04-30,C0378,Young Professional,Adventure,Website,Card,Đà Nẵng,1,5336000.0,0.142,Completed,4578000.0,4.1,False,False
B01497,2022-05-11,2022-06-22,C0379,Family,Beach,Agent,Bank Transfer,Nha Trang,3,4785000.0,0.1503553910834958,Completed,12197000.0,4.0,True,False
B02229,2023-04-01,2023-04-28,C0379,Corporate,City Break,Mobile App,Cash,Đà Nẵng,2,2453000.0,0.1012099132973292,Completed,4409000.0,4.2,True,False
B02630,2023-09-20,2023-11-27,C0379,Young Professional,Cultural,Website,E-wallet,Hội An,2,2709000.0,0.1481271042374963,Completed,4615000.0,3.9,True,False
B03830,2025-02-14,2025-04-23,C0379,Young Professional,Cultural,Mobile App,Card,Phú Quốc,3,2969000.0,0.0489567468519224,Completed,8471000.0,3.7,True,False
B00950,2025-04-14,2025-05-28,C0379,Young Professional,Family,Mobile App,Bank Transfer,Phú Quốc,4,4477000.0,0.045,Completed,17102000.0,4.9,False,False
B01226,2022-01-13,2022-03-05,C0380,Student,City Break,,Card,Sa Pa,1,2003000.0,0.1214548823335205,Completed,1760000.0,4.2,True,False
B01281,2022-02-05,2022-03-23,C0380,Student,Adventure,Website,Cash,Đà Lạt,1,4811000.0,0.0670924245926637,Completed,4488000.0,4.6,True,False
B01498,2022-05-11,2022-06-15,C0380,Corporate,Family,Agent,Bank Transfer,TP.HCM,1,3450000.0,0.144705624704175,Completed,2951000.0,4.6,True,False
B01575,2022-06-17,2022-07-07,C0380,Student,Family,Mobile App,Cash,Nha Trang,2,3822000.0,0.1157799363353675,Completed,6759000.0,3.8,True,False
B02568,2023-08-26,2023-10-06,C0380,Family,Adventure,Agent,Card,Nha Trang,3,4708000.0,0.0909054373279573,Completed,12840000.0,4.2,True,False
B00278,2024-12-31,2025-02-14,C0380,Family,Beach,Agent,Card,Hạ Long,3,3615000.0,0.141,Completed,9316000.0,3.1,False,False
B00586,2025-05-22,2025-07-17,C0380,Family,Cultural,Mobile App,Card,Nha Trang,3,2305000.0,0.071,Completed,6424000.0,4.2,True,False
B00841,2025-08-10,2025-08-23,C0380,Family,Adventure,Call Center,Card,Huế,1,5944000.0,0.062,Completed,5575000.0,4.9,True,False
B02759,2023-11-17,2024-01-19,C0381,Young Professional,Beach,Website,Cash,Sa Pa,5,3648000.0,0.0862221589140207,Completed,16667000.0,3.9,True,False
B00510,2025-01-05,2025-01-25,C0381,Family,City Break,Agent,Card,TP.HCM,2,2968000.0,0.0,Completed,5936000.0,4.4,True,False
B00670,2025-03-01,2025-05-20,C0381,Family,Beach,Website,Cash,Đà Lạt,1,3519000.0,0.102,Completed,3160000.0,4.8,True,False
B00464,2025-07-11,2025-07-29,C0381,Family,Adventure,Website,Card,TP.HCM,1,5619000.0,0.009,Completed,5568000.0,5.0,True,False
B01337,2022-03-04,2022-03-14,C0382,Student,Cultural,Website,Cash,Hội An,1,2507000.0,0.128868442611864,Completed,2184000.0,4.2,True,False
B01590,2022-06-23,2022-09-09,C0382,,Beach,Agent,Bank Transfer,Sa Pa,4,3773000.0,0.0326623079179445,Completed,14599000.0,3.4,True,False
B00058,2024-02-03,2024-04-22,C0382,Corporate,Beach,Website,Card,Nha Trang,2,4416000.0,0.084,Completed,8090000.0,4.2,False,False
B03114,2024-04-14,2024-05-21,C0382,Corporate,City Break,Agent,Bank Transfer,Đà Nẵng,1,2363000.0,0.1459870453391392,Completed,2018000.0,4.3,True,False
B01327,2022-02-25,2022-05-26,C0383,Young Professional,Cultural,Website,Card,Đà Nẵng,1,2516000.0,0.1805520971199956,Completed,2062000.0,3.9,True,False
B01818,2022-09-19,2022-10-22,C0383,Corporate,City Break,Agent,Cash,Đà Nẵng,2,2330000.0,0.1468162930326931,Completed,3976000.0,3.7,True,False
B00350,2024-01-05,2024-03-25,C0383,Family,Foodie,Agent,Cash,Hà Nội,1,2135000.0,0.072,Completed,1981000.0,3.9,False,False
B00913,2025-01-26,2025-04-21,C0383,Family,Beach,Website,Card,Phú Quốc,1,4583000.0,0.109,Completed,4083000.0,4.8,True,False
B04354,2025-09-19,2025-12-05,C0383,Student,Family,Website,Cash,Hà Nội,2,3488000.0,,Completed,6022000.0,4.0,True,False
B02267,2023-04-14,2023-06-12,C0384,Young Professional,Adventure,Website,Card,Phú Quốc,1,5090000.0,0.1170226393902867,Completed,4494000.0,3.5,True,False
B01009,2024-11-20,2024-12-13,C0384,Young Professional,Family,Website,Card,Huế,3,3605000.0,0.02,Completed,10599000.0,4.0,False,False
B00144,2025-02-07,2025-04-10,C0384,Young Professional,City Break,Agent,Bank Transfer,Phú Quốc,1,2034000.0,0.168,Completed,1692000.0,4.1,True,False
B02025,2022-12-31,2023-02-20,C0386,Family,Foodie,Mobile App,Card,Sa Pa,3,2870000.0,0.1367213429409451,Completed,7433000.0,4.3,True,False
B02981,2024-02-12,2024-05-20,C0386,Young Professional,Cultural,Website,Bank Transfer,Nha Trang,2,3272000.0,0.1157570166541307,Completed,5786000.0,4.7,True,False
B01095,2024-04-01,2024-06-07,C0386,Corporate,Cultural,Agent,Cash,Hạ Long,2,1781000.0,0.023,Completed,3480000.0,3.5,False,False
B00090,2024-12-26,2025-01-30,C0386,Corporate,City Break,Mobile App,Bank Transfer,Hạ Long,3,3145000.0,-0.2,Completed,9416000.0,3.8,True,False
B00162,2025-04-03,2025-04-13,C0386,Corporate,Cultural,Website,Card,Đà Lạt,2,1941000.0,0.134,Completed,3362000.0,4.2,True,False
B00205,2025-03-17,2025-05-23,C0386,Corporate,Foodie,Website,E-wallet,Hạ Long,1,2210000.0,0.107,Completed,1974000.0,3.7,True,False
B00605,2024-03-28,2024-05-13,C0387,Family,Foodie,Website,Bank Transfer,Phú Quốc,2,2006000.0,0.223,Completed,3117000.0,4.3,False,False
B01191,2024-12-12,2025-02-28,C0387,Family,Family,Agent,Bank Transfer,Phú Quốc,4,4157000.0,0.153,Completed,14084000.0,4.9,True,False
B03854,2025-02-26,2025-04-13,C0387,Family,Foodie,Website,Bank Transfer,Phú Quốc,1,2940000.0,0.1695547407141751,Completed,2442000.0,4.5,True,False
B00509,2025-04-02,2025-05-20,C0387,Family,Cultural,Mobile App,Bank Transfer,Hà Nội,3,3080000.0,0.75,Completed,8584000.0,4.6,True,False
B01669,2022-07-27,2022-10-22,C0388,Family,Cultural,Website,Bank Transfer,Hạ Long,2,2782000.0,0.0610366516695707,Completed,5224000.0,4.9,True,False
B02121,2023-02-06,2023-02-22,C0388,Corporate,Foodie,Website,Card,Phú Quốc,4,2822000.0,0.0897898081573606,Completed,10274000.0,3.7,True,False
B02418,2023-06-21,2023-07-22,C0388,,Adventure,Website,Card,TP.HCM,2,5541000.0,0.1171073830665252,Completed,9784000.0,4.2,True,False
B01190,2024-08-01,2024-10-17,C0388,Corporate,Beach,Mobile App,Cash,Huế,2,2417000.0,0.159,Completed,4065000.0,4.8,False,False
B03506,2024-09-16,2024-11-30,C0388,,Cultural,Agent,Bank Transfer,Hà Nội,2,2632000.0,0.1329654545050146,Completed,4564000.0,4.4,True,False
B00036,2024-11-10,2024-12-23,C0388,Corporate,Adventure,Mobile App,Card,Sa Pa,1,3482000.0,0.048,Completed,3315000.0,3.9,True,False
B00280,2024-11-03,2025-01-14,C0388,Corporate,Adventure,Agent,Bank Transfer,Nha Trang,2,3701000.0,0.068,Completed,6899000.0,3.9,True,False
B03793,2025-02-01,2025-02-25,C0388,Corporate,Adventure,Call Center,Card,TP.HCM,5,5272000.0,0.1114881866964309,Completed,23421000.0,3.9,True,False
B00418,2024-12-12,2025-03-07,C0388,Corporate,Beach,Mobile App,Cash,Sa Pa,1,0.0,0.108,Completed,3062000.0,3.7,True,False
B00561,2025-06-16,2025-09-03,C0388,Corporate,Beach,Mobile App,Bank Transfer,Hội An,1,4783000.0,0.076,Completed,4419000.0,4.6,True,False
B01336,2022-03-03,2022-04-19,C0389,Student,Beach,Mobile App,,Sa Pa,3,4141000.0,0.1328109291897532,Completed,10773000.0,4.4,True,False
B01376,2022-03-24,2022-04-24,C0389,Family,Cultural,Agent,Cash,Đà Nẵng,1,2766000.0,0.0820437708216515,Completed,2539000.0,4.4,True,False
B01319,2022-02-22,2022-05-02,C0389,Young Professional,Family,Website,Card,TP.HCM,2,3173000.0,0.0673391578012392,Completed,5919000.0,3.6,True,False
B02940,2024-01-29,2024-03-20,C0389,Student,Family,Website,Card,Hà Nội,2,3222000.0,0.0620151655429167,Completed,6044000.0,4.4,True,False
B03707,2024-12-17,2024-12-20,C0389,Young Professional,Beach,Website,E-wallet,Đà Lạt,2,3538000.0,0.1556117759203732,Completed,5975000.0,4.3,True,False
B00652,2024-10-31,2024-12-29,C0389,Student,Adventure,Website,Card,Hà Nội,2,4937000.0,0.073,Completed,9153000.0,4.3,False,False
B00365,2025-02-09,2025-03-22,C0389,Student,Beach,Website,Card,Nha Trang,4,3523000.0,0.215,Completed,11062000.0,4.6,True,False
B00660,2025-06-08,2025-06-27,C0389,Student,Beach,Website,Card,TP.HCM,1,3360000.0,0.041,Completed,3222000.0,4.6,True,False
B00703,2024-02-25,2024-04-16,C0390,Corporate,Beach,Website,Card,Nha Trang,1,3849000.0,0.023,Completed,3760000.0,3.9,False,False
B03104,2024-04-10,2024-06-06,C0390,Family,City Break,Website,Card,TP.HCM,1,2551000.0,0.0778262325765944,Completed,2352000.0,4.7,True,False
B01055,2024-03-24,2024-06-15,C0390,Corporate,Family,Agent,Card,Huế,2,3114000.0,0.08,Completed,5730000.0,4.3,True,False
B00732,2024-08-13,2024-08-26,C0390,Corporate,Family,Website,Cash,Hà Nội,4,3168000.0,0.052,Completed,12013000.0,4.0,True,False
B00255,2024-07-23,2024-09-28,C0390,Corporate,Cultural,Website,Cash,TP.HCM,3,2280000.0,0.179,Completed,5616000.0,4.8,True,False
B01028,2025-04-18,2025-06-24,C0390,Corporate,City Break,Website,Card,TP.HCM,1,2762000.0,0.065,Completed,2582000.0,4.8,True,False
B01129,2025-06-06,2025-08-21,C0390,Corporate,Family,Mobile App,Card,Huế,4,2189000.0,0.061,Completed,8222000.0,5.0,True,False
B00992,2025-08-16,2025-09-17,C0390,Corporate,Family,Website,Card,Hội An,2,3278000.0,0.125,Completed,5736000.0,3.5,True,False
B01431,2022-04-16,2022-06-04,C0391,Corporate,Beach,Website,Bank Transfer,Đà Nẵng,4,4220000.0,0.1259269091768872,Completed,14754000.0,3.4,True,False
B01556,2022-06-10,2022-09-15,C0391,Student,Family,Agent,Bank Transfer,Đà Nẵng,2,3552000.0,0.0967282220327329,Completed,6417000.0,4.4,True,False
B01826,2022-09-22,2022-11-08,C0391,Student,Family,Website,,Phú Quốc,1,3386000.0,0.0926426475817032,Completed,3072000.0,4.6,True,False
B01052,2024-06-01,2024-07-12,C0391,Family,Adventure,Mobile App,Cash,Đà Lạt,1,5049000.0,0.085,Completed,4620000.0,4.0,False,False
B00848,2024-09-11,2024-09-26,C0391,Family,Beach,Agent,E-wallet,Đà Nẵng,1,2995000.0,0.211,Completed,2363000.0,3.6,True,False
B00656,2024-09-25,2024-11-03,C0391,Family,Beach,Agent,Bank Transfer,Đà Nẵng,1,4451000.0,0.068,Completed,4148000.0,4.1,True,False
B00073,2024-08-22,2024-11-14,C0391,Family,Family,Website,Card,Hội An,3,2034000.0,0.034,Completed,5895000.0,3.9,True,False
B01140,2025-05-09,2025-06-01,C0391,Family,Family,Agent,Bank Transfer,Hội An,3,2287000.0,0.111,Completed,6099000.0,4.5,True,False
B01196,2025-06-11,2025-08-06,C0391,Family,Cultural,Mobile App,Card,Hạ Long,2,2058000.0,0.096,Completed,3721000.0,5.0,True,False
B00403,2025-08-23,2025-09-02,C0391,Family,Beach,Website,Card,Hạ Long,4,5619000.0,0.126,Completed,19644000.0,4.8,True,False
B00892,2025-07-17,2025-09-19,C0391,Family,Cultural,Website,Bank Transfer,Đà Nẵng,1,2426000.0,0.172,Completed,2009000.0,4.0,True,False
B02594,2023-09-08,2023-11-02,C0392,Student,Family,Agent,Cash,TP.HCM,1,3250000.0,0.1490899745618588,Completed,2765000.0,3.7,True,False
B01033,2025-01-10,2025-02-08,C0392,Student,Cultural,Agent,Cash,Hội An,2,1651000.0,0.121,Completed,2902000.0,5.0,False,False
B00494,2025-05-18,2025-06-10,C0392,Student,Beach,Website,Card,Đà Lạt,1,4311000.0,0.051,Completed,4091000.0,4.0,True,False
B02046,2023-01-08,2023-02-12,C0393,Corporate,Cultural,Website,Bank Transfer,Phú Quốc,4,2743000.0,0.0619297508677658,Completed,10293000.0,4.3,True,False
B02760,2023-11-17,2024-01-17,C0393,Young Professional,Beach,Website,Card,Đà Lạt,1,3146000.0,0.1133720754270855,Completed,2789000.0,5.0,True,False
B01259,2022-01-25,2022-02-18,C0394,Family,Cultural,Website,Card,TP.HCM,1,2320000.0,0.0572348551094991,Completed,2187000.0,4.4,True,False
B01652,2022-07-18,2022-09-18,C0394,Young Professional,Beach,Website,Cash,Đà Lạt,1,3083000.0,0.1163316163549708,Completed,2724000.0,3.7,True,False
B01164,2024-10-12,2024-11-02,C0394,Family,Adventure,Agent,Cash,Đà Nẵng,2,6527000.0,0.174,Completed,10783000.0,4.0,False,False
B00968,2024-10-26,2024-12-09,C0394,Family,City Break,Website,Card,Hội An,2,1314000.0,0.058,Completed,2476000.0,4.0,True,False
B03537,2024-09-30,2024-12-25,C0394,Corporate,Beach,Mobile App,E-wallet,Hạ Long,2,4154000.0,0.0727528438561474,Completed,7704000.0,4.2,True,False
B02421,2023-06-22,2023-08-01,C0395,Student,Beach,Agent,Card,Sa Pa,1,4320000.0,0.0793902526498713,Completed,3977000.0,4.4,True,False
B00503,2024-03-15,2024-06-10,C0395,Student,Cultural,Mobile App,E-wallet,Đà Lạt,2,-100000.0,0.055,Completed,4351000.0,4.7,False,False
B00112,2024-07-08,2024-08-13,C0395,Student,Cultural,Website,Card,Hội An,3,2728000.0,0.0,Completed,8184000.0,4.1,True,False
B00313,2024-09-25,2024-12-01,C0395,Student,Family,Agent,Bank Transfer,TP.HCM,4,2459000.0,0.088,Completed,8970000.0,4.1,True,False
B01141,2025-02-13,2025-03-13,C0395,Student,Cultural,Website,Bank Transfer,Đà Lạt,1,2479000.0,0.067,Completed,2313000.0,4.9,True,False
B00681,2025-06-22,2025-08-21,C0395,Student,Cultural,Website,Card,Nha Trang,2,1797000.0,0.068,Completed,3350000.0,4.5,True,False
B02771,2023-11-19,2024-01-20,C0396,Student,Beach,Website,Card,Phú Quốc,1,4163000.0,0.0741609950536642,Completed,3854000.0,4.4,True,False
B00448,2024-05-26,2024-06-09,C0396,Young Professional,Beach,Agent,Card,Đà Nẵng,2,4914000.0,0.078,Completed,9061000.0,4.0,True,False
B00834,2025-04-17,2025-05-14,C0396,Young Professional,City Break,Agent,Card,Đà Nẵng,2,2321000.0,0.158,Completed,3909000.0,4.2,True,False
B01317,2022-02-21,2022-04-07,C0397,Young Professional,Cultural,Website,Cash,Hạ Long,2,2667000.0,0.1759817618521865,Completed,4395000.0,4.3,True,False
B02104,2023-02-02,2023-04-30,C0397,,Foodie,Agent,Bank Transfer,Nha Trang,4,2906000.0,0.1120122347979342,Completed,10322000.0,4.5,True,False
B00070,2024-02-27,2024-03-30,C0397,Family,Cultural,Website,Card,Đà Lạt,1,1795000.0,0.051,Completed,1703000.0,4.3,False,False
B03091,2024-04-04,2024-05-13,C0397,Student,City Break,Website,Card,Hạ Long,1,2452000.0,,Completed,2090000.0,4.6,True,False
B00465,2025-01-15,2025-01-29,C0397,Family,Cultural,Mobile App,Card,Nha Trang,1,2942000.0,0.179,Completed,2415000.0,4.5,True,False
B00222,2025-03-04,2025-06-02,C0397,Family,Beach,Mobile App,Cash,Hạ Long,3,2781000.0,0.086,Completed,7626000.0,3.9,True,False
B00997,2025-08-09,2025-10-22,C0397,Family,Cultural,Mobile App,Card,Hạ Long,1,2147000.0,0.107,Completed,1917000.0,4.7,True,False
B01378,2022-03-24,2022-05-31,C0398,Family,Family,Website,Card,Hà Nội,2,3110000.0,0.1214019599027592,Completed,5465000.0,3.6,True,False
B01523,2022-05-28,2022-07-05,C0398,Student,Beach,Call Center,Bank Transfer,Hội An,1,4478000.0,0.2144924014233656,Completed,3518000.0,3.9,True,False
B01603,2022-06-28,2022-08-02,C0398,Student,Beach,Mobile App,Card,Hạ Long,2,4184000.0,0.0705765637160438,Completed,7777000.0,4.6,True,False
B02654,2023-10-03,2023-11-09,C0398,Student,Adventure,Agent,Cash,Đà Nẵng,2,5081000.0,0.1083202211206884,Completed,9061000.0,3.4,True,False
B01198,2024-01-26,2024-04-25,C0398,Young Professional,City Break,Agent,Card,Huế,1,1640000.0,0.138,Completed,1414000.0,4.8,False,False
B00721,2024-06-30,2024-07-20,C0398,Young Professional,Foodie,Agent,Card,Hội An,2,1832000.0,0.033,Completed,3543000.0,5.0,True,False
B03275,2024-06-19,2024-08-28,C0398,Family,Cultural,Mobile App,E-wallet,Đà Nẵng,2,2848000.0,0.1171484907709363,Completed,5029000.0,4.7,True,False
B00882,2025-04-07,2025-06-18,C0398,Young Professional,Beach,Website,Card,Phú Quốc,2,4706000.0,0.055,Completed,8894000.0,4.1,True,False
B01435,2022-04-19,2022-05-04,C0399,Student,Beach,Agent,E-wallet,Nha Trang,3,4113000.0,0.0723112887759318,Completed,11447000.0,4.3,True,False
B01515,2022-05-23,2022-08-07,C0399,Student,Cultural,Website,Card,Hạ Long,1,2873000.0,0.0858688403067557,Completed,2626000.0,5.0,True,False
B02365,2023-05-30,2023-05-30,C0399,Family,Beach,Agent,Bank Transfer,Đà Lạt,2,2987000.0,0.0660151269012891,Completed,5580000.0,3.8,True,False
B02450,2023-07-02,2023-07-29,C0399,Student,Family,Mobile App,E-wallet,Đà Lạt,2,2955000.0,0.0932870113636964,Completed,5359000.0,4.5,True,False
B02577,2023-08-28,2023-10-04,C0399,Family,Cultural,Agent,Bank Transfer,Nha Trang,4,3335000.0,0.1347183953800428,Completed,11543000.0,3.7,True,False
B03036,2024-03-08,2024-05-31,C0399,Student,Family,Website,Card,Hội An,2,2700000.0,0.1122748934136451,Completed,4794000.0,4.7,True,False
B00201,2025-03-15,2025-04-12,C0399,Young Professional,Beach,Website,Card,Hạ Long,1,2925000.0,0.107,Completed,2612000.0,3.7,False,False
B04203,2025-07-17,2025-08-16,C0399,Young Professional,Cultural,Website,Bank Transfer,Phú Quốc,1,2854000.0,0.1005148307059209,Completed,2567000.0,4.0,True,False
B00662,2024-06-11,2024-08-24,C0400,Young Professional,Beach,Mobile App,E-wallet,TP.HCM,1,4428000.0,0.091,Completed,4025000.0,4.1,False,False
B00335,2024-01-06,2024-03-12,C0401,Young Professional,Cultural,Agent,Card,Hạ Long,1,3390000.0,-0.2,Completed,3207000.0,4.1,False,False
B00959,2024-10-25,2024-12-09,C0401,Young Professional,Beach,Website,Card,Nha Trang,1,3261000.0,0.038,Completed,3137000.0,3.7,True,False
B00766,2025-07-08,2025-10-04,C0401,Young Professional,Cultural,Mobile App,Bank Transfer,Đà Nẵng,1,1841000.0,0.072,Completed,1708000.0,4.7,True,False
B00600,2025-08-18,2025-11-05,C0401,Young Professional,Foodie,Website,Bank Transfer,Hội An,1,2250000.0,0.115,Completed,1991000.0,3.9,True,False
B02992,2024-02-17,2024-04-03,C0403,Family,Family,Agent,Card,Sa Pa,2,3153000.0,,Completed,5577000.0,4.6,True,False
B00405,2025-06-29,2025-08-26,C0403,Family,Adventure,Website,Bank Transfer,TP.HCM,1,5488000.0,0.027,Completed,5340000.0,3.4,False,False
B00248,2025-09-08,2025-11-23,C0403,Family,Adventure,Website,Card,Sa Pa,3,4413000.0,0.15,Completed,11253000.0,4.8,True,False
B00855,2024-04-09,2024-05-10,C0404,Student,City Break,Website,Bank Transfer,TP.HCM,1,2465000.0,0.054,Completed,2332000.0,4.0,False,False
B03191,2024-05-16,2024-07-13,C0404,Family,Cultural,Website,Card,TP.HCM,3,2380000.0,0.081378414291136,Completed,6559000.0,4.9,True,False
B00599,2024-07-17,2024-08-08,C0404,Student,Cultural,Website,Card,Huế,2,2162000.0,0.036,Completed,4168000.0,4.9,True,False
B00158,2024-08-12,2024-10-30,C0404,Student,Family,Website,Cash,TP.HCM,3,3472000.0,0.026,Completed,10145000.0,3.7,True,False
B00513,2024-11-04,2024-12-01,C0404,Student,Adventure,Website,E-wallet,Phú Quốc,1,4638000.0,0.061,Completed,4355000.0,4.2,True,False
B00395,2025-01-31,2025-03-18,C0404,Student,Cultural,Mobile App,Card,TP.HCM,2,3314000.0,0.091,Completed,6025000.0,3.9,True,False
B02262,2023-04-14,2023-07-02,C0405,Student,Adventure,Agent,Cash,TP.HCM,1,5315000.0,0.1484273855856125,Completed,4526000.0,3.8,True,False
B00424,2025-05-27,2025-07-23,C0405,Corporate,City Break,Website,Card,Hà Nội,4,1762000.0,0.042,Completed,6752000.0,4.4,False,False
B03797,2025-02-02,2025-04-27,C0406,Young Professional,Adventure,Website,Bank Transfer,Phú Quốc,4,5155000.0,0.1103340794441504,Completed,18345000.0,4.6,True,False
B01836,2022-09-28,2022-12-02,C0407,Family,Beach,Agent,Card,Huế,2,3632000.0,0.1517138805253892,Completed,6162000.0,3.9,True,False
B01954,2022-11-30,2023-01-14,C0407,Student,Family,Agent,Bank Transfer,Nha Trang,4,3548000.0,0.1369553940040547,Completed,12248000.0,3.7,True,False
B02093,2023-01-30,2023-03-26,C0407,Young Professional,Cultural,Website,Card,Phú Quốc,3,2552000.0,0.0,Completed,7656000.0,4.4,True,False
B00449,2024-03-04,2024-04-25,C0407,Young Professional,Adventure,Website,E-wallet,Hà Nội,1,5233000.0,0.021,Completed,5123000.0,3.5,False,False
B00423,2024-10-03,2024-11-20,C0407,Young Professional,Adventure,Website,Card,Hội An,1,4478000.0,0.189,Completed,3632000.0,4.9,True,False
B01124,2025-05-24,2025-06-28,C0407,Young Professional,Beach,Agent,Cash,Đà Nẵng,2,2842000.0,-0.2,Completed,5263000.0,3.8,True,False
B04302,2025-08-27,2025-10-04,C0407,Student,Family,Agent,Card,Phú Quốc,4,3594000.0,,Completed,12907000.0,4.1,True,False
B00672,2024-05-22,2024-06-02,C0408,Family,Foodie,Website,Bank Transfer,Nha Trang,1,1842000.0,0.06,Completed,1731000.0,4.9,True,False
B01085,2024-08-13,2024-09-27,C0408,Family,Family,Agent,Card,TP.HCM,4,2033000.0,0.088,Completed,7416000.0,4.7,True,False
B00668,2024-10-25,2024-11-28,C0408,Family,Foodie,Call Center,E-wallet,TP.HCM,1,2434000.0,0.055,Completed,2300000.0,4.7,True,False
B00709,2024-11-03,2024-12-16,C0408,Family,Cultural,Agent,Cash,Phú Quốc,2,3392000.0,0.027,Completed,6601000.0,3.5,True,False
B00271,2025-01-28,2025-03-01,C0408,Family,Foodie,Website,Cash,Đà Lạt,3,1844000.0,0.148,Completed,4713000.0,4.1,True,False
B00704,2024-12-20,2025-03-16,C0408,Family,Family,Agent,E-wallet,Hạ Long,2,4024000.0,0.132,Completed,6986000.0,4.1,True,False
B00896,2025-05-12,2025-06-09,C0408,Family,Family,Agent,Card,Phú Quốc,2,3793000.0,0.039,Completed,7290000.0,4.5,True,False
B01304,2022-02-13,2022-03-26,C0409,Family,Beach,Mobile App,Card,Phú Quốc,2,3993000.0,0.122620820790054,Completed,7007000.0,4.0,True,False
B01368,2022-03-20,2022-05-08,C0409,Student,Beach,Mobile App,Card,Sa Pa,1,3645000.0,0.0353973259034607,Completed,3516000.0,3.9,True,False
B00276,2024-11-01,2024-11-11,C0409,Student,Adventure,Website,Card,Đà Nẵng,1,3863000.0,0.125,Completed,3380000.0,3.9,False,False
B01886,2022-10-28,2022-12-16,C0410,Student,Cultural,Website,Bank Transfer,Nha Trang,2,3500000.0,0.0691732068237181,Completed,6516000.0,4.6,True,False
B02271,2023-04-16,2023-05-12,C0410,Family,Beach,Agent,Card,Nha Trang,3,4209000.0,0.0659064974847245,Completed,11795000.0,4.6,True,False
B02731,2023-11-04,2024-01-06,C0410,Student,Beach,Agent,Card,Hạ Long,2,4251000.0,0.1092564413196968,Completed,7573000.0,3.4,True,False
B00897,2024-11-09,2025-01-20,C0410,Corporate,Beach,Agent,E-wallet,Đà Nẵng,2,5409000.0,0.174,Completed,8936000.0,3.7,True,False
B00115,2025-05-04,2025-07-10,C0410,Corporate,Cultural,Mobile App,Card,Hội An,1,3085000.0,0.063,Completed,2891000.0,4.0,True,False
B00549,2025-07-09,2025-10-05,C0410,Corporate,City Break,Mobile App,Card,Huế,2,2550000.0,0.044,Completed,4876000.0,3.8,True,False
B04364,2025-09-23,2025-11-06,C0410,Young Professional,Cultural,Agent,Bank Transfer,Phú Quốc,2,2431000.0,0.0676858703595482,Completed,4533000.0,3.9,True,False
B01235,2022-01-18,2022-03-09,C0411,Family,City Break,Website,Card,Huế,2,1697000.0,0.1389379126138327,Completed,2922000.0,4.1,True,False
B02075,2023-01-24,2023-02-17,C0411,Young Professional,City Break,Website,Bank Transfer,Hạ Long,4,2630000.0,0.1461530096258549,Completed,8982000.0,4.6,True,False
B00914,2024-09-02,2024-10-17,C0411,Family,Beach,Website,Bank Transfer,Hạ Long,2,4914000.0,0.15,Completed,8354000.0,4.6,False,False
B00874,2025-04-01,2025-04-29,C0411,Family,Foodie,Mobile App,Card,Đà Lạt,1,1865000.0,0.178,Completed,1533000.0,4.4,True,False
B01883,2022-10-26,2022-12-01,C0412,Young Professional,Beach,Website,Card,TP.HCM,4,3860000.0,0.1278060552162644,Completed,13467000.0,3.8,True,False
B02163,2023-02-22,2023-04-13,C0412,Family,Adventure,Mobile App,Bank Transfer,TP.HCM,3,5467000.0,0.1289504023823046,Completed,14286000.0,4.5,True,False
B00186,2024-02-04,2024-04-04,C0412,Family,Cultural,Website,Bank Transfer,Phú Quốc,1,1668000.0,0.263,Completed,1229000.0,4.1,False,False
B01077,2024-06-24,2024-08-23,C0412,Family,Family,Website,Bank Transfer,Huế,5,2046000.0,0.0,Completed,10230000.0,5.0,True,False
B01753,2022-08-23,2022-10-10,C0413,Young Professional,Cultural,Website,Bank Transfer,Hội An,1,2644000.0,0.1040838287868061,Completed,2369000.0,4.4,True,False
B00030,2024-01-26,2024-03-09,C0413,Student,Cultural,Agent,Card,Nha Trang,2,3227000.0,0.19,Completed,5228000.0,4.5,False,False
B00850,2024-02-28,2024-03-24,C0413,Student,Cultural,Website,Cash,Phú Quốc,2,2958000.0,0.126,Completed,5171000.0,4.6,True,False
B01890,2022-10-30,2022-12-02,C0414,Young Professional,Beach,Website,Card,Hạ Long,3,4389000.0,0.1344155778917186,Completed,11397000.0,4.7,True,False
B02197,2023-03-14,2023-05-16,C0414,Student,Family,Website,Card,Đà Nẵng,2,3613000.0,,Completed,6755000.0,3.3,True,False
B02652,2023-10-03,2023-11-20,C0414,Family,Cultural,Mobile App,Bank Transfer,Phú Quốc,1,2412000.0,0.1110913372988223,Completed,2144000.0,4.3,True,False
B00353,2024-04-16,2024-06-14,C0414,Corporate,Family,Agent,Card,Hà Nội,2,2073000.0,0.016,Completed,4080000.0,4.4,True,False
B00121,2024-04-05,2024-06-19,C0414,Corporate,Beach,Agent,Card,TP.HCM,1,3304000.0,0.073,Completed,3063000.0,4.8,False,False
B00545,2024-08-28,2024-10-05,C0414,Corporate,Beach,Mobile App,Bank Transfer,Sa Pa,1,2830000.0,0.069,Completed,2635000.0,3.8,True,False
B00539,2024-11-09,2025-02-05,C0414,Corporate,Family,Website,Bank Transfer,Hà Nội,4,3146000.0,0.229,Completed,9702000.0,4.5,True,False
B00883,2025-02-10,2025-03-02,C0414,Corporate,Foodie,Website,Card,Đà Lạt,4,2165000.0,0.142,Completed,7430000.0,3.6,True,False
B00508,2025-03-12,2025-05-08,C0414,Corporate,Beach,Agent,E-wallet,Hội An,2,2696000.0,0.236,Completed,4119000.0,3.9,True,False
B04127,2025-06-25,2025-07-29,C0414,Family,City Break,,Card,Nha Trang,3,2469000.0,0.1328680876061722,Completed,6423000.0,3.6,True,False
B00164,2025-07-06,2025-08-12,C0414,Corporate,Beach,Website,Cash,Hà Nội,2,2788000.0,0.028,Completed,5420000.0,5.0,True,False
B01956,2022-12-02,2023-02-13,C0415,Young Professional,Family,Agent,Bank Transfer,TP.HCM,1,3391000.0,0.1450795094005023,Completed,2899000.0,3.7,True,False
B02134,2023-02-11,2023-03-24,C0415,Student,Family,Mobile App,E-wallet,TP.HCM,2,3158000.0,0.080102590428657,Completed,5810000.0,3.7,True,False
B02023,2022-12-30,2023-04-01,C0415,Student,Cultural,Website,Bank Transfer,Huế,2,2230000.0,0.1266508236109173,Completed,3895000.0,4.2,True,False
B02563,2023-08-23,2023-10-30,C0415,Family,City Break,Website,Bank Transfer,Hạ Long,4,2627000.0,0.1448603928190948,Completed,8986000.0,4.2,True,False
B00862,2024-04-21,2024-07-04,C0415,Student,Beach,Website,Card,Đà Lạt,1,3205000.0,0.071,Completed,2977000.0,4.8,False,False
B00131,2024-07-05,2024-07-16,C0415,Student,Beach,Agent,Bank Transfer,Hà Nội,1,4624000.0,0.055,Completed,4370000.0,4.3,True,False
B00172,2025-05-13,2025-07-24,C0415,Student,Family,Mobile App,Bank Transfer,Nha Trang,4,3778000.0,0.079,Completed,13918000.0,4.9,True,False
B00895,2025-06-20,2025-09-03,C0415,Student,Cultural,Website,Bank Transfer,TP.HCM,2,4006000.0,0.047,Completed,7635000.0,4.5,True,False
B01210,2022-01-05,2022-02-26,C0416,Student,City Break,Website,Card,Hạ Long,1,2637000.0,0.1365168762533133,Completed,2277000.0,4.1,True,False
B00486,2024-04-26,2024-06-01,C0416,Young Professional,Adventure,Mobile App,Cash,TP.HCM,2,5081000.0,0.063,Completed,9522000.0,5.0,False,False
B00294,2025-04-20,2025-07-05,C0416,Young Professional,Beach,Agent,Bank Transfer,Đà Lạt,1,2769000.0,0.088,Completed,2525000.0,4.5,True,False
B01840,2022-09-29,2022-11-18,C0417,Young Professional,Foodie,Call Center,Bank Transfer,Phú Quốc,1,2739000.0,0.1200210007376711,Completed,2410000.0,5.0,True,False
B00976,2024-03-09,2024-04-25,C0417,Student,Cultural,Mobile App,Card,Hà Nội,1,2534000.0,0.245,Completed,1913000.0,4.8,False,False
B01026,2024-09-09,2024-11-02,C0417,Student,Adventure,Website,Card,Huế,1,3283000.0,0.166,Completed,2738000.0,4.1,True,False
B01394,2022-04-02,2022-04-12,C0418,Corporate,Beach,Agent,,TP.HCM,1,3810000.0,0.0627350569109783,Completed,3571000.0,4.4,True,False
B02063,2023-01-19,2023-02-06,C0418,Student,Adventure,Mobile App,Bank Transfer,Hạ Long,1,6050000.0,0.1171884217973395,Completed,5341000.0,3.7,True,False
B00039,2024-12-07,2025-01-06,C0418,Family,Cultural,Website,Card,Huế,2,4208000.0,0.14,Completed,7238000.0,3.9,False,False
B03852,2025-02-25,2025-04-29,C0418,Student,Family,Website,Card,Nha Trang,3,3874000.0,0.1344388453433787,Completed,10060000.0,4.5,True,False
B00484,2025-07-06,2025-08-17,C0418,Family,City Break,Website,Bank Transfer,Nha Trang,2,2562000.0,0.072,Completed,4755000.0,4.3,True,False
B01571,2022-06-16,2022-08-23,C0419,Young Professional,Cultural,Website,Card,Đà Lạt,1,2646000.0,,Completed,2431000.0,4.0,True,False
B02883,2024-01-02,2024-01-02,C0419,Young Professional,Foodie,Mobile App,Cash,Hà Nội,2,2146000.0,0.0589752137596374,Completed,4039000.0,3.8,True,False
B00381,2025-02-08,2025-03-10,C0419,Student,Cultural,Website,Card,Hà Nội,2,2911000.0,0.114,Completed,5158000.0,4.9,False,False
B01576,2022-06-17,2022-06-28,C0420,Family,Cultural,Agent,Card,Sa Pa,1,2784000.0,0.1102486898430163,Completed,2477000.0,4.3,True,False
B01550,2022-06-07,2022-08-09,C0420,Family,Family,Website,Card,Phú Quốc,2,3847000.0,0.1615133595760689,Completed,6451000.0,4.2,True,False
B01940,2022-11-24,2023-01-13,C0420,Corporate,Family,Call Center,Card,Hạ Long,1,3659000.0,0.0417610444195848,Completed,3506000.0,3.8,True,False
B03053,2024-03-21,2024-05-29,C0420,Family,Beach,Website,Card,Hạ Long,1,3933000.0,0.0582525615828024,Completed,3704000.0,4.4,True,False
B00472,2024-08-04,2024-10-22,C0420,Corporate,Cultural,Website,Card,Hội An,2,1558000.0,0.036,Completed,3004000.0,3.7,True,False
B01202,2022-01-01,2022-01-24,C0421,Corporate,Cultural,Website,Card,Nha Trang,2,3186000.0,0.1357399471419946,Completed,5507000.0,4.2,False,False
B01306,2022-02-14,2022-03-03,C0421,Young Professional,Cultural,Call Center,Bank Transfer,Hà Nội,1,2555000.0,0.0317544801488402,Completed,2474000.0,3.9,True,False
B01387,2022-03-29,2022-06-06,C0421,Family,City Break,Agent,Card,Nha Trang,1,2807000.0,0.0712453752123281,Completed,2607000.0,3.7,True,False
B01562,2022-06-12,2022-07-31,C0421,Young Professional,Cultural,Website,,Phú Quốc,1,2739000.0,0.187909389251527,Completed,2224000.0,3.7,True,False
B02069,2023-01-22,2023-02-16,C0421,Family,Beach,Website,E-wallet,TP.HCM,2,4100000.0,0.1046364019557378,Completed,7342000.0,4.3,True,False
B03106,2024-04-11,2024-05-12,C0421,Student,Foodie,Mobile App,Card,Hội An,2,2037000.0,0.1122963129788522,Completed,3617000.0,4.8,True,False
B01203,2022-01-01,2022-01-02,C0422,Student,Cultural,Website,Card,Đà Nẵng,1,2596000.0,0.1967081064800988,Completed,2085000.0,4.1,False,False
B01734,2022-08-16,2022-10-09,C0422,Young Professional,Foodie,Website,Card,Phú Quốc,1,2751000.0,0.0817229161184421,Completed,2526000.0,4.3,True,False
B04044,2025-05-25,2025-08-08,C0422,Family,Beach,Website,Card,Hội An,3,4507000.0,0.0463697119924781,Completed,12894000.0,4.4,True,False
B01675,2022-07-28,2022-09-22,C0423,Corporate,Adventure,Mobile App,Card,Đà Lạt,2,4459000.0,0.0520640279229393,Completed,8454000.0,4.2,True,False
B01205,2022-01-03,2022-01-31,C0424,Student,Family,Agent,Bank Transfer,Hội An,1,2631000.0,0.1172415516079711,Completed,2323000.0,4.3,False,False
B03850,2025-02-24,2025-04-19,C0424,Student,Adventure,Website,Card,Hà Nội,3,4741000.0,0.1976821917758421,Completed,11411000.0,4.2,True,False
B04197,2025-07-15,2025-09-27,C0424,Young Professional,Beach,Website,Card,Hạ Long,2,4114000.0,0.0697485333901572,Completed,7654000.0,4.0,True,False
B01209,2022-01-05,2022-02-19,C0425,Family,Beach,Website,Card,Phú Quốc,2,4472000.0,0.08241528704911,Completed,8207000.0,3.3,False,False
B01218,2022-01-10,2022-02-19,C0426,Young Professional,Cultural,Mobile App,Card,Hạ Long,1,2756000.0,0.0731795826630982,Completed,2554000.0,4.5,False,False
B01650,2022-07-18,2022-09-16,C0426,Young Professional,City Break,Mobile App,Cash,Nha Trang,2,2447000.0,0.0976744516483393,Completed,4416000.0,3.4,True,False
B02378,2023-06-05,2023-06-09,C0426,Student,Beach,Agent,Card,Đà Lạt,2,3728000.0,0.0767135683083717,Completed,6884000.0,3.9,True,False
B03029,2024-03-04,2024-06-09,C0426,Young Professional,City Break,Website,Bank Transfer,Đà Lạt,2,2654000.0,,Completed,4910000.0,3.6,True,False
B03447,2024-08-27,2024-11-03,C0426,Family,Beach,Website,Card,Hà Nội,2,4134000.0,0.06769055642967,Completed,7708000.0,4.2,True,False
B03946,2025-04-16,2025-07-24,C0426,Young Professional,Family,Mobile App,E-wallet,Nha Trang,3,3871000.0,0.1320998579052388,Completed,10079000.0,4.5,True,False
B03953,2025-04-18,2025-06-12,C0427,Family,Beach,Website,Bank Transfer,Phú Quốc,2,4237000.0,,Completed,7503000.0,4.4,True,False
B04118,2025-06-18,2025-07-12,C0427,Young Professional,Cultural,Website,Card,TP.HCM,2,2305000.0,0.0848152281001442,Completed,4219000.0,4.4,True,False
B03409,2024-08-10,2024-11-10,C0428,Family,Cultural,Mobile App,Card,Sa Pa,4,2389000.0,0.0472765480439903,Completed,9104000.0,4.2,True,False
B01228,2022-01-13,2022-02-09,C0429,Student,Family,Website,Cash,Đà Lạt,3,3275000.0,0.0812251139301124,Completed,9027000.0,4.2,False,False
B02157,2023-02-19,2023-04-28,C0429,Family,Beach,Website,Card,Nha Trang,2,4855000.0,0.0380574744228667,Completed,9340000.0,4.3,True,False
B03052,2024-03-20,2024-04-28,C0429,Young Professional,Beach,Website,Card,Hội An,2,4497000.0,0.080027831437117,Completed,8274000.0,3.9,True,False
B01229,2022-01-15,2022-01-26,C0430,Student,Cultural,Website,Card,Đà Nẵng,1,2761000.0,0.1308295755979721,Completed,2400000.0,4.2,False,False
B01560,2022-06-11,2022-07-29,C0430,Student,Cultural,Agent,Card,Nha Trang,1,3383000.0,0.0508497011846421,Completed,3211000.0,3.7,True,False
B01551,2022-06-08,2022-07-17,C0431,Family,Family,Website,Cash,Hạ Long,4,3562000.0,0.0291865189551738,Completed,13832000.0,4.4,True,False
B01263,2022-01-27,2022-02-03,C0432,Young Professional,Cultural,Website,Card,Phú Quốc,1,2738000.0,0.0354515657756999,Completed,2641000.0,4.4,True,False
B01283,2022-02-06,2022-03-25,C0432,Family,Foodie,Website,Card,Nha Trang,1,2562000.0,0.1283812008303647,Completed,2233000.0,5.0,True,False
B01357,2022-03-13,2022-04-12,C0432,Student,Beach,Agent,E-wallet,Nha Trang,1,4946000.0,0.1279432320219987,Completed,4313000.0,3.6,True,False
B01237,2022-01-18,2022-04-15,C0432,Student,Family,Agent,Card,Phú Quốc,1,3693000.0,0.1992043571072905,Completed,2957000.0,4.9,False,False
B02876,2023-12-30,2024-02-19,C0432,Student,Foodie,Website,Card,TP.HCM,4,2589000.0,0.0867544047240349,Completed,9458000.0,3.8,True,False
B02857,2023-12-24,2024-03-02,C0432,Student,Beach,Website,E-wallet,Sa Pa,1,3887000.0,0.1000434148405494,Completed,3498000.0,4.5,True,False
B01238,2022-01-18,2022-01-31,C0433,Family,Beach,Agent,Card,Đà Nẵng,3,4192000.0,0.0922187740490206,Completed,11416000.0,4.7,False,False
B01540,2022-06-04,2022-07-25,C0433,Family,Cultural,Mobile App,E-wallet,Hà Nội,2,2696000.0,0.0889635210865405,Completed,4912000.0,4.6,True,False
B01615,2022-07-03,2022-09-05,C0433,Young Professional,Beach,Website,Card,Đà Nẵng,5,4439000.0,0.0999039156720488,Completed,19978000.0,4.0,True,False
B02067,2023-01-22,2023-03-27,C0433,Young Professional,Beach,Website,Cash,Hà Nội,1,4045000.0,0.0339106637861523,Completed,3908000.0,4.2,True,False
B03749,2025-01-04,2025-01-11,C0433,Young Professional,Cultural,,E-wallet,Nha Trang,1,3210000.0,0.0505269669182534,Completed,3048000.0,4.3,True,False
B01240,2022-01-19,2022-03-21,C0434,Student,Family,Mobile App,Card,Sa Pa,4,2897000.0,0.0971863824170298,Completed,10462000.0,4.7,False,False
B01467,2022-04-30,2022-06-19,C0434,Family,Family,Mobile App,Bank Transfer,TP.HCM,2,3570000.0,0.1195584254210624,Completed,6286000.0,3.3,True,False
B03810,2025-02-05,2025-03-07,C0434,Student,Foodie,Call Center,Card,Nha Trang,2,2578000.0,0.1342103629028296,Completed,4464000.0,3.9,True,False
B01244,2022-01-21,2022-03-06,C0435,Young Professional,Adventure,Website,Card,Nha Trang,2,5110000.0,0.1344431010720744,Completed,8846000.0,4.4,False,False
B01690,2022-02-08,2022-10-23,C0435,Student,Beach,Mobile App,Card,Hà Nội,4,3849000.0,0.1247196099409975,Completed,13476000.0,4.3,True,False
B03237,2024-06-05,2024-08-10,C0435,Family,Adventure,Website,Cash,Hội An,2,5329000.0,0.1486145578346314,Completed,9074000.0,4.0,True,False
B03873,2025-03-05,2025-05-10,C0435,Young Professional,Cultural,Agent,Cash,Huế,2,2168000.0,0.1303584128205611,Completed,3771000.0,4.3,True,False
B01749,2022-08-20,2022-09-14,C0437,Young Professional,City Break,Website,Bank Transfer,Đà Nẵng,3,2490000.0,,Completed,6893000.0,3.5,True,False
B01255,2022-01-24,2022-03-30,C0438,Corporate,Family,Website,Card,Phú Quốc,4,3388000.0,0.0743650581595679,Completed,12544000.0,4.4,False,False
B01745,2022-08-19,2022-09-15,C0438,Student,Beach,Agent,Card,Nha Trang,2,4524000.0,0.1471833331580423,Completed,7716000.0,3.6,True,False
B02681,2023-10-13,2023-11-22,C0438,Corporate,Beach,Agent,Card,Hội An,1,4202000.0,0.1172554801738798,Completed,3709000.0,4.1,True,False
B03129,2024-04-20,2024-06-26,C0438,Corporate,Foodie,Website,Bank Transfer,Phú Quốc,4,2703000.0,0.1539259510600274,Completed,9148000.0,4.1,True,False
B04352,2025-09-16,2025-11-14,C0438,Family,Cultural,Website,Bank Transfer,Phú Quốc,4,2556000.0,0.0840599249292407,Completed,9365000.0,4.4,True,False
B01262,2022-01-27,2022-02-22,C0439,Family,Family,Mobile App,Card,Nha Trang,1,3917000.0,0.1588450309064632,Completed,3295000.0,3.6,False,False
B01494,2022-05-08,2022-06-14,C0439,Family,Cultural,Mobile App,Card,Phú Quốc,3,2955000.0,0.0729008079579478,Completed,8219000.0,3.8,True,False
B01705,2022-08-09,2022-10-27,C0439,Family,Adventure,Website,Card,Đà Nẵng,1,5396000.0,0.0879997655842208,Completed,4921000.0,4.0,True,False
B01265,2022-01-28,2022-03-05,C0440,Family,Foodie,Mobile App,,Huế,2,2512000.0,0.0776170043970377,Completed,4634000.0,4.1,False,False
B01267,2022-01-29,2022-03-04,C0441,Family,Family,Website,Card,TP.HCM,1,3210000.0,0.0921918232829591,Completed,2914000.0,3.9,False,False
B01858,2022-10-08,2022-12-19,C0441,Family,Family,,Card,Hạ Long,2,3334000.0,0.0,Completed,6668000.0,5.0,True,False
B02371,2023-06-02,2023-08-16,C0441,Student,Cultural,Mobile App,Card,Đà Nẵng,2,3162000.0,0.115940797433796,Completed,5591000.0,4.6,True,False
B01268,2022-01-29,2022-03-23,C0442,Young Professional,Adventure,,,TP.HCM,3,5056000.0,0.1049395438327493,Completed,13576000.0,3.5,False,False
B01442,2022-04-24,2022-06-07,C0442,Student,City Break,Agent,Bank Transfer,Đà Nẵng,2,2984000.0,0.0712757962999441,Completed,5543000.0,4.2,True,False
B02471,2023-07-15,2023-09-24,C0442,Family,City Break,Agent,Card,Đà Lạt,3,2135000.0,0.1383269401595599,Completed,5519000.0,4.7,True,False
B01272,2022-01-02,2022-04-04,C0443,Young Professional,City Break,Mobile App,Bank Transfer,Sa Pa,2,2220000.0,0.1189613026554186,Completed,3912000.0,3.7,False,False
B01274,2022-02-02,2022-03-25,C0444,Young Professional,Beach,Agent,Card,Hội An,1,3841000.0,0.2038908828079378,Completed,3058000.0,4.3,False,False
B02866,2023-12-26,2024-04-23,C0444,,Cultural,Website,Card,Nha Trang,1,3355000.0,0.1030933296887972,Completed,3009000.0,3.6,True,False
B01276,2022-02-02,2022-04-14,C0445,Young Professional,Family,,Bank Transfer,Đà Nẵng,2,3594000.0,0.0733222307381221,Completed,6661000.0,4.2,False,False
B02091,2023-01-28,2023-04-02,C0445,Student,Cultural,Website,Card,Sa Pa,1,2519000.0,0.069970989308442,Completed,2343000.0,4.1,True,False
B01277,2022-02-03,2022-04-02,C0446,Corporate,City Break,Agent,E-wallet,Hà Nội,2,2706000.0,,Completed,4957000.0,4.9,False,False
B01278,2022-02-04,2022-05-07,C0447,Student,Family,Agent,Card,Phú Quốc,3,3516000.0,0.1041967068234795,Completed,9449000.0,3.5,False,False
B01518,2022-05-25,2022-08-15,C0447,Corporate,City Break,Website,Card,Sa Pa,1,2240000.0,0.0952849476268559,Completed,2027000.0,5.0,True,False
B01282,2022-02-05,2022-06-05,C0448,Corporate,Cultural,Website,Card,Hà Nội,1,2796000.0,0.0389532369775172,Completed,2687000.0,4.3,False,False
B02071,2023-01-23,2023-03-11,C0448,Student,Cultural,Website,Card,Hạ Long,1,2552000.0,0.1063017743754073,Completed,2281000.0,3.5,True,False
B03045,2024-03-16,2024-04-28,C0448,Family,Beach,Website,Card,Huế,5,3838000.0,0.0957759215783993,Completed,17352000.0,5.0,True,False
B01284,2022-02-06,2022-04-11,C0449,Student,Foodie,Website,Card,Phú Quốc,1,3009000.0,0.1445150734504107,Completed,2574000.0,4.2,False,False
B01455,2022-04-28,2022-05-22,C0449,Young Professional,Beach,Website,Cash,Nha Trang,1,4423000.0,0.0452547021957005,Completed,4223000.0,3.7,True,False
B01804,2022-09-11,2022-11-29,C0449,Family,Family,Mobile App,Cash,TP.HCM,2,3472000.0,0.103015000301277,Completed,6229000.0,4.5,True,False
B02073,2023-01-23,2023-03-15,C0449,Corporate,Foodie,Website,Card,Hội An,1,2025000.0,0.1592686993118587,Completed,1702000.0,4.7,True,False
B01287,2022-02-07,2022-03-26,C0450,,Beach,Website,Cash,Phú Quốc,1,4139000.0,0.0902028894096656,Completed,3766000.0,3.3,False,False
B01288,2022-02-07,2022-03-22,C0451,Student,Beach,Mobile App,Card,Sa Pa,1,3715000.0,0.1540064241871552,Completed,3143000.0,4.6,False,False
B01404,2022-04-05,2022-06-13,C0451,Family,City Break,Website,,Hội An,3,1555000.0,0.0606281683306522,Completed,4382000.0,4.8,True,False
B01582,2022-06-19,2022-08-12,C0451,Family,Cultural,Website,Card,Nha Trang,2,3467000.0,0.1518812225267458,Completed,5881000.0,4.4,True,False
B02177,2023-02-28,2023-04-18,C0451,Family,Beach,Website,Card,Nha Trang,1,4398000.0,0.1304364434706361,Completed,3824000.0,4.4,True,False
B01289,2022-02-07,2022-04-07,C0452,Young Professional,Foodie,Mobile App,Card,Đà Lạt,1,2524000.0,0.1888288671919527,Completed,2047000.0,4.0,False,False
B01484,2022-05-06,2022-06-29,C0452,Student,City Break,Website,Card,Phú Quốc,2,2281000.0,0.190056003999848,Completed,3695000.0,4.0,True,False
B02340,2023-05-16,2023-07-07,C0452,Young Professional,City Break,Website,E-wallet,Đà Lạt,2,2394000.0,0.0893406826490484,Completed,4360000.0,4.9,True,False
B02523,2023-08-11,2023-09-29,C0452,Family,Beach,Website,E-wallet,Đà Nẵng,2,4100000.0,0.049418473620112,Completed,7795000.0,4.6,True,False
B01291,2022-02-08,2022-03-18,C0453,Student,Foodie,Website,Bank Transfer,Đà Nẵng,3,2586000.0,0.1337441213270146,Completed,6720000.0,4.6,False,False
B01958,2022-12-02,2023-01-27,C0453,Family,Adventure,Website,Card,Hội An,1,4866000.0,0.0692054254977109,Completed,4529000.0,5.0,True,False
B03381,2024-07-30,2024-10-29,C0453,Young Professional,Foodie,Call Center,Cash,Hạ Long,4,2452000.0,0.0598217473504672,Completed,9221000.0,4.0,True,False
B01360,2022-03-15,2022-03-24,C0454,Young Professional,Beach,Agent,Bank Transfer,Huế,2,3288000.0,0.0397658984045698,Completed,6314000.0,3.7,True,False
B01292,2022-02-08,2022-04-05,C0454,Family,Cultural,Website,Card,Hà Nội,2,2549000.0,,Completed,4296000.0,3.6,False,False
B03313,2024-07-06,2024-10-04,C0454,Family,Beach,Mobile App,Cash,Phú Quốc,3,3606000.0,0.161190837569889,Completed,9074000.0,4.3,True,False
B01846,2022-10-02,2022-11-20,C0455,Corporate,Beach,Agent,Card,Hạ Long,3,4178000.0,0.0578037709350529,Completed,11809000.0,3.7,True,False
B02281,2023-04-18,2023-04-19,C0455,Student,Beach,Website,E-wallet,Đà Nẵng,4,4966000.0,0.1473259165079271,Completed,16938000.0,4.4,True,False
B02932,2024-01-26,2024-03-25,C0455,Young Professional,City Break,Website,Card,Nha Trang,3,2575000.0,0.1352587616022167,Completed,6680000.0,4.2,True,False
B04128,2025-06-25,2025-08-18,C0455,Corporate,Family,Website,Cash,TP.HCM,2,3449000.0,0.0852998974044141,Completed,6310000.0,4.0,True,False
B01297,2022-02-10,2022-02-10,C0456,Family,Family,Mobile App,Cash,Đà Lạt,2,3281000.0,0.0900946001363536,Completed,5971000.0,4.6,False,False
B03500,2024-09-14,2024-10-23,C0456,Family,Cultural,Website,Card,Đà Nẵng,1,2702000.0,0.0721073213916561,Completed,2507000.0,4.1,True,False
B01301,2022-02-12,2022-04-20,C0457,Family,Beach,Website,Card,Đà Nẵng,1,4666000.0,0.0842979124781433,Completed,4273000.0,4.4,False,False
B01406,2022-04-07,2022-06-12,C0457,Family,Adventure,Agent,Bank Transfer,Đà Lạt,4,5114000.0,0.12373610562604,Completed,17925000.0,4.0,True,False
B03316,2024-07-08,2024-09-16,C0457,Young Professional,Family,Website,Card,Phú Quốc,4,3280000.0,0.1338949391812333,Completed,11363000.0,4.2,True,False
B01303,2022-02-13,2022-02-21,C0458,Family,Family,Mobile App,Cash,TP.HCM,5,3131000.0,0.1647758245365685,Completed,13075000.0,4.2,False,False
B01609,2022-06-30,2022-09-01,C0458,Family,Adventure,Agent,Bank Transfer,Hội An,2,4530000.0,0.0747566150495334,Completed,8383000.0,4.4,True,False
B01305,2022-02-14,2022-05-20,C0459,Family,Beach,Website,Card,Huế,2,3686000.0,0.0553125857269011,Completed,6964000.0,4.7,False,False
B01775,2022-08-29,2022-09-10,C0459,Young Professional,Family,Agent,Bank Transfer,Phú Quốc,1,3545000.0,0.1152283202805087,Completed,3137000.0,5.0,True,False
B01943,2022-11-25,2023-01-14,C0459,Student,Beach,Agent,Card,Đà Nẵng,4,4495000.0,0.1049502352337769,Completed,16093000.0,3.2,True,False
B04159,2025-07-04,2025-08-11,C0459,Family,Beach,Agent,Cash,TP.HCM,1,3908000.0,0.0809622587460509,Completed,3592000.0,3.9,True,False
B01919,2022-11-15,2022-12-11,C0460,,Family,Agent,Card,Đà Lạt,3,3110000.0,0.0933092906600226,Completed,8459000.0,3.8,True,False
B02070,2023-01-23,2023-03-01,C0460,Student,Beach,,Card,TP.HCM,3,3649000.0,0.051640033374143,Completed,10382000.0,4.4,True,False
B01311,2022-02-17,2022-05-03,C0461,Young Professional,City Break,Mobile App,Bank Transfer,Huế,2,2040000.0,0.0138920880093501,Completed,4023000.0,4.0,False,False
B01395,2022-04-03,2022-05-23,C0461,Family,Cultural,Website,Card,Hội An,1,2659000.0,0.0515487225333775,Completed,2522000.0,3.8,True,False
B02153,2023-02-17,2023-05-02,C0461,Family,Foodie,Mobile App,Card,Hạ Long,4,2471000.0,0.1233248251314546,Completed,8665000.0,3.8,True,False
B01877,2022-10-21,2022-12-08,C0462,Family,City Break,Agent,Card,Hà Nội,3,2560000.0,0.163175482519452,Completed,6427000.0,4.0,True,False
B01939,2022-11-23,2023-01-05,C0462,Student,Beach,Agent,Bank Transfer,Hạ Long,3,3959000.0,0.0909767132426215,Completed,10796000.0,4.1,True,False
B01892,2022-11-02,2023-01-16,C0462,Family,Beach,Mobile App,Bank Transfer,Hạ Long,2,4095000.0,,Completed,7334000.0,4.2,True,False
B01325,2022-02-25,2022-04-10,C0463,Corporate,Cultural,Website,Card,Huế,1,2513000.0,0.0786825561711377,Completed,2315000.0,4.7,False,False
B01629,2022-07-09,2022-09-21,C0463,Young Professional,Cultural,Website,E-wallet,Nha Trang,2,3248000.0,0.0892375593535112,Completed,5916000.0,4.7,True,False
B02860,2023-12-25,2024-01-11,C0463,Family,Foodie,Agent,Card,Nha Trang,3,2726000.0,0.0649741099128142,Completed,7647000.0,4.2,True,False
B03615,2024-11-04,2024-12-17,C0463,Young Professional,Foodie,Website,Card,Huế,2,2767000.0,0.0340510351298548,Completed,5346000.0,4.5,True,False
B01333,2022-02-27,2022-03-25,C0464,Young Professional,Beach,Website,E-wallet,TP.HCM,3,3548000.0,0.1141652017539877,Completed,9429000.0,4.6,False,False
B03747,2025-01-02,2025-02-14,C0464,Student,Cultural,Website,Card,Huế,3,2259000.0,0.0230715729448637,Completed,6621000.0,4.9,True,False
B01339,2022-03-05,2022-04-20,C0465,Student,Foodie,Website,Card,TP.HCM,2,2633000.0,0.0497606634828783,Completed,5004000.0,4.1,False,False
B02959,2024-02-04,2024-03-19,C0465,Young Professional,Cultural,Agent,,Phú Quốc,4,2646000.0,0.0971883459119771,Completed,9555000.0,4.2,True,False
B03780,2025-01-23,2025-03-18,C0465,Family,Cultural,Website,Card,Đà Nẵng,1,2695000.0,0.1343524546124145,Completed,2333000.0,3.9,True,False
B01340,2022-03-06,2022-04-14,C0466,Family,Cultural,Website,Bank Transfer,Hội An,4,2964000.0,0.0836377757697138,Completed,10864000.0,3.8,False,False
B01941,2022-11-24,2022-12-18,C0466,Young Professional,Cultural,Website,Card,Đà Lạt,4,2552000.0,0.1462316638460477,Completed,8715000.0,3.9,True,False
B02506,2023-07-30,2023-09-26,C0466,Student,Cultural,Website,Card,Phú Quốc,2,2543000.0,0.0595133735783988,Completed,4783000.0,3.8,True,False
B02870,2023-12-27,2024-03-18,C0466,Family,Cultural,Website,Card,Huế,2,2140000.0,0.0597865551941022,Completed,4024000.0,4.0,True,False
B03919,2025-03-31,2025-06-05,C0466,Young Professional,City Break,Website,Bank Transfer,Đà Nẵng,1,2631000.0,0.0836278760192241,Completed,2411000.0,4.7,True,False
B01341,2022-03-07,2022-03-21,C0467,Student,Foodie,Website,Card,Nha Trang,2,2373000.0,0.0934574715581317,Completed,4302000.0,3.8,False,False
B01632,2022-07-09,2022-08-03,C0467,Family,Foodie,Website,Card,Hà Nội,1,2377000.0,0.0881444843379125,Completed,2167000.0,4.2,True,False
B01344,2022-03-07,2022-04-15,C0468,Young Professional,City Break,Website,E-wallet,Đà Nẵng,1,2913000.0,0.1706281860766524,Completed,2416000.0,4.8,False,False
B01859,2022-10-10,2022-11-07,C0468,Young Professional,Family,Website,Card,Huế,3,3078000.0,0.0974722986133806,Completed,8334000.0,4.6,True,False
B03214,2024-05-28,2024-08-08,C0468,Student,Cultural,Mobile App,Card,Hạ Long,2,3069000.0,0.0709467645319935,Completed,5703000.0,3.8,True,False
B04026,2025-05-17,2025-06-05,C0468,Student,City Break,Mobile App,Card,Nha Trang,3,2604000.0,0.1139833921586149,Completed,6922000.0,4.3,True,False
B01345,2022-03-07,2022-06-03,C0469,Family,Cultural,Agent,Card,Đà Nẵng,3,2856000.0,0.109352718967246,Completed,7631000.0,3.7,False,False
B02432,2023-06-26,2023-07-10,C0469,Young Professional,Beach,Website,Bank Transfer,Hạ Long,2,4294000.0,0.164431903509625,Completed,7176000.0,5.0,True,False
B02535,2023-08-16,2023-10-12,C0469,Corporate,Cultural,Mobile App,Card,Phú Quốc,1,2521000.0,0.0549227121747418,Completed,2383000.0,3.4,True,False
B01347,2022-03-08,2022-03-08,C0470,Family,Cultural,Mobile App,Card,Hạ Long,2,2608000.0,0.0095324029047656,Completed,5166000.0,4.2,False,False
B01786,2022-09-07,2022-09-27,C0470,Student,Family,Website,Card,Đà Nẵng,1,3488000.0,0.0769165748443651,Completed,3220000.0,4.4,True,False
B02021,2022-12-30,2023-04-06,C0470,Young Professional,Family,Mobile App,Card,Đà Lạt,4,3263000.0,0.0891869765909822,Completed,11888000.0,4.4,True,False
B02275,2023-04-17,2023-06-12,C0470,Student,City Break,Website,Card,Sa Pa,2,2211000.0,0.1737983352693399,Completed,3653000.0,4.3,True,False
B02410,2023-06-19,2023-08-08,C0470,Young Professional,Family,Website,Card,Huế,1,3449000.0,,Completed,3103000.0,3.4,True,False
B02486,2023-07-24,2023-09-25,C0470,Family,Adventure,Website,Card,Nha Trang,3,5081000.0,0.105495855970009,Completed,13635000.0,4.1,True,False
B02624,2023-09-19,2023-11-04,C0470,Corporate,Adventure,Website,Card,Hạ Long,4,5601000.0,0.1002273065299857,Completed,20159000.0,3.9,True,False
B03239,2024-06-05,2024-08-15,C0470,Student,Beach,Agent,Card,Đà Nẵng,3,4635000.0,0.1290502729879394,Completed,12111000.0,4.1,True,False
B01537,2022-06-03,2022-08-09,C0471,Student,City Break,,Card,Đà Nẵng,1,2515000.0,0.0984836050649383,Completed,2267000.0,3.7,True,False
B01685,2022-08-01,2022-11-06,C0471,Student,Beach,Agent,Card,Hà Nội,2,4096000.0,0.1081613749243821,Completed,7306000.0,4.5,True,False
B01349,2022-03-08,2022-03-29,C0472,Family,Beach,Website,Card,Phú Quốc,2,4085000.0,0.1072734798307285,Completed,7294000.0,4.2,False,False
B01897,2022-11-05,2023-01-17,C0472,Young Professional,Beach,Website,Card,TP.HCM,4,3686000.0,0.1155259281710397,Completed,13041000.0,3.3,True,False
B01350,2022-03-09,2022-04-24,C0473,Young Professional,Family,Website,Card,Hội An,2,2956000.0,0.0861389980879601,Completed,5403000.0,3.3,False,False
B01810,2022-09-14,2022-10-25,C0473,Young Professional,Beach,Website,Bank Transfer,Phú Quốc,3,3990000.0,0.0831129533264394,Completed,10975000.0,4.9,True,False
B02864,2023-12-25,2024-01-04,C0473,,Family,Agent,Card,Đà Lạt,1,2972000.0,0.1234819579747547,Completed,2605000.0,3.5,True,False
B02789,2023-11-25,2024-01-06,C0473,Corporate,Family,Agent,Card,TP.HCM,4,3075000.0,0.1208499704156203,Completed,10814000.0,4.4,True,False
B03858,2025-02-27,2025-04-16,C0473,Corporate,Beach,Mobile App,Card,Hà Nội,1,4396000.0,0.0378529912031022,Completed,4230000.0,4.7,True,False
B02189,2023-03-08,2023-04-03,C0474,Student,Beach,Agent,Bank Transfer,Đà Lạt,4,3762000.0,0.1070487725689187,Completed,13437000.0,4.5,True,False
B03155,2024-05-02,2024-06-20,C0474,Young Professional,Foodie,Website,Card,Huế,4,2698000.0,0.144651174771924,Completed,9231000.0,4.5,True,False
B01355,2022-03-13,2022-03-13,C0475,Young Professional,City Break,Mobile App,Card,Đà Nẵng,3,2585000.0,0.1126478011922851,Completed,6881000.0,4.5,False,False
B01450,2022-04-26,2022-05-14,C0475,Family,Beach,Website,,TP.HCM,2,3539000.0,0.1421274609481216,Completed,6072000.0,3.9,True,False
B02272,2023-04-16,2023-05-13,C0475,Young Professional,Beach,Mobile App,Bank Transfer,Sa Pa,4,3820000.0,0.1140988859173113,Completed,13537000.0,3.9,True,False
B01363,2022-03-17,2022-04-09,C0476,Young Professional,City Break,Website,Card,Đà Lạt,1,2581000.0,0.1145472311509333,Completed,2285000.0,4.5,False,False
B02746,2023-11-11,2023-12-23,C0476,Student,City Break,Agent,E-wallet,Hội An,2,1535000.0,0.125618897315183,Completed,2684000.0,4.0,True,False
B04301,2025-08-27,2025-11-08,C0476,Corporate,Family,Website,Bank Transfer,Nha Trang,4,3651000.0,0.0567437789888395,Completed,13775000.0,4.7,True,False
B01364,2022-03-17,2022-06-20,C0477,Family,Foodie,Website,Card,Phú Quốc,2,2796000.0,0.0434821263966655,Completed,5349000.0,4.3,False,False
B04224,2025-07-24,2025-08-14,C0477,Young Professional,Family,Agent,E-wallet,Đà Nẵng,3,3548000.0,0.0846266596092062,Completed,9743000.0,3.8,True,False
B02322,2023-05-07,2023-05-16,C0478,Student,Beach,Website,Card,Huế,1,3408000.0,0.1723508621928167,Completed,2821000.0,3.8,True,False
B02342,2023-05-17,2023-07-18,C0478,Family,Cultural,Mobile App,Cash,Nha Trang,2,3488000.0,0.1892186316167589,Completed,5656000.0,4.6,True,False
B03620,2024-11-07,2024-12-30,C0478,Family,Cultural,Website,Card,Hội An,1,3065000.0,0.1364134085996179,Completed,2647000.0,3.5,True,False
B01366,2022-03-18,2022-04-25,C0479,Family,City Break,Agent,Bank Transfer,Sa Pa,3,2348000.0,0.0847164207934184,Completed,6447000.0,3.2,False,False
B01514,2022-05-23,2022-07-03,C0479,Young Professional,Cultural,Website,E-wallet,Huế,1,2428000.0,0.1081011604138484,Completed,2166000.0,4.2,True,False
B02952,2024-02-01,2024-04-03,C0479,Young Professional,Beach,Website,E-wallet,Sa Pa,1,4537000.0,0.0648685090254896,Completed,4243000.0,3.2,True,False
B02777,2023-11-23,2024-01-19,C0480,Student,Beach,Mobile App,Card,Đà Nẵng,1,4337000.0,0.1226558526553105,Completed,3805000.0,3.8,True,False
B04003,2025-05-06,2025-05-13,C0480,Family,Cultural,Agent,Card,Phú Quốc,2,2407000.0,0.1338544488002596,Completed,4170000.0,4.9,True,False
B02176,2023-02-28,2023-04-18,C0481,Family,Adventure,Website,Card,Đà Nẵng,3,5748000.0,0.1496675984511863,Completed,14663000.0,4.3,True,False
B01384,2022-03-28,2022-05-24,C0482,Family,Cultural,Website,Cash,Huế,1,2213000.0,0.1139374445462723,Completed,1961000.0,4.3,False,False
B01645,2022-07-15,2022-09-22,C0482,Student,Beach,Agent,Card,Hà Nội,1,4228000.0,0.0628285480576046,Completed,3962000.0,3.9,True,False
B03639,2024-11-12,2025-01-07,C0482,Student,Cultural,Website,Card,Huế,1,2193000.0,0.0452649937695388,Completed,2094000.0,4.0,True,False
B03913,2025-03-28,2025-06-21,C0482,Young Professional,Cultural,Website,Cash,Huế,1,2505000.0,0.1429195433714989,Completed,2147000.0,3.5,True,False
B04342,2025-09-12,2025-10-02,C0482,Family,Foodie,Call Center,Cash,Đà Lạt,3,2109000.0,0.1105047907290106,Completed,5628000.0,4.3,True,False
B01385,2022-03-28,2022-06-05,C0483,,Family,Website,Card,TP.HCM,1,3434000.0,0.0520411984918747,Completed,3255000.0,4.1,False,False
B02160,2023-02-21,2023-03-21,C0483,Family,Adventure,Mobile App,Card,Hạ Long,1,5771000.0,0.1044990030943366,Completed,5168000.0,3.7,True,False
B04067,2025-06-01,2025-07-10,C0483,Young Professional,Beach,Mobile App,Bank Transfer,Đà Lạt,1,3580000.0,0.1414212776509961,Completed,3074000.0,3.8,True,False
B04366,2025-09-24,2025-10-27,C0483,Young Professional,Cultural,Mobile App,Cash,Hạ Long,2,2845000.0,0.0166437767392612,Completed,5595000.0,3.8,True,False
B01389,2022-03-30,2022-06-08,C0484,Family,City Break,Mobile App,Card,Đà Nẵng,2,2817000.0,0.0989331522810117,Completed,5077000.0,3.6,False,False
B01975,2022-12-13,2023-02-13,C0484,Student,City Break,Agent,Bank Transfer,Sa Pa,1,2369000.0,0.0870043024143655,Completed,2163000.0,4.5,True,False
B01390,2022-03-31,2022-06-19,C0485,Family,Beach,Website,Card,Hội An,1,4393000.0,0.1198643720958607,Completed,3866000.0,4.6,False,False
B01856,2022-10-07,2022-12-17,C0485,Young Professional,City Break,Call Center,Cash,Đà Nẵng,2,2761000.0,0.0387898990715377,Completed,5308000.0,4.8,True,False
B01974,2022-12-13,2023-02-03,C0485,Corporate,Beach,Agent,Cash,Hạ Long,1,4019000.0,0.1020042619767069,Completed,3609000.0,3.5,True,False
B02086,2023-01-27,2023-02-16,C0485,Young Professional,City Break,Website,Cash,Đà Nẵng,5,2862000.0,0.1243129232276657,Completed,12531000.0,3.9,True,False
B02144,2023-02-15,2023-03-17,C0485,Family,Cultural,Agent,Card,Hà Nội,1,2623000.0,0.099498170021088,Completed,2362000.0,4.7,True,False
B01392,2022-04-01,2022-07-14,C0486,Family,Beach,Website,Card,Sa Pa,2,4137000.0,0.1449033864866888,Completed,7075000.0,4.4,False,False
B01732,2022-08-15,2022-11-01,C0486,Corporate,Beach,Agent,Cash,Phú Quốc,3,4032000.0,0.1392999268799643,Completed,10411000.0,4.5,True,False
B02635,2023-09-23,2023-11-11,C0486,Student,Beach,Agent,E-wallet,Đà Nẵng,1,3963000.0,0.1160272099114109,Completed,3503000.0,4.4,True,False
B01393,2022-04-01,2022-04-22,C0487,Young Professional,Cultural,Website,Cash,TP.HCM,3,2546000.0,0.1351260600703691,Completed,6606000.0,4.7,False,False
B01517,2022-05-25,2022-06-30,C0487,,Adventure,Agent,Bank Transfer,Hội An,1,4958000.0,0.1003301763776274,Completed,4461000.0,4.5,True,False
B01699,2022-08-06,2022-08-06,C0487,Young Professional,Cultural,Mobile App,Bank Transfer,Sa Pa,1,2564000.0,0.088845967972523,Completed,2336000.0,3.8,True,False
B01799,2022-09-09,2022-09-27,C0487,Family,Beach,Website,Card,Hạ Long,1,3969000.0,0.0831678184004545,Completed,3639000.0,4.0,True,False
B01781,2022-09-04,2022-10-14,C0487,,Family,Website,E-wallet,Hội An,3,2557000.0,0.0772841044751878,Completed,7078000.0,4.6,True,False
B01773,2022-08-29,2022-10-27,C0487,Family,Cultural,Agent,Card,Nha Trang,1,3053000.0,0.1178470493962881,Completed,2693000.0,3.8,True,False
B04317,2025-09-02,2025-09-22,C0487,Family,Cultural,Website,Card,Đà Lạt,1,2552000.0,0.1441174383407286,Completed,2184000.0,4.4,True,False
B04291,2025-08-23,2025-11-06,C0487,Family,Beach,Call Center,Card,Đà Nẵng,3,4339000.0,0.1242733280801659,Completed,11399000.0,3.8,True,False
B01400,2022-04-04,2022-06-20,C0489,Family,Foodie,Website,Bank Transfer,Hà Nội,1,2368000.0,0.0267812915727577,Completed,2305000.0,4.0,False,False
B02953,2024-02-01,2024-03-19,C0489,Student,Beach,Agent,Card,Hội An,3,4053000.0,0.033234981440619,Completed,11755000.0,4.9,True,False
B01401,2022-04-04,2022-05-13,C0490,Family,Beach,Website,Bank Transfer,TP.HCM,1,3586000.0,0.1375335956964916,Completed,3093000.0,4.9,False,False
B02303,2023-04-28,2023-06-03,C0490,Family,Adventure,Mobile App,Card,Sa Pa,1,5211000.0,0.0361795639067915,Completed,5022000.0,4.1,True,False
B02509,2023-07-31,2023-09-16,C0490,Student,Family,Website,Card,Đà Lạt,1,2729000.0,0.0709612133993151,Completed,2535000.0,3.6,True,False
B03722,2024-12-23,2025-03-10,C0490,Student,Family,Website,Card,Hạ Long,1,3359000.0,0.074440661534341,Completed,3109000.0,4.3,True,False
B01407,2022-04-07,2022-05-15,C0491,Young Professional,Foodie,Agent,Card,TP.HCM,2,2438000.0,0.1209432725790523,Completed,4286000.0,4.4,False,False
B04262,2025-08-13,2025-10-15,C0491,Family,City Break,Mobile App,Cash,Nha Trang,4,2428000.0,0.0303736203207938,Completed,9417000.0,4.9,True,False
B01408,2022-04-07,2022-05-15,C0492,Student,Cultural,,Bank Transfer,Hạ Long,2,2549000.0,0.0824170427693826,Completed,4678000.0,4.5,False,False
B01599,2022-06-26,2022-07-15,C0492,Family,Beach,Website,Card,Hội An,1,4501000.0,0.047071232792888,Completed,4289000.0,4.6,True,False
B02205,2023-03-18,2023-05-06,C0492,Corporate,Family,Mobile App,Cash,Hội An,1,2691000.0,0.0715937716408118,Completed,2498000.0,4.0,True,False
B02314,2023-05-05,2023-05-20,C0492,Family,Cultural,Website,Bank Transfer,Hội An,4,2622000.0,0.1821589990401583,Completed,8578000.0,4.4,True,False
B02820,2023-12-07,2024-02-04,C0492,Corporate,Adventure,Website,Card,Đà Nẵng,1,5825000.0,0.2235221502536103,Completed,4523000.0,4.0,True,False
B01411,2022-04-09,2022-05-15,C0493,Student,Foodie,Agent,Card,Huế,1,2513000.0,0.1558619761681957,Completed,2121000.0,4.9,False,False
B02133,2023-02-11,2023-04-20,C0493,Young Professional,Adventure,Agent,Card,Hội An,4,5105000.0,0.1141728522253865,Completed,18089000.0,4.1,True,False
B02180,2023-03-02,2023-05-12,C0493,Family,Beach,Website,Card,TP.HCM,1,3718000.0,0.1122389010992325,Completed,3301000.0,4.2,True,False
B02693,2023-10-18,2023-12-10,C0493,Young Professional,Adventure,Website,,Hạ Long,1,5787000.0,0.0835650909067123,Completed,5303000.0,4.5,True,False
B03994,2025-05-04,2025-06-10,C0494,Corporate,Adventure,Mobile App,Card,Nha Trang,4,5178000.0,0.1428091233063176,Completed,17754000.0,3.8,True,False
B01422,2022-04-14,2022-05-26,C0495,,Cultural,Agent,Card,Hội An,2,2738000.0,0.1017477653910318,Completed,4919000.0,4.2,False,False
B02928,2024-01-26,2024-01-29,C0495,Young Professional,City Break,Website,Card,TP.HCM,2,2616000.0,0.1793346675962928,Completed,4294000.0,4.2,True,False
B01427,2022-04-15,2022-06-24,C0496,Family,Family,Call Center,Card,Hội An,1,2651000.0,0.1118058196872571,Completed,2355000.0,4.5,False,False
B02288,2023-04-21,2023-05-28,C0496,Family,Beach,Agent,Card,Sa Pa,1,3745000.0,0.0846120250488863,Completed,3428000.0,4.0,True,False
B01428,2022-04-16,2022-08-21,C0497,Family,Cultural,Website,Bank Transfer,Hạ Long,1,2687000.0,0.1024744101561156,Completed,2412000.0,4.4,False,False
B01433,2022-04-18,2022-06-24,C0498,Family,Foodie,Mobile App,Card,Hà Nội,3,2286000.0,0.0829372425022856,Completed,6289000.0,5.0,False,False
B03971,2025-04-26,2025-07-04,C0498,Family,Cultural,Website,Cash,Đà Nẵng,4,3071000.0,0.1200771909675522,Completed,10809000.0,3.7,True,False
B01500,2022-05-13,2022-06-12,C0499,Young Professional,Foodie,Website,Card,Hạ Long,2,2738000.0,0.1480049835862754,Completed,4666000.0,4.1,True,False
B01434,2022-04-19,2022-07-06,C0499,Family,Family,Agent,Card,Hội An,3,2692000.0,0.0770276351379359,Completed,7454000.0,4.1,False,False
B02083,2023-01-26,2023-03-22,C0499,Family,Beach,Agent,Bank Transfer,Hội An,2,4138000.0,0.0912376563362342,Completed,7521000.0,3.9,True,False
B01439,2022-04-23,2022-06-01,C0500,Young Professional,Cultural,Mobile App,Bank Transfer,Phú Quốc,1,2774000.0,0.1203714746809241,Completed,2440000.0,4.5,False,False
B02372,2023-06-03,2023-07-02,C0500,Corporate,Beach,Website,Cash,Phú Quốc,1,4209000.0,0.085594685055893,Completed,3849000.0,4.1,True,False
B01441,2022-04-23,2022-06-05,C0502,Family,Adventure,Mobile App,Card,Hội An,4,5095000.0,0.1088631902523282,Completed,18161000.0,4.2,False,False
B01502,2022-05-14,2022-08-13,C0502,Young Professional,Adventure,Website,Card,Đà Lạt,2,5166000.0,0.1446855361634261,Completed,8837000.0,5.0,True,False
B02235,2023-04-04,2023-05-17,C0502,Young Professional,Beach,Mobile App,Card,Huế,2,3294000.0,0.1414222458339581,Completed,5656000.0,4.3,True,False
B02613,2023-09-15,2023-10-11,C0502,Student,Beach,Mobile App,Bank Transfer,Đà Nẵng,1,4320000.0,0.0325290423024317,Completed,4179000.0,4.4,True,False
B03078,2024-03-30,2024-05-21,C0502,Family,Cultural,Website,Bank Transfer,Hội An,1,2798000.0,0.0490722514859097,Completed,2661000.0,3.7,True,False
B03742,2024-12-31,2025-02-23,C0502,Corporate,Cultural,Mobile App,E-wallet,Huế,2,2458000.0,0.0836998163097002,Completed,4505000.0,4.9,True,False
B01444,2022-04-24,2022-05-27,C0503,Corporate,Adventure,Agent,Card,TP.HCM,3,4941000.0,0.1209417113769855,Completed,13030000.0,4.3,False,False
B01445,2022-04-24,2022-06-07,C0504,Family,Family,Website,Bank Transfer,Đà Nẵng,3,3459000.0,0.0798496268309772,Completed,9548000.0,4.5,False,False
B03955,2025-04-19,2025-06-29,C0504,Student,Beach,,Card,Đà Lạt,1,3032000.0,0.1155705614600234,Completed,2682000.0,4.3,True,False
B01447,2022-04-24,2022-07-20,C0505,Corporate,Family,Website,,Nha Trang,1,4391000.0,0.0733029224524163,Completed,4069000.0,4.7,False,False
B01448,2022-04-25,2022-06-09,C0506,Young Professional,Beach,Website,Card,TP.HCM,3,4012000.0,0.010801916299112,Completed,11906000.0,3.3,False,False
B02548,2023-08-19,2023-09-20,C0506,Young Professional,Cultural,Mobile App,E-wallet,TP.HCM,1,2359000.0,0.0649066611241777,Completed,2206000.0,5.0,True,False
B01449,2022-04-26,2022-07-01,C0507,Student,Beach,Agent,Card,Hà Nội,1,4738000.0,,Completed,4436000.0,4.3,False,False
B01796,2022-09-09,2022-10-16,C0507,Student,Beach,Mobile App,Card,Đà Nẵng,2,4090000.0,0.0772923732479899,Completed,7548000.0,4.1,True,False
B04043,2025-05-25,2025-07-13,C0507,Young Professional,Beach,Website,Card,Đà Lạt,1,3336000.0,0.039902171921175,Completed,3203000.0,4.5,True,False
B01453,2022-04-26,2022-05-20,C0508,Family,Family,Mobile App,Cash,Nha Trang,1,3660000.0,0.0328833416307619,Completed,3540000.0,4.5,False,False
B01642,2022-07-13,2022-08-31,C0508,Family,Adventure,Website,Card,Đà Lạt,1,4952000.0,0.058066270270785,Completed,4664000.0,5.0,True,False
B01457,2022-04-28,2022-06-20,C0509,Family,Beach,Agent,Card,Đà Lạt,2,3148000.0,0.1739206080128087,Completed,5201000.0,3.7,False,False
B01682,2022-07-30,2022-09-23,C0510,,Beach,Mobile App,Card,Huế,1,3535000.0,0.0908659261751304,Completed,3214000.0,4.6,True,False
B02286,2023-04-20,2023-07-12,C0510,Young Professional,City Break,Agent,Cash,Hạ Long,2,2855000.0,0.0822313042314311,Completed,5240000.0,4.0,True,False
B01460,2022-04-28,2022-06-15,C0511,Young Professional,Family,Website,,Hạ Long,2,3472000.0,0.0783638416809985,Completed,6400000.0,3.7,False,False
B01980,2022-12-15,2023-02-22,C0511,Student,Family,Website,E-wallet,Phú Quốc,3,3740000.0,,Completed,10321000.0,4.7,True,False
B01462,2022-04-29,2022-06-02,C0512,Family,Beach,Website,Card,Nha Trang,3,4936000.0,0.1602591619755228,Completed,12435000.0,4.6,False,False
B03360,2024-07-21,2024-09-09,C0512,Family,Cultural,Website,Bank Transfer,Sa Pa,1,2320000.0,0.134853498204101,Completed,2007000.0,3.8,True,False
B01463,2022-04-29,2022-06-11,C0513,Family,Adventure,Website,Card,Hạ Long,1,6327000.0,0.1515820172368003,Completed,5368000.0,3.9,False,False
B01989,2022-12-17,2023-01-19,C0513,Young Professional,Family,Mobile App,Cash,Phú Quốc,1,3369000.0,0.0266884742776897,Completed,3279000.0,4.7,True,False
B01521,2022-05-27,2022-06-30,C0514,Family,Cultural,Mobile App,Card,Sa Pa,4,2493000.0,0.1241800406742858,Completed,8734000.0,4.9,True,False
B01464,2022-04-29,2022-07-05,C0514,Student,Adventure,Website,Bank Transfer,Sa Pa,3,5149000.0,0.1414583522691211,Completed,13262000.0,4.1,False,False
B01746,2022-08-19,2022-08-29,C0514,Young Professional,Beach,Website,Card,Hà Nội,1,4783000.0,0.0837327462761365,Completed,4383000.0,4.3,True,False
B02923,2024-01-24,2024-03-02,C0514,Family,Beach,Website,Card,Sa Pa,1,3950000.0,0.0871340901979969,Completed,3606000.0,3.9,True,False
B01481,2022-05-05,2022-06-19,C0515,Family,City Break,Website,Bank Transfer,Đà Lạt,3,2632000.0,0.0682274482564739,Completed,7357000.0,4.3,True,False
B01465,2022-04-30,2022-07-01,C0515,Student,Cultural,Website,Card,Đà Lạt,2,2695000.0,0.0161914714257024,Completed,5303000.0,3.7,False,False
B01589,2022-06-22,2022-08-25,C0515,Young Professional,Beach,Agent,E-wallet,Hội An,1,4093000.0,0.0452144810220514,Completed,3908000.0,3.9,True,False
B02005,2022-12-24,2023-02-18,C0515,Corporate,Family,Website,Cash,Nha Trang,1,3860000.0,0.083436355636251,Completed,3538000.0,3.8,True,False
B01468,2022-04-30,2022-05-10,C0516,Student,Adventure,Website,Card,Sa Pa,1,4275000.0,0.0808855786287257,Completed,3929000.0,4.1,False,False
B02927,2024-01-26,2024-03-20,C0516,Young Professional,Family,Mobile App,Cash,Hạ Long,1,3473000.0,0.077916123868611,Completed,3202000.0,4.1,True,False
B03739,2024-12-30,2025-02-16,C0516,Family,City Break,Website,Card,Phú Quốc,3,2509000.0,0.0788765116179433,Completed,6933000.0,4.4,True,False
B03080,2024-03-30,2024-05-12,C0517,Family,Beach,Mobile App,Card,Đà Nẵng,4,4453000.0,0.1677467440612436,Completed,14824000.0,3.7,True,False
B01472,2022-05-02,2022-05-19,C0518,Young Professional,Cultural,Agent,Cash,Đà Lạt,1,2550000.0,0.0938092178997808,Completed,2311000.0,3.8,False,False
B02434,2023-06-27,2023-08-10,C0518,Young Professional,Cultural,,Card,Hà Nội,2,2788000.0,0.0721874245334361,Completed,5173000.0,4.4,True,False
B01475,2022-03-05,2022-06-12,C0519,Family,Foodie,Website,E-wallet,Đà Lạt,1,2624000.0,0.1408086868012613,Completed,2255000.0,4.7,False,False
B01621,2022-07-05,2022-09-11,C0519,Young Professional,Family,Website,Cash,Huế,1,2835000.0,0.0153925888214477,Completed,2791000.0,4.6,True,False
B02030,2023-01-03,2023-02-12,C0519,Young Professional,Foodie,Mobile App,Card,Huế,1,2847000.0,0.1156963460636738,Completed,2518000.0,3.3,True,False
B03138,2024-04-23,2024-07-31,C0519,Family,Cultural,Website,Card,Nha Trang,4,3467000.0,0.1002826044639842,Completed,12477000.0,4.5,True,False
B01477,2022-05-04,2022-07-11,C0520,Student,Beach,Website,Bank Transfer,TP.HCM,2,4147000.0,0.0714916764469128,Completed,7701000.0,5.0,False,False
B01982,2022-12-15,2023-02-09,C0520,Family,Beach,Agent,Card,Hạ Long,3,4339000.0,0.1351664045177145,Completed,11258000.0,3.2,True,False
B02240,2023-04-05,2023-06-27,C0520,Young Professional,Beach,Agent,E-wallet,Huế,1,3853000.0,0.038089045736568,Completed,3706000.0,4.3,True,False
B02348,2023-05-21,2023-08-22,C0520,Family,Beach,Website,,Sa Pa,1,3963000.0,0.1993692690388053,Completed,3173000.0,4.1,True,False
B02261,2023-04-13,2023-05-04,C0521,Family,Cultural,Agent,Card,TP.HCM,2,2239000.0,0.1587702746638897,Completed,3767000.0,3.5,True,False
B01479,2022-05-04,2022-05-28,C0522,Family,Foodie,Website,Cash,Sa Pa,4,2506000.0,0.0423091857643374,Completed,9600000.0,3.5,False,False
B01683,2022-07-30,2022-08-06,C0523,Young Professional,Beach,Agent,Card,Đà Nẵng,1,4507000.0,,Completed,4038000.0,4.6,True,False
B02055,2023-01-14,2023-02-27,C0523,Family,Beach,Website,Cash,Sa Pa,1,4078000.0,0.0500269950187116,Completed,3874000.0,4.1,True,False
B02909,2024-01-13,2024-01-13,C0523,Family,Adventure,Agent,Card,Nha Trang,2,4795000.0,0.096774776271232,Completed,8662000.0,3.7,True,False
B01485,2022-05-07,2022-05-16,C0524,Student,Adventure,Website,E-wallet,Sa Pa,1,4534000.0,0.1473421603538901,Completed,3866000.0,4.2,False,False
B01488,2022-05-07,2022-06-17,C0525,Young Professional,Cultural,Website,Card,Đà Lạt,4,2928000.0,0.0616729349797236,Completed,10990000.0,3.9,False,False
B01861,2022-10-12,2022-12-05,C0525,Family,Beach,Agent,Card,Sa Pa,1,4437000.0,0.0908448589552562,Completed,4034000.0,4.4,True,False
B03082,2024-03-30,2024-05-13,C0525,Young Professional,Cultural,Mobile App,Card,Hội An,2,2721000.0,0.113810307994105,Completed,4823000.0,4.4,True,False
B03320,2024-07-10,2024-10-02,C0525,,Family,Website,Card,Phú Quốc,2,3306000.0,0.1422669928770563,Completed,5671000.0,4.0,True,False
B03641,2024-11-13,2025-01-15,C0525,Family,Foodie,Agent,Card,Hạ Long,3,2508000.0,0.0787960145220874,Completed,6931000.0,3.7,True,False
B01492,2022-05-07,2022-05-15,C0526,Young Professional,Cultural,Website,Card,Nha Trang,5,3155000.0,0.1567443300406241,Completed,13302000.0,4.2,False,False
B01633,2022-07-10,2022-08-23,C0526,Corporate,Family,Mobile App,Bank Transfer,TP.HCM,1,3423000.0,0.2184890452327748,Completed,2675000.0,4.4,True,False
B01966,2022-12-08,2023-02-21,C0526,Family,City Break,Mobile App,Card,Hội An,1,1467000.0,0.1173230159500956,Completed,1295000.0,4.9,True,False
B03308,2024-07-03,2024-09-14,C0526,Family,Family,Agent,Card,Huế,1,3059000.0,0.0883946673002566,Completed,2789000.0,3.8,True,False
B04174,2025-07-06,2025-09-08,C0526,Young Professional,City Break,Mobile App,E-wallet,Đà Lạt,2,2149000.0,0.0614440383130805,Completed,4034000.0,4.2,True,False
B01496,2022-05-10,2022-07-26,C0527,Student,Adventure,Mobile App,Card,Đà Nẵng,3,5842000.0,0.156507832943139,Completed,14783000.0,4.0,False,False
B01853,2022-10-05,2022-11-18,C0527,Student,Cultural,Website,E-wallet,Phú Quốc,1,2357000.0,0.1154022017800341,Completed,2085000.0,4.5,True,False
B02998,2024-02-19,2024-04-07,C0527,Corporate,Cultural,Mobile App,Cash,Đà Lạt,2,2556000.0,0.1094542654195771,Completed,4552000.0,3.6,True,False
B04036,2025-05-21,2025-07-10,C0527,Family,Family,Website,Bank Transfer,TP.HCM,3,3585000.0,0.1701396119140134,Completed,8925000.0,4.6,True,False
B02036,2023-01-05,2023-01-10,C0528,Young Professional,Beach,Mobile App,Card,Đà Nẵng,1,4361000.0,0.1047604110668777,Completed,3904000.0,3.9,True,False
B02881,2024-01-01,2024-02-07,C0529,Student,Adventure,Mobile App,Cash,Hạ Long,1,6312000.0,0.0898515599564727,Completed,5745000.0,4.3,True,False
B03774,2025-01-18,2025-02-01,C0529,Student,Foodie,Website,Cash,Huế,2,2621000.0,0.0516555264032365,Completed,4971000.0,4.8,True,False
B01504,2022-05-16,2022-08-07,C0530,Family,Adventure,,Cash,TP.HCM,1,5123000.0,0.16408318690933,Completed,4282000.0,4.5,False,False
B01922,2022-11-16,2022-12-12,C0530,Young Professional,Beach,Website,Bank Transfer,TP.HCM,3,3910000.0,0.1071401961125518,Completed,10473000.0,4.3,True,False
B03099,2024-04-07,2024-05-30,C0530,Family,Cultural,Website,Card,Nha Trang,2,3151000.0,0.1689416092653476,Completed,5237000.0,4.0,True,False
B01505,2022-05-16,2022-07-29,C0531,Young Professional,Cultural,Mobile App,Card,Đà Lạt,2,2737000.0,0.0890989802979017,Completed,4986000.0,3.5,False,False
B01925,2022-11-18,2023-02-03,C0531,Family,Foodie,Website,Card,Hà Nội,1,2386000.0,0.1534471166561897,Completed,2020000.0,4.3,True,False
B02616,2023-09-16,2023-12-09,C0531,Family,City Break,Website,Cash,Sa Pa,2,2362000.0,0.1287444067625272,Completed,4116000.0,4.6,True,False
B01508,2022-05-19,2022-07-15,C0532,Student,Cultural,Website,Card,Đà Lạt,1,2955000.0,,Completed,2670000.0,3.0,False,False
B01816,2022-09-17,2022-11-05,C0532,Family,Cultural,Mobile App,,TP.HCM,2,2217000.0,0.1277570708936578,Completed,3868000.0,4.1,True,False
B02302,2023-04-28,2023-06-05,C0532,Family,City Break,Mobile App,Cash,Huế,1,2117000.0,0.1357056823457024,Completed,1830000.0,4.3,True,False
B02888,2024-01-05,2024-02-03,C0532,Young Professional,Cultural,Website,Cash,Huế,4,2374000.0,0.1576589172983266,Completed,7999000.0,4.8,True,False
B01510,2022-05-21,2022-07-06,C0533,Family,Adventure,Website,Card,Đà Nẵng,1,5894000.0,0.0930286368545184,Completed,5346000.0,3.8,False,False
B01512,2022-05-22,2022-07-28,C0534,Corporate,Foodie,Website,Card,Huế,1,3010000.0,0.1275725527003441,Completed,2626000.0,3.9,False,False
B01670,2022-07-27,2022-09-04,C0534,Family,Foodie,Agent,,Huế,4,2428000.0,0.0654161490216039,Completed,9077000.0,4.3,True,False
B02722,2023-10-31,2024-01-09,C0534,Student,Cultural,Mobile App,Card,Huế,1,2228000.0,0.0675294092755269,Completed,2078000.0,4.0,True,False
B04210,2025-07-20,2025-09-14,C0534,,Cultural,Agent,Bank Transfer,Phú Quốc,2,2651000.0,0.146177130095244,Completed,4527000.0,4.8,True,False
B01594,2022-06-24,2022-07-25,C0535,Family,Beach,Website,E-wallet,TP.HCM,3,4212000.0,0.1099564562504031,Completed,11247000.0,3.9,True,False
B01519,2022-05-25,2022-08-06,C0535,Family,Family,Agent,Card,Huế,3,3150000.0,0.077291890027288,Completed,8720000.0,4.6,False,False
B01689,2022-08-02,2022-10-01,C0535,Young Professional,Adventure,Mobile App,Card,Hội An,1,4468000.0,0.0600649071858173,Completed,4200000.0,4.0,True,False
B01619,2022-07-04,2022-10-11,C0535,Family,Foodie,Website,Card,Phú Quốc,1,2587000.0,0.0435463959940174,Completed,2474000.0,4.4,True,False
B02337,2023-05-13,2023-07-12,C0535,Corporate,Adventure,Website,Bank Transfer,Hội An,1,4881000.0,0.1345817547771427,Completed,4224000.0,3.9,True,False
B02595,2023-09-08,2023-11-20,C0535,Young Professional,Beach,Mobile App,Card,Sa Pa,1,3833000.0,,Completed,3610000.0,4.1,True,False
B03723,2024-12-23,2025-01-14,C0535,Corporate,Adventure,Agent,Card,Sa Pa,3,4476000.0,0.0858507343653022,Completed,12275000.0,4.3,True,False
B01528,2022-05-31,2022-07-16,C0536,Family,Beach,Website,Bank Transfer,Đà Nẵng,1,4634000.0,0.0703627847912441,Completed,4308000.0,3.9,False,False
B02639,2023-09-24,2023-11-26,C0536,Family,Foodie,Website,Card,Hội An,1,1931000.0,0.1109305762602433,Completed,1717000.0,3.9,True,False
B03789,2025-01-29,2025-01-29,C0536,Young Professional,Family,Mobile App,Card,Hội An,3,2675000.0,0.1687678873165828,Completed,6671000.0,4.4,True,False
B01531,2022-05-31,2022-08-03,C0537,,Beach,Website,Card,Nha Trang,1,4321000.0,0.062100044403567,Completed,4053000.0,4.5,False,False
B01701,2022-08-07,2022-10-15,C0537,Family,Cultural,Agent,Card,Hà Nội,1,2693000.0,0.096374924990435,Completed,2433000.0,4.3,True,False
B01637,2022-07-10,2022-11-03,C0537,Student,Family,Agent,Card,Đà Nẵng,4,3125000.0,0.0956129073493883,Completed,11305000.0,4.4,True,False
B01798,2022-09-09,2022-11-09,C0537,Young Professional,Foodie,Mobile App,Bank Transfer,Hội An,4,1851000.0,0.0689816934838597,Completed,6893000.0,3.7,True,False
B01913,2022-11-10,2022-12-16,C0537,Student,Beach,Website,Card,Hội An,1,4051000.0,0.0377288136486802,Completed,3898000.0,3.9,True,False
B04281,2025-08-20,2025-10-17,C0537,Student,Foodie,Website,Cash,Phú Quốc,1,2857000.0,0.2211555314004342,Completed,2225000.0,4.2,True,False
B01535,2022-06-03,2022-06-03,C0538,Family,Family,Agent,Card,Nha Trang,1,3952000.0,0.1407949358479325,Completed,3396000.0,3.6,False,False
B02330,2023-05-10,2023-06-19,C0538,Young Professional,Beach,Agent,Card,Hạ Long,1,4234000.0,0.1367334476155822,Completed,3655000.0,3.3,True,False
B01539,2022-06-04,2022-08-12,C0539,Family,Family,Website,Cash,Huế,1,3244000.0,0.0850429483723951,Completed,2968000.0,4.4,False,False
B01704,2022-08-08,2022-09-07,C0539,Family,Family,Mobile App,Bank Transfer,Hà Nội,2,2782000.0,0.0949996422640419,Completed,5035000.0,4.4,True,False
B01542,2022-06-05,2022-08-13,C0540,Family,Foodie,Agent,Bank Transfer,Nha Trang,2,2552000.0,0.0827851995628499,Completed,4681000.0,4.8,False,False
B01546,2022-06-06,2022-08-21,C0541,Young Professional,Cultural,Agent,Card,Phú Quốc,5,2768000.0,0.0898489277138443,Completed,12596000.0,3.7,False,False
B02166,2023-02-22,2023-04-05,C0541,Family,Family,Website,Cash,Huế,2,3169000.0,0.0708603919026602,Completed,5889000.0,5.0,True,False
B02808,2023-12-02,2024-01-07,C0541,Young Professional,Adventure,Call Center,Card,Đà Nẵng,1,5498000.0,0.0941050975709782,Completed,4981000.0,5.0,True,False
B03502,2024-09-15,2024-11-24,C0541,,Beach,Website,,Hạ Long,1,4018000.0,0.1127169306863953,Completed,3565000.0,4.3,True,False
B01553,2022-06-09,2022-08-06,C0542,Corporate,Family,Website,Card,Hội An,1,2775000.0,0.12127803263804,Completed,2438000.0,5.0,False,False
B01771,2022-08-28,2022-10-14,C0542,Student,Adventure,Mobile App,Card,Phú Quốc,2,4954000.0,0.0993439777082687,Completed,8924000.0,3.8,True,False
B02744,2023-11-09,2023-12-09,C0542,Young Professional,Family,Website,E-wallet,Đà Nẵng,3,3550000.0,0.147223429499639,Completed,9082000.0,4.4,True,False
B04079,2025-06-05,2025-07-21,C0542,Family,Beach,Agent,,Phú Quốc,5,4346000.0,0.0833185183671968,Completed,19919000.0,4.6,True,False
B01569,2022-06-15,2022-07-21,C0543,Young Professional,Adventure,Agent,Cash,Hội An,3,4864000.0,0.1168852411258402,Completed,12886000.0,3.8,True,False
B01554,2022-06-10,2022-08-02,C0543,Student,Cultural,Mobile App,Bank Transfer,Hội An,1,2869000.0,0.1524334931544693,Completed,2432000.0,3.7,False,False
B01604,2022-06-28,2022-09-13,C0543,Student,Cultural,Website,Cash,Hạ Long,1,2943000.0,0.1188199270390447,Completed,2593000.0,4.9,True,False
B01755,2022-08-23,2022-10-07,C0544,Family,City Break,Agent,Card,Nha Trang,3,2460000.0,0.1183108694766143,Completed,6507000.0,4.4,True,False
B01557,2022-06-11,2022-07-06,C0545,Student,Family,Mobile App,E-wallet,Hội An,2,2529000.0,0.1626266955978432,Completed,4235000.0,5.0,False,False
B02076,2023-01-24,2023-03-25,C0545,Young Professional,Beach,Mobile App,Cash,Đà Nẵng,3,4521000.0,0.110058356461206,Completed,12070000.0,4.4,True,False
B01558,2022-06-11,2022-07-26,C0546,Family,Cultural,Mobile App,E-wallet,TP.HCM,3,2419000.0,0.0671416033939106,Completed,6770000.0,4.5,False,False
B03497,2024-09-13,2024-10-11,C0546,,Adventure,Website,Bank Transfer,Hạ Long,2,5921000.0,0.044850495686174,Completed,11311000.0,4.5,True,False
B02187,2023-03-07,2023-04-09,C0547,Corporate,Family,Agent,Bank Transfer,Hà Nội,2,3088000.0,0.1267058289771587,Completed,5393000.0,4.9,True,False
B01561,2022-06-12,2022-08-16,C0548,Family,Family,Agent,Card,Hội An,2,2854000.0,0.0793529036788169,Completed,5255000.0,4.3,False,False
B01565,2022-06-15,2022-07-17,C0549,Young Professional,Family,Website,Card,Hội An,3,2871000.0,0.1267616863492497,Completed,7521000.0,3.4,False,False
B02056,2023-01-15,2023-03-17,C0549,Young Professional,Foodie,Website,Bank Transfer,Sa Pa,1,2530000.0,0.1840088617309872,Completed,2064000.0,3.8,True,False
B03139,2024-04-23,2024-06-05,C0550,Student,City Break,Mobile App,Card,Hội An,2,1546000.0,0.0896564432771204,Completed,2815000.0,4.8,True,False
B01567,2022-06-15,2022-08-13,C0551,Corporate,City Break,Mobile App,Card,Huế,1,2061000.0,0.043964453894884,Completed,1970000.0,4.5,False,False
B02653,2023-10-03,2023-11-11,C0551,Student,Adventure,Mobile App,Card,Đà Nẵng,1,5117000.0,0.1497922141794949,Completed,4351000.0,3.3,True,False
B02724,2023-11-01,2023-12-24,C0551,Young Professional,Family,Mobile App,E-wallet,Phú Quốc,1,3709000.0,0.1376685210309211,Completed,3198000.0,5.0,True,False
B03154,2024-05-02,2024-06-07,C0551,Young Professional,Foodie,Website,Bank Transfer,Phú Quốc,2,2844000.0,0.1053180601101133,Completed,5089000.0,4.1,True,False
B01572,2022-06-16,2022-08-01,C0552,Young Professional,Family,Website,,Đà Nẵng,1,3358000.0,0.147941033333796,Completed,2861000.0,3.0,False,False
B02155,2023-02-18,2023-04-12,C0552,Young Professional,Foodie,Mobile App,E-wallet,Đà Lạt,1,2616000.0,0.0647859330824233,Completed,2447000.0,5.0,True,False
B03484,2024-09-08,2024-10-10,C0552,Young Professional,Foodie,Mobile App,Cash,Đà Lạt,3,2199000.0,,Completed,6017000.0,4.1,True,False
B04336,2025-09-07,2025-10-28,C0552,Family,City Break,Call Center,Cash,Đà Lạt,3,2300000.0,0.066966286220317,Completed,6438000.0,4.0,True,False
B01737,2022-08-17,2022-09-13,C0553,Student,City Break,Website,,Phú Quốc,2,2199000.0,0.0945517168329472,Completed,3982000.0,3.4,True,False
B02268,2023-04-15,2023-06-14,C0553,Young Professional,Family,Agent,Card,Hội An,1,2603000.0,0.0804863185770988,Completed,2393000.0,4.4,True,False
B03889,2025-03-15,2025-05-12,C0553,Family,Cultural,Website,Card,Huế,1,2286000.0,0.1411150297234654,Completed,1963000.0,4.0,True,False
B04138,2025-06-27,2025-08-28,C0553,Family,Cultural,Website,Card,Huế,2,2346000.0,0.1211270100082566,Completed,4124000.0,3.8,True,False
B01585,2022-06-21,2022-09-10,C0554,Family,Family,Website,E-wallet,TP.HCM,1,2972000.0,0.0790817866804354,Completed,2737000.0,4.5,False,False
B03100,2024-04-07,2024-05-16,C0554,Student,Cultural,Agent,E-wallet,Huế,2,2204000.0,0.0808253222881057,Completed,4052000.0,3.7,True,False
B01591,2022-06-23,2022-08-31,C0555,Family,Cultural,Mobile App,Card,Nha Trang,3,3365000.0,0.1499858484514136,Completed,8581000.0,4.1,False,False
B01597,2022-06-25,2022-09-14,C0556,Young Professional,Family,Agent,Cash,Phú Quốc,2,3337000.0,0.1269712328862083,Completed,5827000.0,3.6,False,False
B01726,2022-08-13,2022-09-30,C0556,Corporate,Cultural,Agent,Card,Đà Lạt,2,2480000.0,0.1008940919867694,Completed,4460000.0,3.9,True,False
B03771,2025-01-17,2025-03-08,C0557,Family,Beach,Mobile App,Bank Transfer,Đà Nẵng,2,4539000.0,0.1050689650294781,Completed,8124000.0,4.8,True,False
B01635,2022-07-10,2022-09-11,C0558,Family,Beach,Website,Card,Đà Lạt,2,3450000.0,0.0709888311653862,Completed,6410000.0,4.5,True,False
B01888,2022-10-29,2022-12-30,C0558,Family,City Break,Mobile App,Card,Huế,1,2222000.0,,Completed,1905000.0,3.6,True,False
B02327,2023-05-09,2023-06-19,C0558,Family,City Break,Website,Card,Đà Nẵng,2,2771000.0,0.0746770174024672,Completed,5128000.0,3.6,True,False
B01610,2022-07-01,2022-09-20,C0559,Student,Family,Website,E-wallet,Đà Nẵng,4,3321000.0,0.0973818404768516,Completed,11990000.0,4.4,False,False
B02206,2023-03-18,2023-06-14,C0559,,Beach,Website,Card,Phú Quốc,2,4445000.0,0.0339132779531456,Completed,8589000.0,4.5,True,False
B02590,2023-09-04,2023-10-24,C0559,Young Professional,Cultural,Website,Card,Nha Trang,3,3443000.0,0.1835489030416806,Completed,8433000.0,3.6,True,False
B03435,2024-08-20,2024-11-12,C0559,Young Professional,Family,Website,Bank Transfer,Hội An,3,2681000.0,0.0511336035055063,Completed,7632000.0,4.3,True,False
B01616,2022-07-04,2022-08-03,C0560,Young Professional,Adventure,Agent,E-wallet,Nha Trang,1,5026000.0,0.0832109757213564,Completed,4608000.0,4.6,False,False
B01618,2022-07-04,2022-07-07,C0561,Student,Family,Mobile App,Card,Phú Quốc,2,3539000.0,0.1371755458069186,Completed,6107000.0,5.0,False,False
B01624,2022-07-06,2022-08-30,C0561,Family,Beach,Agent,Card,Hạ Long,4,4119000.0,0.1045063815575564,Completed,14754000.0,3.0,True,False
B02464,2023-07-11,2023-09-05,C0561,Family,Beach,Website,Card,Phú Quốc,2,3994000.0,0.0771600494558897,Completed,7372000.0,4.1,True,False
B02772,2023-11-19,2023-11-23,C0561,Student,Family,Agent,Card,Đà Lạt,3,3023000.0,0.0976397607237418,Completed,8184000.0,3.9,True,False
B01620,2022-07-05,2022-07-23,C0562,Student,Family,Mobile App,Cash,Đà Nẵng,1,3871000.0,0.1227459580939616,Completed,3396000.0,3.8,False,False
B02631,2023-09-21,2023-11-11,C0562,Student,Beach,Mobile App,Cash,Sa Pa,3,3736000.0,0.0923027205622178,Completed,10173000.0,4.0,True,False
B03215,2024-05-28,2024-09-15,C0562,Young Professional,Cultural,Website,Cash,Đà Lạt,3,2272000.0,0.1340181346268861,Completed,5903000.0,4.2,True,False
B04329,2025-09-05,2025-09-27,C0562,Young Professional,City Break,Website,Card,Hà Nội,3,2672000.0,0.1206754903661368,Completed,7049000.0,4.5,True,False
B02002,2022-12-23,2023-02-13,C0563,Family,Adventure,Mobile App,Bank Transfer,TP.HCM,4,5600000.0,0.0383059612984974,Completed,21542000.0,4.1,True,False
B01623,2022-07-06,2022-08-22,C0564,Family,Beach,Website,E-wallet,Hạ Long,2,4343000.0,0.1044218910038294,Completed,7779000.0,3.7,False,False
B02225,2023-03-30,2023-05-24,C0564,Student,Foodie,Website,E-wallet,Sa Pa,3,2561000.0,0.0850878394985801,Completed,7029000.0,4.1,True,False
B01634,2022-07-10,2022-08-21,C0565,Student,Beach,Agent,Bank Transfer,TP.HCM,2,4120000.0,0.0585586636931858,Completed,7757000.0,4.9,False,False
B02655,2023-10-04,2023-11-17,C0565,Young Professional,Beach,Website,Card,Hội An,3,3780000.0,0.0946511246881666,Completed,10267000.0,3.8,True,False
B01636,2022-07-10,2022-10-24,C0566,Corporate,Adventure,,,Đà Nẵng,1,5425000.0,0.1490935212056498,Completed,4616000.0,4.3,False,False
B01844,2022-10-01,2022-11-04,C0566,Family,Family,Website,Card,Hạ Long,2,3683000.0,0.0261666067384327,Completed,7173000.0,4.5,True,False
B02017,2022-12-28,2023-02-11,C0567,Young Professional,Cultural,Agent,Card,Hạ Long,1,2761000.0,,Completed,2609000.0,3.7,True,False
B01644,2022-07-15,2022-09-01,C0568,Family,Beach,Mobile App,E-wallet,Hà Nội,3,4058000.0,0.1153254431783117,Completed,10770000.0,4.5,False,False
B01995,2022-12-19,2023-02-09,C0568,Young Professional,Adventure,Mobile App,E-wallet,Hạ Long,1,6130000.0,0.108809993038302,Completed,5463000.0,4.3,True,False
B01647,2022-07-17,2022-09-01,C0569,Student,City Break,Agent,Cash,Huế,2,2075000.0,0.1071878054498733,Completed,3705000.0,4.2,False,False
B01805,2022-09-11,2022-11-29,C0569,Family,Cultural,Agent,Card,TP.HCM,3,2305000.0,0.127570699213961,Completed,6033000.0,4.2,True,False
B01649,2022-07-18,2022-09-23,C0570,Family,Beach,Website,Cash,Đà Lạt,2,3097000.0,0.0769968723066535,Completed,5717000.0,4.5,False,False
B02179,2023-03-01,2023-05-17,C0570,,Foodie,Website,Bank Transfer,Hà Nội,3,2054000.0,0.0717686936132657,Completed,5720000.0,4.6,True,False
B03302,2024-07-01,2024-08-24,C0570,Student,City Break,Website,Card,Sa Pa,1,2232000.0,0.1269681295193428,Completed,1949000.0,4.3,True,False
B04071,2025-06-01,2025-07-16,C0570,Student,Adventure,Mobile App,E-wallet,TP.HCM,1,5603000.0,0.087673273492934,Completed,5112000.0,4.8,True,False
B01651,2022-07-18,2022-07-18,C0571,Corporate,Beach,Website,Card,Đà Nẵng,2,4924000.0,0.0583756116351306,Completed,9273000.0,4.4,False,False
B02127,2023-02-10,2023-03-24,C0571,Family,Cultural,Website,Cash,Đà Nẵng,1,2606000.0,0.0528826152321634,Completed,2468000.0,3.8,True,False
B01655,2022-07-20,2022-08-06,C0572,Family,Beach,Mobile App,Card,TP.HCM,3,3953000.0,0.1495803856350659,Completed,10085000.0,5.0,False,False
B01742,2022-08-19,2022-10-10,C0572,Family,Beach,Website,Card,Phú Quốc,1,3919000.0,0.122291126673255,Completed,3440000.0,3.7,True,False
B01733,2022-08-16,2022-10-16,C0572,Family,Cultural,Mobile App,Bank Transfer,Hội An,4,2614000.0,,Completed,9959000.0,4.3,True,False
B02169,2023-02-24,2023-04-04,C0572,Young Professional,Adventure,Website,E-wallet,Đà Nẵng,1,6098000.0,0.0930150204514712,Completed,5531000.0,4.7,True,False
B02236,2023-04-05,2023-04-29,C0572,Student,Cultural,Website,,Đà Nẵng,2,2962000.0,0.0399834371876933,Completed,5687000.0,5.0,True,False
B01657,2022-07-21,2022-09-15,C0573,,Beach,Agent,Cash,Đà Lạt,5,3124000.0,0.1448289538872164,Completed,13358000.0,4.0,False,False
B02449,2023-07-02,2023-09-25,C0573,Family,Family,,,Hà Nội,4,3022000.0,0.0886378276968629,Completed,11017000.0,4.6,True,False
B04343,2025-09-13,2025-10-07,C0573,Family,Cultural,Website,Card,Phú Quốc,2,2628000.0,0.0807764993138644,Completed,4831000.0,4.7,True,False
B01658,2022-07-21,2022-09-05,C0574,,Cultural,Mobile App,Card,Hội An,2,2873000.0,0.1716904427666338,Completed,4759000.0,5.0,False,False
B02239,2023-04-05,2023-04-23,C0574,Young Professional,Family,Mobile App,Card,Sa Pa,1,3276000.0,0.1210685772592824,Completed,2879000.0,4.0,True,False
B01659,2022-07-22,2022-09-09,C0575,Family,Beach,Agent,Bank Transfer,Đà Lạt,2,2845000.0,0.1038771672925156,Completed,5099000.0,4.3,False,False
B02152,2023-02-17,2023-04-28,C0575,Family,Family,Mobile App,Cash,Đà Nẵng,3,3731000.0,0.1193923521141846,Completed,9857000.0,4.1,True,False
B04061,2025-05-30,2025-06-26,C0575,Young Professional,Adventure,Website,Card,Nha Trang,1,5301000.0,0.0910076815113294,Completed,4819000.0,4.4,True,False
B01727,2022-08-14,2022-10-15,C0576,Student,Beach,Website,Bank Transfer,Huế,4,3288000.0,0.1083852302025882,Completed,11727000.0,3.4,True,False
B01660,2022-07-23,2022-10-25,C0576,Student,Adventure,Mobile App,Card,Phú Quốc,3,4934000.0,0.0452756186109928,Completed,14132000.0,3.8,False,False
B01662,2022-07-23,2022-10-18,C0577,Young Professional,Family,Mobile App,Card,Đà Nẵng,1,3267000.0,0.0893017755451397,Completed,2975000.0,4.1,False,False
B01972,2022-12-12,2023-01-08,C0577,Young Professional,Cultural,Website,Card,TP.HCM,1,2368000.0,0.1336894997915932,Completed,2051000.0,4.5,True,False
B02628,2023-09-20,2023-09-28,C0577,Family,Beach,Agent,Card,Hội An,3,3937000.0,0.0483235738739106,Completed,11240000.0,4.1,True,False
B02942,2024-01-29,2024-03-29,C0577,,City Break,Agent,Cash,Huế,3,1985000.0,0.1304005200167669,Completed,5178000.0,4.0,True,False
B01887,2022-10-28,2023-01-24,C0578,Student,Cultural,Website,Card,Phú Quốc,1,2420000.0,0.1165720712691465,Completed,2138000.0,5.0,True,False
B01676,2022-07-28,2022-10-31,C0579,Family,Beach,Website,Card,Huế,3,3370000.0,0.0264520284460488,Completed,9843000.0,4.4,True,False
B03974,2025-04-28,2025-06-07,C0579,,Beach,Agent,Bank Transfer,Hạ Long,1,4275000.0,0.1693397559271465,Completed,3551000.0,4.0,True,False
B01668,2022-07-26,2022-08-27,C0580,Family,Beach,Website,E-wallet,Hạ Long,2,4161000.0,0.115172206924309,Completed,7364000.0,4.3,False,False
B01673,2022-07-27,2022-09-10,C0582,Young Professional,Beach,Website,Card,TP.HCM,2,3872000.0,0.1569026868075181,Completed,6529000.0,4.0,False,False
B01716,2022-08-10,2022-09-25,C0582,Family,Cultural,Mobile App,Card,Huế,2,2398000.0,0.1670749391756079,Completed,3995000.0,4.5,True,False
B01924,2022-11-17,2022-12-26,C0582,Corporate,Adventure,Website,Card,Sa Pa,2,4583000.0,0.132301885939088,Completed,7953000.0,4.5,True,False
B02204,2023-03-17,2023-05-11,C0582,Family,Beach,Agent,Card,Hội An,1,4020000.0,0.0308384493125404,Completed,3896000.0,3.6,True,False
B01678,2022-07-29,2022-09-08,C0583,,Adventure,Mobile App,Card,Hạ Long,3,5342000.0,0.0793601840450646,Completed,14754000.0,4.5,False,False
B02597,2023-09-08,2023-10-03,C0583,,Adventure,Agent,Cash,Đà Lạt,1,4566000.0,0.1136909110870055,Completed,4047000.0,4.4,True,False
B02701,2023-10-21,2023-10-21,C0583,Family,Family,Agent,Card,Nha Trang,1,3803000.0,0.0771651265085079,Completed,3510000.0,3.8,True,False
B03528,2024-09-27,2024-11-15,C0583,Family,Beach,Website,Bank Transfer,Nha Trang,4,4230000.0,0.1231373843897954,Completed,14837000.0,4.2,True,False
B04217,2025-07-23,2025-09-15,C0583,Corporate,Cultural,Mobile App,Card,Phú Quốc,1,2704000.0,0.0696273733008613,Completed,2516000.0,3.7,True,False
B01679,2022-07-29,2022-09-19,C0584,Corporate,Family,Website,Card,Nha Trang,4,3750000.0,,Completed,12685000.0,4.0,False,False
B04074,2025-06-02,2025-07-01,C0584,Young Professional,Beach,Website,E-wallet,Đà Lạt,2,3530000.0,0.0720843810842656,Completed,6551000.0,3.7,True,False
B01680,2022-07-30,2022-10-11,C0585,Corporate,Family,Website,Cash,Hạ Long,1,3518000.0,0.1117471174613365,Completed,3125000.0,4.4,False,False
B02028,2023-01-02,2023-04-02,C0585,Young Professional,Beach,Website,Card,Đà Lạt,1,3211000.0,0.0450312919236862,Completed,3066000.0,4.3,True,False
B02420,2023-06-22,2023-08-10,C0585,Young Professional,Beach,Website,Card,Sa Pa,1,3796000.0,0.1440749495746693,Completed,3249000.0,4.6,True,False
B03344,2024-07-17,2024-10-08,C0585,Student,Cultural,Website,Cash,Sa Pa,2,2392000.0,0.0243808135600726,Completed,4667000.0,4.2,True,False
B01681,2022-07-30,2022-09-29,C0586,Student,Cultural,Website,Card,Hội An,4,2683000.0,0.1314915009190164,Completed,9321000.0,4.8,False,False
B03398,2024-08-03,2024-09-15,C0586,Young Professional,Foodie,Website,Card,Hạ Long,3,2473000.0,0.0378994149839572,Completed,7138000.0,4.0,True,False
B04152,2025-07-01,2025-08-06,C0586,Family,City Break,Mobile App,,Phú Quốc,1,2332000.0,0.0950469985549315,Completed,2110000.0,3.7,True,False
B01691,2022-08-02,2022-09-04,C0587,,Beach,Agent,Card,Phú Quốc,1,3626000.0,0.0733694186366226,Completed,3360000.0,4.6,False,False
B02217,2023-03-25,2023-06-01,C0587,Young Professional,Adventure,Website,Cash,Sa Pa,2,4740000.0,0.0528674097900057,Completed,8979000.0,3.9,True,False
B02945,2024-01-30,2024-04-05,C0587,,Adventure,Website,Card,Hội An,1,5041000.0,0.1414580391406182,Completed,4328000.0,4.1,True,False
B01697,2022-08-05,2022-10-18,C0589,Family,Beach,Mobile App,Card,Hạ Long,2,4050000.0,0.2056636314356969,Completed,6434000.0,3.9,False,False
B03585,2024-10-23,2025-01-14,C0589,Student,Beach,Mobile App,,Phú Quốc,1,3657000.0,0.1492445919296676,Completed,3111000.0,4.7,True,False
B04093,2025-06-10,2025-07-14,C0589,Family,Family,Mobile App,Cash,Sa Pa,1,3603000.0,0.0280587004489425,Completed,3502000.0,4.4,True,False
B04238,2025-07-29,2025-09-10,C0589,Family,Cultural,Website,Card,Phú Quốc,4,2396000.0,0.1498264216165541,Completed,8148000.0,4.2,True,False
B01698,2022-08-06,2022-09-19,C0590,Young Professional,City Break,Website,Cash,TP.HCM,4,2609000.0,0.0396832697998524,Completed,10022000.0,3.6,False,False
B02402,2023-06-16,2023-08-29,C0590,Corporate,Family,Agent,Card,TP.HCM,3,3394000.0,0.0903217568392526,Completed,9262000.0,4.4,True,False
B03163,2024-05-04,2024-07-19,C0590,Student,Adventure,Website,Bank Transfer,Nha Trang,1,5273000.0,0.1465950416853252,Completed,4500000.0,4.6,True,False
B01700,2022-07-08,2022-09-18,C0591,Student,Beach,Website,Bank Transfer,Hội An,3,3722000.0,0.1055491528477773,Completed,9987000.0,4.4,False,False
B01751,2022-08-22,2022-10-30,C0592,Young Professional,Beach,Website,Card,TP.HCM,3,3430000.0,0.1007712271104073,Completed,9253000.0,4.0,True,False
B01702,2022-08-07,2022-11-02,C0592,Young Professional,Cultural,Website,Card,Hội An,1,2487000.0,0.0660264899866792,Completed,2323000.0,4.4,False,False
B02263,2023-04-14,2023-06-21,C0593,Young Professional,Cultural,Website,Cash,Hạ Long,4,2945000.0,0.0762682269251797,Completed,10882000.0,3.5,True,False
B01708,2022-08-09,2022-09-19,C0594,Student,Adventure,Agent,Cash,Nha Trang,2,4934000.0,0.0692247599568375,Completed,9185000.0,3.8,False,False
B01870,2022-10-15,2022-12-05,C0594,Family,Foodie,Agent,Bank Transfer,Đà Nẵng,3,2922000.0,0.1629966858329945,Completed,7337000.0,3.8,True,False
B03544,2024-10-04,2024-12-22,C0594,Family,Cultural,Website,Card,Phú Quốc,4,2905000.0,0.1658285786625331,Completed,9693000.0,3.8,True,False
B03586,2024-10-24,2025-01-28,C0596,Student,Adventure,Agent,Cash,Đà Lạt,1,4393000.0,0.179871798684849,Completed,3603000.0,4.6,True,False
B04089,2025-06-08,2025-06-19,C0598,Corporate,Family,Website,Card,Hội An,1,2787000.0,0.0699133326979673,Completed,2592000.0,4.6,True,False
B04080,2025-06-05,2025-07-08,C0598,Young Professional,Family,Agent,E-wallet,Hội An,1,2945000.0,0.0856706631459406,Completed,2693000.0,4.1,True,False
B01723,2022-08-13,2022-10-05,C0599,Young Professional,Family,Website,Bank Transfer,Đà Nẵng,2,3421000.0,0.1114721736367666,Completed,6079000.0,4.6,False,False
B03428,2024-08-18,2024-09-09,C0599,Corporate,Beach,Mobile App,E-wallet,Nha Trang,2,4330000.0,0.0759319466937494,Completed,8002000.0,4.8,True,False
B01724,2022-08-13,2022-09-10,C0600,Corporate,Family,Website,Card,Phú Quốc,1,3298000.0,0.0,Completed,3298000.0,5.0,False,False
B03323,2024-07-11,2024-09-01,C0600,Young Professional,Adventure,Website,Bank Transfer,Nha Trang,1,4765000.0,0.0788313990033346,Completed,4389000.0,4.5,True,False
B03598,2024-10-27,2024-12-09,C0600,Student,Cultural,Agent,Bank Transfer,Hà Nội,2,2760000.0,0.1034122940173428,Completed,4949000.0,3.9,True,False
B01725,2022-08-13,2022-09-12,C0601,Family,Cultural,Website,E-wallet,Hội An,3,2705000.0,0.1482949673184981,Completed,6912000.0,4.5,False,False
B02438,2023-06-28,2023-07-10,C0601,Family,Adventure,,Cash,Đà Nẵng,1,6012000.0,0.1326949249944474,Completed,5214000.0,4.4,True,False
B03895,2025-03-17,2025-05-28,C0601,Family,Adventure,Website,Card,Hà Nội,4,4537000.0,0.1107184342860504,Completed,16139000.0,4.2,True,False
B01736,2022-08-17,2022-10-28,C0602,,Family,Agent,Card,Hội An,2,2641000.0,,Completed,4588000.0,4.9,False,False
B02437,2023-06-28,2023-09-22,C0602,Young Professional,Cultural,Website,Card,Hạ Long,4,2626000.0,0.1454494802316837,Completed,8976000.0,4.1,True,False
B02719,2023-10-30,2024-01-11,C0602,Family,Cultural,Mobile App,E-wallet,Hội An,2,2719000.0,0.0644624367190389,Completed,5087000.0,3.4,True,False
B04077,2025-06-04,2025-07-25,C0602,Young Professional,Family,Agent,Card,Nha Trang,3,3910000.0,0.1063988587771935,Completed,10482000.0,4.0,True,False
B01750,2022-08-21,2022-09-06,C0603,Young Professional,Cultural,Mobile App,Card,Huế,1,2149000.0,0.0886848196016741,Completed,1958000.0,4.5,False,False
B03293,2024-06-25,2024-09-05,C0603,Student,Foodie,Agent,Card,Đà Nẵng,2,2563000.0,0.1278033146813151,Completed,4471000.0,3.9,True,False
B04151,2025-07-01,2025-08-16,C0603,Student,Adventure,Mobile App,E-wallet,Đà Lạt,3,5004000.0,0.1314558068449947,Completed,13039000.0,4.7,True,False
B01752,2022-08-22,2022-11-13,C0604,Student,Family,Website,Cash,Hà Nội,1,2920000.0,0.1563396862262551,Completed,2463000.0,4.5,False,False
B02401,2023-06-16,2023-08-25,C0604,Young Professional,Adventure,Website,Card,TP.HCM,1,5383000.0,0.0704849725798446,Completed,5004000.0,4.8,True,False
B01756,2022-08-24,2022-10-25,C0605,Young Professional,City Break,Website,Card,Hà Nội,3,2487000.0,0.0819665649132235,Completed,6849000.0,4.7,False,False
B03207,2024-05-22,2024-07-01,C0605,Young Professional,Beach,Agent,Card,Đà Lạt,4,3246000.0,,Completed,11634000.0,5.0,True,False
B03294,2024-06-26,2024-07-28,C0605,Family,Adventure,Agent,Bank Transfer,Nha Trang,2,5517000.0,0.1330825683314914,Completed,9566000.0,3.5,True,False
B04049,2025-05-26,2025-07-24,C0606,Corporate,Foodie,Website,Card,Đà Nẵng,3,2856000.0,0.0988926286460132,Completed,7721000.0,4.2,True,False
B04173,2025-07-06,2025-08-11,C0607,Corporate,Cultural,Agent,Cash,Hà Nội,1,2824000.0,0.1320056828751541,Completed,2451000.0,3.9,True,False
B04109,2025-06-15,2025-09-04,C0607,Corporate,Family,Agent,Bank Transfer,TP.HCM,3,3360000.0,0.1348686968227324,Completed,8721000.0,5.0,True,False
B01764,2022-08-26,2022-10-06,C0608,Young Professional,Cultural,Call Center,Card,Huế,1,2122000.0,0.121304084870326,Completed,1865000.0,4.0,False,False
B02328,2023-05-09,2023-06-11,C0608,Young Professional,Cultural,Agent,Card,Hà Nội,2,2854000.0,0.1498036926647387,Completed,4853000.0,4.6,True,False
B03565,2024-10-13,2024-11-28,C0608,Young Professional,City Break,Website,Card,Hội An,4,1390000.0,0.0879199850683755,Completed,5071000.0,4.4,True,False
B03698,2024-12-13,2025-04-10,C0608,Student,Beach,Website,Card,Huế,1,3833000.0,0.142938821625055,Completed,3285000.0,4.8,True,False
B01766,2022-08-27,2022-10-15,C0609,Family,Adventure,Agent,Cash,Hội An,3,4467000.0,0.0866646323453942,Completed,12240000.0,4.8,False,False
B02064,2023-01-21,2023-02-11,C0609,Student,City Break,Mobile App,E-wallet,Nha Trang,2,2865000.0,0.0930625431764624,Completed,5197000.0,4.0,True,False
B01774,2022-08-29,2022-11-12,C0610,Young Professional,Family,,Card,Nha Trang,2,3559000.0,0.1667628597233705,Completed,5931000.0,4.1,False,False
B01777,2022-09-01,2022-10-21,C0611,Young Professional,City Break,Call Center,Card,TP.HCM,1,2425000.0,0.054620043664357,Completed,2293000.0,4.0,False,False
B01778,2022-09-01,2022-10-29,C0612,Family,Adventure,Mobile App,E-wallet,Phú Quốc,1,5033000.0,0.1230205111554278,Completed,4414000.0,4.2,False,False
B01899,2022-11-05,2022-12-02,C0612,Corporate,Cultural,Website,Bank Transfer,Sa Pa,2,2448000.0,0.1450544513538322,Completed,4186000.0,4.6,True,False
B02019,2022-12-29,2023-01-16,C0612,Young Professional,Family,Agent,Card,Hà Nội,1,3162000.0,,Completed,2767000.0,4.6,True,False
B01839,2022-09-29,2023-01-25,C0612,Student,Beach,Website,Card,Đà Lạt,2,3137000.0,0.0988456190791686,Completed,5654000.0,4.7,True,False
B04057,2025-05-29,2025-07-04,C0612,Young Professional,Beach,Mobile App,E-wallet,Phú Quốc,1,4436000.0,0.0369527683470158,Completed,4272000.0,4.3,True,False
B03340,2024-07-15,2024-09-07,C0613,Family,Cultural,Website,Cash,Hội An,2,2519000.0,0.0919763359070127,Completed,4575000.0,4.2,True,False
B01783,2022-09-06,2022-10-28,C0615,Family,Cultural,Agent,Cash,Đà Nẵng,4,2704000.0,0.0415777398793476,Completed,10366000.0,4.1,False,False
B01784,2022-09-06,2022-09-25,C0616,Family,Adventure,Mobile App,Bank Transfer,Huế,4,4664000.0,0.0716172643120744,Completed,17320000.0,3.6,False,False
B01944,2022-11-25,2022-12-28,C0616,Family,Family,Website,Card,Nha Trang,2,3608000.0,0.1402643606598761,Completed,6204000.0,5.0,True,False
B02452,2023-07-04,2023-09-15,C0616,Family,Cultural,Agent,Card,Đà Lạt,1,2375000.0,,Completed,2071000.0,4.3,True,False
B03836,2025-02-16,2025-04-09,C0616,Family,Cultural,Website,Card,Huế,2,2350000.0,0.0922821070138197,Completed,4266000.0,4.0,True,False
B01785,2022-09-07,2022-11-04,C0617,Young Professional,Beach,Agent,Card,Huế,1,3636000.0,0.1004295845117715,Completed,3271000.0,4.9,False,False
B01795,2022-09-09,2022-10-04,C0619,Family,Beach,Website,,Huế,2,3375000.0,0.1317416988418152,Completed,5861000.0,4.0,False,False
B01808,2022-09-13,2022-11-17,C0619,Student,Beach,Agent,Card,Đà Lạt,2,3180000.0,0.1420358549168551,Completed,5457000.0,4.3,True,False
B01800,2022-09-09,2022-11-13,C0620,Young Professional,City Break,Website,Card,Huế,5,1837000.0,0.0881530126175865,Completed,8375000.0,3.7,False,False
B02485,2023-07-23,2023-09-26,C0620,Family,City Break,Website,Card,Nha Trang,2,2592000.0,0.148473244412773,Completed,4414000.0,3.9,True,False
B03829,2025-02-14,2025-04-10,C0620,Young Professional,Beach,Mobile App,Bank Transfer,Đà Lạt,5,3478000.0,0.0973473919804971,Completed,15697000.0,4.8,True,False
B01806,2022-09-13,2022-11-16,C0621,Corporate,Cultural,Website,Card,Đà Nẵng,1,2574000.0,0.0898234081804822,Completed,2343000.0,4.1,False,False
B02226,2023-03-31,2023-05-20,C0621,Young Professional,Family,Agent,Card,Phú Quốc,3,3396000.0,0.1256968632126641,Completed,8907000.0,4.4,True,False
B01857,2022-10-07,2022-10-28,C0622,Young Professional,Cultural,Mobile App,Card,Sa Pa,2,2446000.0,0.0673407569663772,Completed,4563000.0,5.0,True,False
B01807,2022-09-13,2022-11-10,C0622,Corporate,Family,Website,Card,Huế,3,2885000.0,0.1049926695374625,Completed,7746000.0,4.8,False,False
B02167,2023-02-23,2023-03-06,C0622,Young Professional,Foodie,Website,Card,Nha Trang,2,2419000.0,0.0430969434466881,Completed,4629000.0,4.1,True,False
B02079,2023-01-25,2023-03-14,C0622,Corporate,Beach,Call Center,Card,Đà Lạt,3,3005000.0,0.0845109120469206,Completed,8253000.0,5.0,True,False
B02216,2023-03-25,2023-06-02,C0622,Young Professional,Foodie,Website,,Phú Quốc,2,2894000.0,0.15316715201238,Completed,4901000.0,4.4,True,False
B02732,2023-11-04,2023-11-17,C0622,Family,City Break,Website,Bank Transfer,Phú Quốc,2,2105000.0,0.1418643986391996,Completed,3613000.0,3.6,True,False
B01809,2022-09-14,2022-10-12,C0623,Young Professional,Family,Agent,Card,Hội An,2,2624000.0,0.1058886159168679,Completed,4692000.0,3.8,False,False
B02809,2023-12-02,2023-12-18,C0623,Corporate,Beach,Agent,Cash,Hạ Long,1,4347000.0,0.1244970108958126,Completed,3806000.0,4.7,True,False
B03063,2024-03-24,2024-03-31,C0623,Young Professional,City Break,Agent,Card,Sa Pa,1,2116000.0,0.1107410030450433,Completed,1882000.0,4.8,True,False
B02795,2023-11-28,2023-11-28,C0624,Student,Adventure,Website,Card,Đà Nẵng,2,5345000.0,0.1104218896108667,Completed,9510000.0,4.4,True,False
B03536,2024-09-30,2024-12-06,C0624,Corporate,Cultural,Mobile App,Cash,TP.HCM,1,2409000.0,0.0990381222249405,Completed,2170000.0,4.2,True,False
B01813,2022-09-14,2022-09-23,C0625,Young Professional,Family,Mobile App,Card,Đà Nẵng,4,3448000.0,0.1364014461520447,Completed,11911000.0,3.5,False,False
B03443,2024-08-23,2024-09-29,C0625,Corporate,Beach,Website,E-wallet,Nha Trang,5,4326000.0,0.0391274283031676,Completed,20784000.0,4.6,True,False
B01821,2022-09-21,2022-11-18,C0626,Corporate,Foodie,Agent,Card,Phú Quốc,1,2674000.0,0.1009818826158868,Completed,2404000.0,5.0,False,False
B02814,2023-12-03,2024-01-16,C0626,Young Professional,Cultural,Website,Bank Transfer,Hà Nội,2,2513000.0,0.1017683046708511,Completed,4515000.0,4.1,True,False
B01824,2022-09-22,2022-10-08,C0627,Family,Cultural,Agent,Card,Hội An,1,2583000.0,0.1118593668947334,Completed,2294000.0,5.0,False,False
B03132,2024-04-21,2024-06-02,C0627,,Cultural,Website,Card,TP.HCM,3,2316000.0,0.083758273752223,Completed,6366000.0,3.9,True,False
B01825,2022-09-22,2022-12-07,C0628,Young Professional,Foodie,Website,Cash,Sa Pa,1,2716000.0,0.0133167080465297,Completed,2680000.0,4.0,False,False
B01828,2022-09-24,2023-01-02,C0629,Family,Adventure,Mobile App,Cash,Hội An,1,4657000.0,0.0863450374022715,Completed,4255000.0,4.8,False,False
B02159,2023-02-20,2023-04-21,C0629,Young Professional,Beach,Agent,Card,Đà Lạt,1,3441000.0,0.1431596141040159,Completed,2948000.0,3.4,True,False
B01831,2022-09-24,2022-11-22,C0630,Young Professional,Family,Website,Card,Huế,2,3018000.0,0.0589551185088185,Completed,5680000.0,4.4,False,False
B01832,2022-09-25,2022-10-24,C0631,Student,Cultural,Call Center,Cash,Hội An,1,2708000.0,0.1331912677164207,Completed,2347000.0,4.2,False,False
B02210,2023-03-22,2023-06-20,C0631,Young Professional,Adventure,Mobile App,Bank Transfer,Sa Pa,4,4885000.0,0.0815192232158488,Completed,17947000.0,4.5,True,False
B02423,2023-06-22,2023-07-19,C0631,Student,Cultural,Website,E-wallet,Phú Quốc,1,2990000.0,0.1247192132762643,Completed,2617000.0,5.0,True,False
B02660,2023-10-05,2023-11-26,C0631,Student,Beach,Website,Card,Hà Nội,1,4327000.0,0.1564269298409668,Completed,3650000.0,3.6,True,False
B01833,2022-09-25,2022-09-25,C0632,Family,Beach,Mobile App,,Hội An,3,3907000.0,0.0176254208981977,Completed,11514000.0,4.4,False,False
B03402,2024-08-04,2024-08-31,C0632,Student,Family,Website,Card,TP.HCM,2,3349000.0,0.1292284804937749,Completed,5832000.0,4.1,True,False
B01834,2022-09-26,2022-12-02,C0633,Corporate,Adventure,Agent,Bank Transfer,Phú Quốc,2,5774000.0,0.1640843673067539,Completed,9653000.0,4.2,False,False
B03782,2025-01-25,2025-03-09,C0633,Family,Beach,Call Center,Card,Phú Quốc,2,3893000.0,0.1446087437484716,Completed,6660000.0,4.7,True,False
B01835,2022-09-27,2022-10-26,C0634,Student,Beach,Website,Card,TP.HCM,1,3500000.0,0.1599392138296885,Completed,2940000.0,4.1,False,False
B01976,2022-12-13,2023-01-14,C0634,Student,Beach,Website,Card,Hà Nội,3,4484000.0,0.0077475510393036,Completed,13348000.0,3.8,True,False
B02632,2023-09-21,2023-11-24,C0635,Family,Beach,Website,Card,Huế,1,3586000.0,0.1109343338054511,Completed,3188000.0,4.0,True,False
B03616,2024-11-05,2025-01-23,C0635,Student,Cultural,Agent,Bank Transfer,Hà Nội,1,2589000.0,0.1018336673609252,Completed,2325000.0,4.3,True,False
B01838,2022-09-29,2022-11-01,C0636,Young Professional,Beach,Website,Cash,Huế,1,3408000.0,0.0887695134132301,Completed,3105000.0,4.2,False,False
B01845,2022-10-02,2022-12-07,C0637,Corporate,Beach,Mobile App,Bank Transfer,Huế,1,3758000.0,0.0726411660201306,Completed,3485000.0,4.5,False,False
B02775,2023-11-22,2024-01-10,C0637,Student,Adventure,Mobile App,,Đà Lạt,1,4488000.0,0.1297979315269203,Completed,3905000.0,4.4,True,False
B03051,2024-03-20,2024-05-11,C0637,Young Professional,Beach,Website,Card,Hội An,2,4258000.0,0.0432360017035426,Completed,8148000.0,4.0,True,False
B02713,2023-10-28,2023-11-19,C0638,Young Professional,Beach,Mobile App,Bank Transfer,Nha Trang,2,4103000.0,0.1220591881947736,Completed,7204000.0,4.0,True,False
B03580,2024-10-20,2024-11-13,C0638,,City Break,Website,Card,Đà Lạt,3,2387000.0,0.0748737743639816,Completed,6625000.0,4.7,True,False
B01850,2022-10-04,2022-10-04,C0639,Family,Cultural,Website,Card,Phú Quốc,2,2343000.0,0.0878234548678756,Completed,4274000.0,4.5,False,False
B02709,2023-10-26,2023-12-21,C0639,Corporate,Cultural,Website,Card,Nha Trang,3,3075000.0,0.1271808526407317,Completed,8052000.0,4.5,True,False
B03283,2024-06-21,2024-08-10,C0639,Student,City Break,Website,Bank Transfer,Hội An,1,1641000.0,0.0813393968871878,Completed,1508000.0,4.1,True,False
B03712,2024-12-19,2025-02-06,C0639,Corporate,City Break,Website,Card,Đà Nẵng,1,2529000.0,0.1039216345124162,Completed,2266000.0,4.5,True,False
B04300,2025-08-25,2025-10-13,C0639,Family,City Break,Mobile App,Bank Transfer,Hạ Long,2,2591000.0,0.0738475800688356,Completed,4799000.0,4.2,True,False
B02580,2023-08-29,2023-09-24,C0640,Student,Family,Mobile App,Card,Đà Lạt,1,3042000.0,0.141698133585132,Completed,2611000.0,4.5,True,False
B03122,2024-04-18,2024-05-26,C0640,Young Professional,Beach,Agent,Card,Sa Pa,3,3933000.0,0.101544749696139,Completed,10601000.0,4.7,True,False
B01855,2022-10-06,2022-12-01,C0641,Young Professional,Cultural,Website,,Hội An,2,2833000.0,0.1360601486670593,Completed,4895000.0,4.8,False,False
B02395,2023-06-13,2023-06-28,C0641,Young Professional,Cultural,Mobile App,Cash,Hạ Long,2,2798000.0,0.1582746024634836,Completed,4710000.0,4.3,True,False
B04260,2025-08-12,2025-09-28,C0641,Young Professional,Family,,Cash,Hội An,1,2519000.0,0.0945352224992407,Completed,2281000.0,5.0,True,False
B01862,2022-10-12,2022-11-27,C0642,Corporate,Beach,Website,Card,Nha Trang,1,4345000.0,0.1892277482701749,Completed,3523000.0,4.1,False,False
B01864,2022-10-13,2022-12-07,C0643,Young Professional,Adventure,Mobile App,Card,Hà Nội,3,4711000.0,0.1473201875837211,Completed,12051000.0,4.0,False,False
B03020,2024-02-29,2024-04-17,C0643,Family,Beach,Mobile App,Card,Phú Quốc,2,4501000.0,0.1188890465346006,Completed,7932000.0,4.8,True,False
B01867,2022-10-14,2022-12-19,C0644,Corporate,Beach,Website,E-wallet,Huế,5,3843000.0,0.076912082680077,Completed,17737000.0,3.5,False,False
B01868,2022-10-14,2022-10-30,C0645,Family,Adventure,Website,Bank Transfer,Đà Nẵng,2,5170000.0,0.06760009028816,Completed,9641000.0,4.3,False,False
B03672,2024-11-27,2025-01-17,C0645,Family,Adventure,,Card,Phú Quốc,3,5390000.0,0.0593113668188491,Completed,15211000.0,4.0,True,False
B01871,2022-10-15,2023-01-07,C0646,Student,Cultural,Agent,Card,Đà Lạt,2,2367000.0,0.11284148729578,Completed,4200000.0,4.3,False,False
B02734,2023-11-04,2024-01-09,C0646,Family,Beach,Agent,Card,Đà Nẵng,3,4365000.0,0.0138576616809907,Completed,12914000.0,4.3,True,False
B01873,2022-10-18,2022-12-18,C0647,Student,Cultural,Website,Cash,Đà Nẵng,2,2739000.0,0.098580323583586,Completed,4938000.0,5.0,False,False
B02837,2023-12-14,2024-01-22,C0648,Young Professional,Cultural,Website,Bank Transfer,Phú Quốc,5,2554000.0,0.1456099729881711,Completed,10911000.0,5.0,True,False
B03064,2024-03-24,2024-07-17,C0648,Family,Cultural,Mobile App,Cash,Đà Nẵng,2,2999000.0,0.1348680025176518,Completed,5189000.0,5.0,True,False
B01876,2022-10-21,2022-11-26,C0649,Corporate,Family,Mobile App,Card,Hạ Long,1,3338000.0,0.1293454289499182,Completed,2906000.0,4.1,False,False
B02170,2023-02-25,2023-04-20,C0649,Student,Family,Agent,Card,Phú Quốc,1,3595000.0,0.1344468249800948,Completed,3112000.0,4.3,True,False
B01885,2022-10-27,2023-01-03,C0650,Family,Family,Website,Card,Hà Nội,3,3162000.0,0.0696771262252264,Completed,8825000.0,4.3,False,False
B03705,2024-12-16,2025-02-19,C0650,Family,Beach,Agent,Card,Hạ Long,2,4428000.0,0.0366696776979274,Completed,8531000.0,4.0,True,False
B04371,2025-09-25,2025-10-21,C0650,Young Professional,Family,Website,Cash,TP.HCM,3,3181000.0,0.1573999935010725,Completed,8041000.0,4.2,True,False
B03634,2024-11-11,2025-02-25,C0651,Family,City Break,Mobile App,Cash,Hạ Long,1,2610000.0,0.1458652149823895,Completed,2229000.0,4.2,True,False
B01891,2022-11-01,2023-01-18,C0652,Young Professional,Family,Mobile App,Card,Hội An,1,2588000.0,0.1005994646439246,Completed,2328000.0,4.3,False,False
B01937,2022-11-23,2023-02-04,C0652,Family,City Break,Agent,E-wallet,Đà Lạt,1,2452000.0,0.0874429556417538,Completed,2238000.0,4.0,True,False
B02158,2023-02-19,2023-02-19,C0652,Young Professional,City Break,Agent,Card,Hội An,1,1433000.0,0.0845716493157572,Completed,1312000.0,4.2,True,False
B01895,2022-11-04,2022-11-27,C0653,Young Professional,Cultural,Agent,Cash,Đà Lạt,3,2580000.0,0.0448519645193671,Completed,7393000.0,4.6,False,False
B01898,2022-11-05,2022-12-24,C0654,Student,City Break,Mobile App,Cash,Đà Nẵng,3,2736000.0,0.0731523711268763,Completed,7608000.0,3.7,False,False
B02492,2023-07-27,2023-10-08,C0654,Student,Family,Website,Card,Hội An,5,2713000.0,0.0729116743948152,Completed,12576000.0,3.5,True,False
B02931,2024-01-26,2024-02-11,C0654,Young Professional,Beach,Mobile App,Card,Hội An,3,4165000.0,0.0892551310848954,Completed,11380000.0,4.5,True,False
B03146,2024-04-28,2024-07-10,C0654,Student,Adventure,Website,Card,Hội An,1,4661000.0,0.0973557463466743,Completed,4207000.0,3.9,True,False
B03303,2024-07-02,2024-08-01,C0654,Student,Beach,,Cash,Đà Nẵng,4,4677000.0,0.1457615634864343,Completed,15981000.0,3.7,True,False
B03557,2024-10-09,2024-12-01,C0654,Student,Cultural,Mobile App,,Phú Quốc,3,2826000.0,0.1499554056897859,Completed,7207000.0,4.0,True,False
B03667,2024-11-26,2024-12-30,C0654,Family,Beach,Website,Card,TP.HCM,1,4033000.0,0.0956269180798676,Completed,3647000.0,4.7,True,False
B02877,2023-12-30,2024-02-25,C0655,Family,Beach,Mobile App,Cash,Hạ Long,1,4410000.0,0.0637988400497998,Completed,4129000.0,4.9,True,False
B01905,2022-11-07,2022-12-22,C0656,Family,City Break,Website,,Đà Nẵng,2,2875000.0,0.1188899131064975,Completed,5066000.0,4.8,False,False
B01906,2022-11-08,2023-01-27,C0657,Young Professional,Adventure,Agent,Card,Huế,2,4653000.0,0.0450460620346594,Completed,8887000.0,4.8,False,False
B02625,2023-09-19,2023-10-28,C0657,Corporate,Beach,Website,Card,Phú Quốc,2,4097000.0,0.0543576484325633,Completed,7749000.0,4.1,True,False
B04284,2025-08-22,2025-10-19,C0657,Corporate,City Break,Mobile App,E-wallet,Đà Nẵng,1,2644000.0,0.1181109373127177,Completed,2332000.0,3.8,True,False
B01910,2022-11-09,2022-12-22,C0658,Student,Adventure,Website,Cash,Đà Lạt,2,4612000.0,0.0486008164530097,Completed,8776000.0,4.4,False,False
B03128,2024-04-20,2024-05-23,C0659,,Beach,Agent,Card,Đà Lạt,2,2949000.0,0.1438280391075628,Completed,5050000.0,4.1,True,False
B01915,2022-11-12,2022-12-23,C0660,Corporate,Foodie,Agent,Card,Hạ Long,4,2817000.0,0.0745104151616752,Completed,10428000.0,3.6,False,False
B02700,2023-10-20,2023-12-24,C0660,,Adventure,Agent,Card,TP.HCM,1,5652000.0,0.1209845784445396,Completed,4968000.0,3.7,True,False
B01917,2022-11-12,2023-02-02,C0661,Student,Beach,Call Center,Card,Sa Pa,3,4303000.0,0.021282482244805,Completed,12634000.0,4.1,False,False
B03471,2024-09-05,2024-12-02,C0661,Young Professional,Cultural,Website,Card,Hà Nội,1,2934000.0,0.2013628733059676,Completed,2343000.0,3.4,True,False
B01921,2022-11-16,2022-12-29,C0662,Student,Family,Agent,Card,Phú Quốc,5,3699000.0,0.0543705606066598,Completed,17489000.0,3.9,False,False
B01987,2022-12-17,2022-12-30,C0662,Family,City Break,Mobile App,Card,Nha Trang,4,2696000.0,0.0133568340626096,Completed,10640000.0,4.1,True,False
B02729,2023-11-03,2023-12-19,C0662,Corporate,Adventure,Mobile App,E-wallet,Phú Quốc,1,5947000.0,0.1355777121846775,Completed,5141000.0,4.7,True,False
B01927,2022-11-19,2023-01-18,C0663,Family,Adventure,Website,Cash,TP.HCM,4,4899000.0,0.0216718055529212,Completed,19171000.0,4.3,False,False
B02198,2023-03-15,2023-05-29,C0663,,Cultural,Website,Cash,Nha Trang,2,3098000.0,0.1306898994165629,Completed,5386000.0,4.1,True,False
B01929,2022-11-19,2022-12-27,C0664,Family,Family,Website,Card,Hà Nội,1,3606000.0,0.1105127236345269,Completed,3207000.0,4.5,False,False
B02726,2023-11-02,2023-12-12,C0664,Family,Family,Agent,Bank Transfer,Hạ Long,3,3765000.0,0.110924095198062,Completed,10042000.0,4.3,True,False
B02143,2023-02-15,2023-04-02,C0665,Young Professional,Cultural,Mobile App,Card,TP.HCM,4,2447000.0,0.107989284269594,Completed,8731000.0,4.5,True,False
B02546,2023-08-18,2023-10-14,C0665,Corporate,Beach,Website,Card,Đà Lạt,2,3015000.0,0.1376810521356745,Completed,5200000.0,4.0,True,False
B02680,2023-10-13,2023-11-19,C0665,Young Professional,Cultural,,Bank Transfer,Phú Quốc,4,2504000.0,0.0704005561710789,Completed,9311000.0,4.1,True,False
B01934,2022-11-21,2023-01-23,C0666,Family,Cultural,Agent,,Đà Nẵng,1,2734000.0,0.0829465065972464,Completed,2507000.0,4.3,False,False
B02868,2023-12-26,2024-01-16,C0666,Family,Adventure,Website,Card,Đà Lạt,1,4291000.0,0.0,Completed,4291000.0,4.4,True,False
B03249,2024-06-08,2024-07-31,C0666,Family,Beach,Mobile App,Card,Hà Nội,2,4267000.0,0.0909780341922776,Completed,7758000.0,5.0,True,False
B01935,2022-11-22,2023-01-06,C0667,Young Professional,City Break,Agent,Card,Đà Lạt,2,2147000.0,0.1307585176816599,Completed,3733000.0,4.0,False,False
B01936,2022-11-23,2023-01-02,C0668,Student,City Break,Website,E-wallet,Huế,3,1951000.0,0.0742018710582033,Completed,5419000.0,4.7,False,False
B01964,2022-12-07,2023-02-17,C0668,Family,Adventure,Website,Bank Transfer,Đà Nẵng,4,5717000.0,0.1004599266962014,Completed,20571000.0,3.6,True,False
B02107,2023-02-03,2023-03-28,C0668,Young Professional,Foodie,Website,Cash,TP.HCM,2,2312000.0,0.124941497000112,Completed,4046000.0,4.2,True,False
B02666,2023-10-07,2023-12-18,C0668,Young Professional,Cultural,Website,Card,Hạ Long,1,2955000.0,0.1171142252342019,Completed,2609000.0,4.2,True,False
B01942,2022-11-25,2022-12-24,C0669,Young Professional,Beach,Website,Card,Phú Quốc,2,3885000.0,0.0854747091245056,Completed,7106000.0,4.5,False,False
B02958,2024-02-03,2024-02-20,C0669,Student,Beach,Website,Card,TP.HCM,1,4146000.0,,Completed,3944000.0,4.3,True,False
B01946,2022-11-27,2022-12-20,C0670,Student,Family,Mobile App,Card,Đà Nẵng,1,3754000.0,0.1257639194208992,Completed,3282000.0,3.4,False,False
B03187,2024-05-15,2024-06-23,C0670,Young Professional,Beach,Website,Bank Transfer,Hạ Long,1,4332000.0,0.1029351757095932,Completed,3886000.0,3.9,True,False
B03211,2024-05-24,2024-07-21,C0670,Student,Family,Website,Bank Transfer,Hội An,2,2833000.0,0.0521286806383897,Completed,5371000.0,3.8,True,False
B01947,2022-11-28,2023-01-05,C0671,Corporate,Beach,Agent,Card,Đà Nẵng,2,4302000.0,0.0275372227778533,Completed,8367000.0,3.2,False,False
B01949,2022-11-28,2023-01-13,C0672,Family,Cultural,Mobile App,Card,Hạ Long,1,2558000.0,0.0863289893966182,Completed,2337000.0,3.9,False,False
B02606,2023-09-13,2023-11-04,C0672,Corporate,City Break,Website,Card,Phú Quốc,4,2133000.0,0.0329541026774272,Completed,8251000.0,4.2,True,False
B03055,2024-03-21,2024-05-16,C0672,Family,Foodie,Website,E-wallet,Hạ Long,1,2512000.0,0.0691865513936472,Completed,2338000.0,3.8,True,False
B02058,2023-01-16,2023-01-30,C0673,Student,City Break,Website,Card,Đà Lạt,1,2203000.0,0.1128106387879846,Completed,1954000.0,3.0,True,False
B01950,2022-11-28,2023-02-05,C0673,Corporate,Adventure,,E-wallet,Nha Trang,1,5126000.0,0.0739050384298584,Completed,4747000.0,4.6,False,False
B01952,2022-11-29,2023-01-13,C0674,Young Professional,Adventure,Website,Card,Hà Nội,3,4641000.0,0.0734518991101733,Completed,12900000.0,4.7,False,False
B01960,2022-12-04,2023-02-23,C0675,Corporate,Family,Mobile App,Card,Đà Lạt,4,3090000.0,0.0640690910207579,Completed,11568000.0,4.0,False,False
B04135,2025-06-26,2025-08-09,C0675,Family,Beach,Website,Card,Huế,3,3639000.0,0.0864322414272587,Completed,9973000.0,3.6,True,False
B01969,2022-12-09,2023-02-26,C0676,,Adventure,Mobile App,Card,Huế,2,5271000.0,0.0702944818350157,Completed,9801000.0,4.8,False,False
B02621,2023-09-18,2023-11-20,C0676,Family,Cultural,Website,Card,Hạ Long,4,2576000.0,0.0961495397975132,Completed,9313000.0,5.0,True,False
B03291,2024-06-24,2024-09-17,C0677,Family,Family,Agent,Bank Transfer,Đà Nẵng,2,3214000.0,0.0696521043209687,Completed,5980000.0,3.5,True,False
B03481,2024-09-07,2024-09-24,C0677,Corporate,Adventure,Website,Cash,Huế,1,4851000.0,0.0857407112397935,Completed,4435000.0,4.2,True,False
B01973,2022-12-12,2023-02-14,C0678,Young Professional,Adventure,Agent,Bank Transfer,Đà Lạt,1,4811000.0,0.1231192707793294,Completed,4219000.0,4.7,False,False
B04141,2025-06-28,2025-08-22,C0678,Family,Beach,Mobile App,Card,Hội An,1,4364000.0,0.0861389024653503,Completed,3988000.0,3.7,True,False
B01977,2022-12-14,2023-01-25,C0679,,Beach,Website,Cash,Sa Pa,1,3842000.0,0.168189080742966,Completed,3196000.0,3.9,False,False
B02941,2024-01-29,2024-05-19,C0679,Young Professional,City Break,Mobile App,Card,Phú Quốc,1,2112000.0,0.108715961606245,Completed,1882000.0,3.7,True,False
B01984,2022-12-16,2023-01-10,C0680,Family,Beach,Website,Bank Transfer,Hạ Long,1,4268000.0,0.0822097037632527,Completed,3917000.0,4.2,False,False
B02929,2024-01-26,2024-03-11,C0680,Student,Cultural,Website,Card,Sa Pa,2,2432000.0,0.0642192334876712,Completed,4552000.0,4.7,True,False
B03192,2024-05-17,2024-07-16,C0680,Family,Cultural,Website,Card,Huế,3,2479000.0,0.1177839346473454,Completed,6561000.0,4.1,True,False
B01990,2022-12-18,2023-02-07,C0681,Student,Cultural,Website,,Hạ Long,1,2949000.0,0.0870900724218448,Completed,2692000.0,4.6,False,False
B01991,2022-12-18,2023-01-21,C0682,Corporate,Beach,Website,Card,Nha Trang,2,3849000.0,0.0261997371211292,Completed,7496000.0,4.5,False,False
B02084,2023-01-26,2023-04-20,C0682,Corporate,City Break,Agent,Bank Transfer,Hội An,4,1563000.0,0.1086978046396335,Completed,5572000.0,4.1,True,False
B01994,2022-12-19,2023-01-23,C0683,Student,Beach,Mobile App,Cash,Sa Pa,4,3839000.0,0.0741751788451143,Completed,14217000.0,3.9,False,False
B02294,2023-04-24,2023-06-15,C0683,Family,Cultural,Website,E-wallet,Phú Quốc,3,2736000.0,0.0695707058557896,Completed,7637000.0,4.5,True,False
B02593,2023-09-06,2023-10-13,C0683,Family,Cultural,Agent,Card,Hà Nội,1,2499000.0,0.1053714096655643,Completed,2236000.0,4.5,True,False
B01997,2022-12-21,2023-01-09,C0684,,Cultural,Agent,Card,Hội An,1,2760000.0,0.1091220595035869,Completed,2459000.0,4.2,False,False
B02899,2024-01-08,2024-02-14,C0684,Family,Family,Mobile App,Cash,TP.HCM,2,3656000.0,0.0330808427376844,Completed,7070000.0,4.2,True,False
B02000,2022-12-22,2023-01-08,C0686,,City Break,Website,Cash,Hội An,1,1450000.0,0.1013610861756396,Completed,1303000.0,3.5,False,False
B02499,2023-07-29,2023-09-23,C0686,Family,Cultural,Agent,Card,Hà Nội,2,2623000.0,0.099429637883838,Completed,4724000.0,4.1,True,False
B02547,2023-08-19,2023-09-30,C0686,Young Professional,City Break,Website,Card,Nha Trang,3,2486000.0,0.0606941649436025,Completed,7005000.0,4.1,True,False
B02001,2022-12-23,2023-02-22,C0687,Family,Beach,Website,Card,Đà Lạt,2,3388000.0,0.0509057986976649,Completed,6431000.0,4.0,False,False
B03421,2024-08-14,2024-10-07,C0687,Student,Family,Mobile App,E-wallet,Phú Quốc,1,3291000.0,0.0348738609522237,Completed,3176000.0,4.4,True,False
B04064,2025-05-31,2025-07-28,C0687,Young Professional,Adventure,Website,Card,Hạ Long,1,5650000.0,0.0156269724862122,Completed,5562000.0,3.7,True,False
B04363,2025-09-23,2025-10-30,C0687,Young Professional,Family,Website,Card,Hội An,2,2405000.0,0.1459512313680424,Completed,4108000.0,4.6,True,False
B02003,2022-12-23,2023-02-13,C0688,Family,Cultural,Mobile App,Card,Đà Lạt,1,2684000.0,,Completed,2301000.0,3.8,False,False
B03333,2024-07-13,2024-09-03,C0688,Young Professional,Family,Agent,,Đà Nẵng,2,3625000.0,0.1587312731988447,Completed,6099000.0,4.6,True,False
B03872,2025-03-05,2025-05-02,C0688,Student,Cultural,Website,Cash,Sa Pa,4,2481000.0,0.0913646958954498,Completed,9017000.0,3.5,True,False
B02105,2023-02-03,2023-03-07,C0689,Young Professional,Family,Agent,Card,Huế,3,3068000.0,0.1327106322672867,Completed,7983000.0,4.6,True,False
B02007,2022-12-24,2023-03-15,C0689,Student,Cultural,Mobile App,Card,Hà Nội,1,2613000.0,0.1090837123075343,Completed,2328000.0,4.5,False,False
B02008,2022-12-24,2023-03-13,C0690,Family,City Break,Agent,Card,Huế,2,2137000.0,0.0607074274478107,Completed,4015000.0,3.7,False,False
B02011,2022-12-25,2023-03-07,C0691,Young Professional,Family,Website,Card,Hạ Long,2,3247000.0,0.1055774439236666,Completed,5808000.0,3.0,False,False
B02182,2023-03-03,2023-05-20,C0691,Family,Beach,Website,E-wallet,Nha Trang,2,3980000.0,0.0557294337889883,Completed,7516000.0,4.1,True,False
B02013,2022-12-26,2023-01-22,C0692,Young Professional,Beach,Mobile App,Card,Sa Pa,3,3747000.0,0.1738816240243289,Completed,9286000.0,5.0,False,False
B03157,2024-05-03,2024-07-05,C0692,Student,City Break,Website,,Đà Lạt,2,2546000.0,0.1070714625156719,Completed,4547000.0,4.4,True,False
B02508,2023-07-31,2023-09-19,C0693,Corporate,Foodie,Website,Card,Phú Quốc,1,2552000.0,0.0362148209930865,Completed,2460000.0,3.9,True,False
B02080,2023-01-25,2023-02-22,C0694,Student,Family,Mobile App,Card,Đà Nẵng,5,3507000.0,0.0573725223373739,Completed,16529000.0,4.3,True,False
B02016,2022-12-28,2023-02-25,C0694,Young Professional,City Break,Mobile App,Card,Đà Lạt,1,2377000.0,0.0777663021355712,Completed,2192000.0,3.7,False,False
B03591,2024-10-25,2025-01-06,C0694,Young Professional,Beach,Mobile App,Card,Hà Nội,3,4336000.0,0.0518483531378568,Completed,12334000.0,3.9,True,False
B02024,2022-12-30,2023-03-05,C0695,Family,Family,Website,Card,Hội An,2,2614000.0,0.0541789309884504,Completed,4945000.0,3.6,False,False
B02283,2023-04-20,2023-06-22,C0695,Young Professional,City Break,Mobile App,Card,Đà Lạt,2,2523000.0,0.0692078945241664,Completed,4697000.0,3.9,True,False
B03092,2024-04-05,2024-05-16,C0695,Family,City Break,,E-wallet,Phú Quốc,1,2239000.0,0.1059028634264543,Completed,2002000.0,4.0,True,False
B02026,2023-01-01,2023-03-12,C0696,Corporate,Adventure,Website,Bank Transfer,Hội An,3,4485000.0,0.118016433937712,Completed,11867000.0,4.2,False,False
B02029,2023-01-03,2023-01-23,C0697,Corporate,Beach,Mobile App,Card,Hội An,1,3809000.0,0.1360144740240941,Completed,3291000.0,4.8,False,False
B02985,2024-02-14,2024-04-08,C0697,Young Professional,Beach,Website,Card,Nha Trang,1,4522000.0,0.1059030645286373,Completed,4043000.0,5.0,True,False
B04192,2025-07-12,2025-09-01,C0697,Family,Beach,Mobile App,Bank Transfer,Hà Nội,1,3925000.0,0.0699735155315877,Completed,3650000.0,4.3,True,False
B02032,2023-01-04,2023-03-17,C0698,Young Professional,Adventure,Mobile App,Bank Transfer,Nha Trang,1,4321000.0,0.1782434140187535,Completed,3551000.0,3.9,False,False
B02078,2023-01-24,2023-04-06,C0699,Young Professional,Beach,Agent,Card,TP.HCM,1,3781000.0,0.09321276008523,Completed,3429000.0,3.0,True,False
B02037,2023-01-05,2023-02-05,C0700,Family,Foodie,Agent,Bank Transfer,Hội An,2,2003000.0,,Completed,3589000.0,3.6,False,False
B02039,2023-01-06,2023-02-22,C0701,Student,Family,Website,Card,Đà Nẵng,4,3737000.0,0.0628910291131896,Completed,14008000.0,4.1,False,False
B02098,2023-01-31,2023-03-10,C0701,Student,Family,Website,Card,Đà Nẵng,3,3232000.0,0.0471482718885074,Completed,9239000.0,3.9,True,False
B02244,2023-04-06,2023-05-24,C0701,Corporate,Beach,Website,Card,Hội An,2,3862000.0,0.0686866366624497,Completed,7193000.0,5.0,True,False
B02436,2023-06-28,2023-07-31,C0701,Young Professional,Family,Website,Bank Transfer,Đà Nẵng,3,3819000.0,0.1487009382108793,Completed,9753000.0,3.3,True,False
B04009,2025-05-10,2025-06-02,C0701,Corporate,Beach,Agent,Card,Hạ Long,1,4488000.0,0.2022835014248547,Completed,3580000.0,4.8,True,False
B02041,2023-01-06,2023-02-07,C0702,,Foodie,Website,Card,Nha Trang,3,2952000.0,0.1063607397001091,Completed,7914000.0,4.1,False,False
B02044,2023-01-07,2023-03-10,C0703,Family,Cultural,Agent,,Đà Nẵng,4,2526000.0,0.0772063231407949,Completed,9324000.0,4.5,False,False
B02879,2023-12-31,2024-02-07,C0703,Family,Foodie,Agent,,Huế,1,2707000.0,0.1219243188212629,Completed,2377000.0,4.2,True,False
B04229,2025-07-26,2025-08-28,C0703,Young Professional,Adventure,Mobile App,Bank Transfer,Đà Nẵng,4,5804000.0,0.171938675264204,Completed,19224000.0,4.8,True,False
B02045,2023-01-08,2023-03-26,C0704,Family,Beach,Website,Card,Đà Lạt,3,3274000.0,0.0,Completed,9822000.0,4.3,False,False
B02047,2023-01-09,2023-04-03,C0705,Young Professional,Family,Agent,Card,Hội An,5,2665000.0,0.150514517445487,Completed,11319000.0,4.5,False,False
B02620,2023-09-18,2023-11-05,C0705,Student,Beach,Website,Bank Transfer,Sa Pa,2,3847000.0,0.1214657540285356,Completed,6759000.0,4.2,True,False
B03034,2024-03-07,2024-05-07,C0705,Family,Cultural,Website,Card,Hà Nội,3,2696000.0,0.1027874927217176,Completed,7257000.0,3.8,True,False
B02049,2023-01-10,2023-02-05,C0706,Corporate,Beach,Website,Bank Transfer,Hội An,1,4142000.0,0.0976377590560949,Completed,3738000.0,3.5,False,False
B02051,2023-01-13,2023-02-25,C0707,Family,Cultural,Website,E-wallet,Hà Nội,5,2781000.0,0.1047886559975447,Completed,12448000.0,5.0,False,False
B02417,2023-06-21,2023-08-17,C0707,,Beach,Website,Card,Hạ Long,1,4351000.0,0.1067886846651239,Completed,3886000.0,4.8,True,False
B03373,2024-07-26,2024-08-05,C0707,Family,Adventure,Website,Card,Đà Lạt,1,4695000.0,0.0910020170625074,Completed,4268000.0,4.0,True,False
B02054,2023-01-14,2023-03-10,C0709,Corporate,City Break,,Card,Nha Trang,2,2549000.0,0.0943549971093977,Completed,4617000.0,3.8,False,False
B02398,2023-06-16,2023-07-07,C0710,Family,City Break,Website,Card,Hội An,3,1585000.0,0.1037375084273799,Completed,4262000.0,4.2,True,False
B03811,2025-02-06,2025-04-06,C0710,Student,Cultural,Website,Card,Sa Pa,3,2619000.0,0.1524404345818128,Completed,6659000.0,4.4,True,False
B02391,2023-06-12,2023-08-10,C0711,Young Professional,Family,Agent,Cash,Đà Nẵng,1,3807000.0,0.1531648737095678,Completed,3224000.0,4.4,True,False
B02062,2023-01-17,2023-02-20,C0712,Family,Cultural,Website,Bank Transfer,Hội An,3,2777000.0,0.0966709010865224,Completed,7526000.0,3.7,False,False
B04004,2025-05-06,2025-06-02,C0712,Young Professional,City Break,Mobile App,Bank Transfer,Đà Nẵng,2,2740000.0,0.1185976775465528,Completed,4830000.0,4.2,True,False
B02065,2023-01-21,2023-04-14,C0713,Student,Beach,Mobile App,Card,Huế,1,3622000.0,0.1165906615867976,Completed,3200000.0,4.4,False,False
B02066,2023-01-21,2023-03-03,C0714,Young Professional,Beach,Website,Card,Hạ Long,2,3993000.0,0.085799811539093,Completed,7301000.0,4.0,False,False
B02068,2023-01-22,2023-04-24,C0715,Student,Family,Website,Card,Phú Quốc,4,3395000.0,0.0830770966276253,Completed,12452000.0,3.1,False,False
B03164,2024-05-05,2024-05-11,C0715,Young Professional,Beach,Website,E-wallet,Hạ Long,2,4153000.0,0.0643660307458549,Completed,7771000.0,3.5,True,False
B03456,2024-08-29,2024-10-15,C0715,Young Professional,Family,Call Center,Cash,Phú Quốc,2,3225000.0,0.1657806931046166,Completed,5381000.0,4.8,True,False
B02081,2023-01-26,2023-03-23,C0716,Young Professional,Adventure,Website,Card,Huế,2,4369000.0,0.1021914138320839,Completed,7845000.0,3.6,False,False
B02082,2023-01-26,2023-03-22,C0717,Young Professional,Family,Agent,Card,Hội An,3,2522000.0,0.0666962737289379,Completed,7061000.0,3.5,False,False
B02404,2023-06-18,2023-08-28,C0717,Young Professional,Family,Website,Card,Hội An,2,2622000.0,0.1465750446472425,Completed,4475000.0,3.1,True,False
B02085,2023-01-26,2023-03-14,C0718,Student,Beach,Website,,Nha Trang,1,4299000.0,0.0708857896164033,Completed,3994000.0,3.7,False,False
B02087,2023-01-27,2023-05-08,C0719,Student,Adventure,Agent,E-wallet,Phú Quốc,4,5178000.0,,Completed,19352000.0,3.2,False,False
B02543,2023-08-18,2023-10-16,C0719,Young Professional,Family,Mobile App,Card,Nha Trang,3,3670000.0,0.1706132730970827,Completed,9132000.0,5.0,True,False
B02088,2023-01-27,2023-03-09,C0720,Student,Adventure,Agent,Card,Hà Nội,1,4677000.0,0.0391075724247885,Completed,4494000.0,3.7,False,False
B02146,2023-02-16,2023-05-09,C0720,Student,Cultural,Agent,Card,Phú Quốc,2,2462000.0,0.0996351900625696,Completed,4433000.0,4.1,True,False
B03804,2025-02-03,2025-03-26,C0720,Student,Family,Mobile App,Cash,Phú Quốc,2,3519000.0,0.0463015726852882,Completed,6712000.0,4.3,True,False
B02097,2023-01-31,2023-04-10,C0722,Family,Adventure,Website,Cash,Sa Pa,3,4877000.0,0.0291919199292622,Completed,14204000.0,3.7,False,False
B02419,2023-06-21,2023-08-08,C0722,Young Professional,Family,Agent,E-wallet,Nha Trang,1,3741000.0,0.0436474434335653,Completed,3578000.0,4.7,True,False
B02585,2023-08-31,2023-10-14,C0722,Young Professional,Adventure,Website,E-wallet,Hà Nội,4,4334000.0,0.1143304345473163,Completed,15354000.0,4.2,True,False
B02527,2023-08-12,2023-11-07,C0722,Student,Family,Website,Bank Transfer,Hà Nội,1,3124000.0,0.095519209973467,Completed,2826000.0,3.9,True,False
B02100,2023-02-01,2023-04-05,C0723,Corporate,Beach,Website,Card,Đà Lạt,4,3277000.0,0.1272035240176543,Completed,11441000.0,4.6,False,False
B02967,2024-02-06,2024-04-21,C0723,Family,Beach,Website,Card,Đà Lạt,2,3593000.0,0.1826484613127934,Completed,5873000.0,4.1,True,False
B02101,2023-02-01,2023-03-08,C0724,Corporate,Foodie,Website,E-wallet,Phú Quốc,2,2862000.0,0.0261772493314433,Completed,5574000.0,4.1,False,False
B02171,2023-02-26,2023-04-03,C0724,Family,Beach,Website,Cash,Hội An,1,4047000.0,0.106914594894192,Completed,3614000.0,3.6,True,False
B03911,2025-03-27,2025-05-18,C0724,Corporate,Cultural,Website,Card,Hội An,1,2513000.0,0.0995810912894581,Completed,2263000.0,4.0,True,False
B02106,2023-02-03,2023-05-03,C0725,Family,Family,Mobile App,Bank Transfer,Đà Lạt,2,2862000.0,0.106394702253466,Completed,5115000.0,3.0,False,False
B02812,2023-12-03,2024-02-07,C0725,Student,Beach,Agent,Card,Nha Trang,2,4317000.0,0.0775184033394978,Completed,7965000.0,5.0,True,False
B04008,2025-05-09,2025-06-08,C0725,Young Professional,Beach,Website,Card,Huế,4,3794000.0,0.1411370147431981,Completed,13034000.0,3.7,True,False
B04126,2025-06-25,2025-08-24,C0725,,Family,Website,E-wallet,Huế,3,3120000.0,0.0773978635314491,Completed,8636000.0,4.8,True,False
B02109,2023-02-04,2023-04-25,C0726,Corporate,Family,Agent,Bank Transfer,Phú Quốc,1,3703000.0,0.0919228914973197,Completed,3363000.0,4.9,False,False
B04313,2025-01-09,2025-10-05,C0726,Young Professional,Adventure,Mobile App,Card,Sa Pa,1,4440000.0,0.0650329331952056,Completed,4151000.0,4.5,True,False
B02353,2023-05-23,2023-07-20,C0727,Family,Beach,Agent,Card,Hội An,1,4400000.0,0.1394070836100908,Completed,3787000.0,4.3,True,False
B02859,2023-12-25,2024-02-18,C0727,Student,Beach,Website,Cash,Sa Pa,1,4263000.0,0.094915445093986,Completed,3858000.0,4.2,True,False
B03198,2024-05-19,2024-07-22,C0727,Young Professional,Cultural,Website,Card,Hội An,1,2823000.0,0.0304828661677958,Completed,2737000.0,4.3,True,False
B02112,2023-02-04,2023-03-20,C0728,Young Professional,Beach,Agent,Card,Hạ Long,2,3837000.0,0.108261768874263,Completed,6843000.0,3.8,False,False
B03405,2024-08-06,2024-10-16,C0728,Young Professional,Cultural,Mobile App,Bank Transfer,Hội An,2,2914000.0,0.1220135822850106,Completed,5117000.0,5.0,True,False
B03871,2025-03-05,2025-04-19,C0728,Student,Beach,,,Đà Lạt,2,3419000.0,0.0638787857358378,Completed,6401000.0,4.0,True,False
B02614,2023-09-16,2023-11-27,C0729,Corporate,Family,Agent,E-wallet,TP.HCM,2,3112000.0,0.0862369532510994,Completed,5687000.0,4.5,True,False
B02119,2023-02-05,2023-03-26,C0730,Young Professional,Family,Agent,,Hà Nội,1,3045000.0,0.1098161019791282,Completed,2711000.0,4.8,False,False
B02241,2023-04-05,2023-06-08,C0730,Family,Beach,Website,Card,Hạ Long,1,4544000.0,0.141327170284108,Completed,3902000.0,4.6,True,False
B02948,2024-01-31,2024-04-28,C0730,Family,Family,Mobile App,Cash,Hội An,1,2806000.0,0.09171830274228,Completed,2549000.0,4.3,True,False
B03886,2025-03-13,2025-04-23,C0730,Family,Adventure,Website,Cash,Hà Nội,2,4846000.0,0.058166129646495,Completed,9128000.0,3.6,True,False
B02123,2023-02-06,2023-04-11,C0731,Family,Cultural,,Card,Hạ Long,2,2955000.0,0.0748900123930211,Completed,5467000.0,4.2,False,False
B02231,2023-04-02,2023-05-22,C0731,Young Professional,Adventure,Agent,Card,Hạ Long,2,5899000.0,0.0731104052805689,Completed,10935000.0,4.3,True,False
B02124,2023-02-08,2023-05-15,C0732,Student,Beach,Website,Card,Đà Nẵng,1,4387000.0,0.0670616888459475,Completed,4093000.0,4.2,False,False
B02721,2023-10-31,2023-12-19,C0732,Family,Beach,Website,Bank Transfer,Sa Pa,2,4278000.0,0.1365292812920822,Completed,7388000.0,4.2,True,False
B03212,2024-05-24,2024-06-21,C0732,Corporate,Foodie,Website,Card,Phú Quốc,2,2855000.0,0.1490452552494156,Completed,4859000.0,4.1,True,False
B03757,2025-01-08,2025-02-11,C0732,Young Professional,Beach,Mobile App,Bank Transfer,TP.HCM,2,3919000.0,0.0919284345172131,Completed,7117000.0,4.1,True,False
B02137,2023-02-12,2023-05-12,C0733,Young Professional,Beach,Website,Card,Huế,2,3534000.0,0.0543095531055634,Completed,6684000.0,4.6,False,False
B02787,2023-11-25,2024-01-14,C0733,Young Professional,Beach,Agent,Bank Transfer,Đà Lạt,2,3179000.0,0.105017556364806,Completed,5690000.0,5.0,True,False
B03077,2024-03-29,2024-05-04,C0733,Young Professional,Beach,Website,Card,Hà Nội,1,4234000.0,0.1376597971936159,Completed,3651000.0,3.7,True,False
B03136,2024-04-22,2024-06-03,C0733,Family,Beach,Agent,Card,Sa Pa,2,4124000.0,0.041565075333974,Completed,7905000.0,3.2,True,False
B03592,2024-10-25,2024-11-07,C0733,Young Professional,Adventure,Mobile App,Cash,Hội An,2,4543000.0,0.1075534748624074,Completed,8109000.0,4.1,True,False
B02139,2023-02-13,2023-02-17,C0734,Corporate,Family,Website,Card,Hà Nội,2,3268000.0,0.0435545256000296,Completed,6251000.0,3.9,False,False
B02140,2023-02-14,2023-03-16,C0735,Family,Family,Website,E-wallet,Đà Lạt,2,3000000.0,0.1691752975540541,Completed,4985000.0,5.0,False,False
B02982,2024-02-12,2024-03-31,C0735,Family,Foodie,Website,Cash,Đà Lạt,1,2457000.0,0.1192380427565283,Completed,2164000.0,4.0,True,False
B03596,2024-10-26,2024-12-31,C0735,Family,Adventure,Mobile App,Card,Phú Quốc,2,5536000.0,,Completed,9366000.0,4.5,True,False
B02148,2023-02-16,2023-04-04,C0736,Student,Beach,Agent,Cash,Hội An,1,4236000.0,0.1101453053542242,Completed,3769000.0,4.6,False,False
B02165,2023-02-22,2023-04-23,C0737,Family,Family,Agent,Cash,Hội An,3,2621000.0,0.1937536437256568,Completed,6340000.0,3.8,False,False
B02184,2023-03-06,2023-05-13,C0738,Corporate,Beach,Website,Cash,Đà Nẵng,3,4264000.0,0.0919851667558358,Completed,11615000.0,5.0,False,False
B03169,2024-05-07,2024-05-07,C0738,Young Professional,Adventure,Mobile App,Card,Sa Pa,3,4766000.0,0.1252230876132999,Completed,12508000.0,3.7,True,False
B02185,2023-03-06,2023-05-02,C0739,Family,Beach,Agent,Card,Đà Lạt,1,3312000.0,0.1299982662316353,Completed,2881000.0,3.9,False,False
B02186,2023-03-07,2023-05-21,C0740,Corporate,Family,Website,Card,Hà Nội,1,3127000.0,0.1577039798978893,Completed,2634000.0,4.4,False,False
B02692,2023-10-18,2024-01-11,C0740,Family,Adventure,Agent,Card,Nha Trang,3,4846000.0,0.1081727156366117,Completed,12965000.0,4.8,True,False
B02188,2023-03-07,2023-05-01,C0741,Young Professional,Family,Agent,Cash,Phú Quốc,1,3385000.0,0.0583180768737587,Completed,3188000.0,4.1,False,False
B04066,2025-05-31,2025-08-19,C0741,Young Professional,Family,Website,Card,Hà Nội,1,3363000.0,0.0605046965592545,Completed,3160000.0,4.5,True,False
B02195,2023-03-12,2023-03-21,C0742,Family,Cultural,Website,Card,Hà Nội,2,2420000.0,0.0840134011416256,Completed,4433000.0,4.9,False,False
B02196,2023-03-12,2023-05-08,C0743,Young Professional,Beach,,Card,Đà Nẵng,1,4655000.0,0.0267544015830026,Completed,4530000.0,3.9,False,False
B02199,2023-03-15,2023-05-29,C0744,Family,Adventure,,Card,Hội An,2,4594000.0,0.07869186379269,Completed,8465000.0,4.0,False,False
B02749,2023-11-13,2024-02-14,C0744,Family,Beach,Mobile App,Card,Phú Quốc,3,4098000.0,0.0941053462995969,Completed,11137000.0,3.4,True,False
B03662,2024-11-24,2025-01-29,C0744,Young Professional,Foodie,Mobile App,,Hội An,4,1922000.0,0.1709059852590125,Completed,6374000.0,4.7,True,False
B04023,2025-05-14,2025-07-20,C0744,Family,Foodie,Website,Card,TP.HCM,2,2697000.0,,Completed,4657000.0,3.9,True,False
B02200,2023-03-16,2023-04-26,C0745,Family,Family,Website,Bank Transfer,Đà Nẵng,3,3810000.0,0.0617833491513878,Completed,10724000.0,4.5,False,False
B02221,2023-03-28,2023-05-25,C0746,Family,Family,Agent,E-wallet,TP.HCM,3,3136000.0,,Completed,8270000.0,4.8,False,False
B03499,2024-09-14,2024-10-12,C0746,Student,Family,,Cash,Phú Quốc,4,3370000.0,0.0933328817918821,Completed,12222000.0,4.4,True,False
B02223,2023-03-29,2023-06-25,C0747,Family,Beach,Website,Card,Hội An,2,4352000.0,0.109474831096366,Completed,7751000.0,5.0,False,False
B03088,2024-04-03,2024-04-30,C0747,Young Professional,Beach,Website,Card,Hạ Long,3,4219000.0,0.0445535729058746,Completed,12093000.0,4.7,True,False
B03176,2024-05-09,2024-07-02,C0747,Young Professional,Beach,Website,Cash,Hà Nội,1,4373000.0,0.1293614575684933,Completed,3807000.0,4.5,True,False
B02230,2023-04-02,2023-05-04,C0748,Corporate,Beach,Agent,Card,Hà Nội,1,4280000.0,0.0845247591293567,Completed,3918000.0,4.2,False,False
B03072,2024-03-27,2024-06-11,C0748,Student,Cultural,Mobile App,Bank Transfer,Phú Quốc,1,2959000.0,0.0810617923767391,Completed,2719000.0,5.0,True,False
B03650,2024-11-17,2025-01-07,C0748,Family,Family,,Card,Đà Nẵng,1,3206000.0,0.0005711289473588,Completed,3204000.0,4.8,True,False
B03720,2024-12-23,2025-01-09,C0748,Student,Cultural,,Card,Sa Pa,1,2279000.0,0.0816521361992891,Completed,2093000.0,4.3,True,False
B02237,2023-04-05,2023-06-11,C0749,Student,City Break,Mobile App,Card,TP.HCM,2,2634000.0,0.1249769356267813,Completed,4610000.0,4.3,False,False
B02347,2023-05-21,2023-08-09,C0749,Family,Cultural,Website,Card,Sa Pa,1,2395000.0,0.1503454329322284,Completed,2035000.0,3.6,True,False
B02462,2023-07-09,2023-08-20,C0749,Student,Beach,Agent,Cash,Huế,1,3801000.0,0.0746942835670984,Completed,3517000.0,4.9,True,False
B02536,2023-08-17,2023-10-15,C0749,Family,Cultural,Website,Bank Transfer,Đà Nẵng,2,2652000.0,0.1070578326033983,Completed,4736000.0,4.9,True,False
B03666,2024-11-25,2025-01-14,C0749,Corporate,Foodie,Website,Card,Phú Quốc,4,2586000.0,0.0983534116239777,Completed,9327000.0,4.8,True,False
B02238,2023-04-05,2023-05-17,C0750,Young Professional,Foodie,Website,Cash,Đà Lạt,1,2468000.0,0.0961429230552953,Completed,2231000.0,4.0,False,False
B03394,2024-08-02,2024-10-27,C0750,Corporate,Adventure,Website,Card,Đà Lạt,2,4385000.0,0.1591408643719204,Completed,7374000.0,3.9,True,False
B02242,2023-04-06,2023-06-12,C0751,Student,Adventure,Website,E-wallet,Phú Quốc,3,5648000.0,0.0725300880155741,Completed,15715000.0,5.0,False,False
B02243,2023-04-06,2023-05-10,C0752,Family,Cultural,Agent,Card,Đà Nẵng,1,2877000.0,0.0586345161163875,Completed,2708000.0,4.5,False,False
B02995,2024-02-18,2024-04-23,C0752,,Beach,Mobile App,Card,Đà Lạt,4,3653000.0,0.1500904059095144,Completed,12419000.0,3.9,True,False
B02246,2023-04-07,2023-06-27,C0753,Corporate,Adventure,Mobile App,Card,Hội An,1,5555000.0,0.0608239602684773,Completed,5217000.0,4.1,False,False
B03005,2024-02-22,2024-03-13,C0753,Student,Beach,Website,E-wallet,Phú Quốc,3,3875000.0,0.1144954735214338,Completed,10294000.0,4.5,True,False
B02248,2023-04-07,2023-05-31,C0754,,Family,Website,Card,Sa Pa,1,3237000.0,0.1177906530326411,Completed,2856000.0,4.5,False,False
B02905,2024-01-11,2024-03-04,C0754,Young Professional,City Break,Agent,Card,TP.HCM,4,2599000.0,0.1291106037507274,Completed,9054000.0,4.0,True,False
B02251,2023-04-09,2023-07-07,C0755,Student,Beach,Website,Cash,Hội An,2,4240000.0,0.1556090060516827,Completed,7160000.0,4.5,False,False
B02456,2023-07-06,2023-10-26,C0755,Student,Beach,Mobile App,Card,Phú Quốc,3,3803000.0,,Completed,10252000.0,4.6,True,False
B02255,2023-04-12,2023-06-06,C0756,Young Professional,Cultural,Website,Card,Sa Pa,1,2495000.0,0.1007151446730492,Completed,2244000.0,4.7,False,False
B02505,2023-07-30,2023-09-14,C0757,Young Professional,Family,Website,Bank Transfer,Hà Nội,2,3071000.0,0.063314410038078,Completed,5753000.0,3.8,True,False
B02904,2024-01-11,2024-02-18,C0758,Young Professional,Cultural,Website,Cash,Đà Nẵng,2,2931000.0,0.0945571853912167,Completed,5308000.0,4.6,True,False
B03234,2024-06-04,2024-06-13,C0758,Corporate,Cultural,Agent,Card,Đà Nẵng,2,2999000.0,0.1105651192125928,Completed,5335000.0,4.4,True,False
B02265,2023-04-14,2023-06-11,C0760,Corporate,Adventure,Website,Card,Huế,1,5360000.0,0.0951842830695258,Completed,4850000.0,4.3,False,False
B02352,2023-05-23,2023-07-26,C0761,Corporate,Foodie,Mobile App,Card,Huế,2,2697000.0,0.1047346256249116,Completed,4829000.0,4.9,True,False
B03337,2024-07-14,2024-10-06,C0761,Young Professional,Family,Website,Card,Nha Trang,2,3491000.0,0.0953661884037145,Completed,6316000.0,4.7,True,False
B02273,2023-04-16,2023-06-22,C0762,Student,Cultural,Website,Card,Hạ Long,4,3043000.0,,Completed,11102000.0,3.5,False,False
B03230,2024-06-03,2024-07-05,C0762,Family,City Break,Mobile App,Card,Đà Nẵng,2,2709000.0,0.065032906066521,Completed,5066000.0,4.3,True,False
B03988,2025-05-03,2025-06-23,C0762,Young Professional,Foodie,Website,Card,Huế,1,3049000.0,0.0721309312572748,Completed,2829000.0,4.5,True,False
B04323,2025-04-09,2025-12-22,C0762,,Beach,Agent,Cash,Đà Lạt,3,3390000.0,0.1240222683044715,Completed,8909000.0,3.6,True,False
B02274,2023-04-16,2023-06-09,C0763,Young Professional,Beach,Website,Card,Nha Trang,3,4533000.0,0.0527722863287355,Completed,12881000.0,3.7,False,False
B02276,2023-04-17,2023-06-19,C0764,Student,Family,Website,,Đà Nẵng,1,3661000.0,0.0512017657776342,Completed,3474000.0,4.3,False,False
B02282,2023-04-20,2023-07-04,C0764,Student,Cultural,Website,Card,Nha Trang,1,3101000.0,0.0600574528983075,Completed,2915000.0,4.4,True,False
B04037,2025-05-22,2025-07-28,C0764,Young Professional,Foodie,Website,Card,TP.HCM,1,2609000.0,0.110377795831217,Completed,2321000.0,3.8,True,False
B02279,2023-04-18,2023-05-21,C0765,Family,Beach,Agent,Card,Sa Pa,2,3895000.0,0.0855291438298962,Completed,7124000.0,3.4,False,False
B03364,2024-07-22,2024-10-13,C0765,Student,Family,Agent,Bank Transfer,Đà Nẵng,3,3642000.0,0.0998309962134511,Completed,9835000.0,3.7,True,False
B03455,2024-08-29,2024-10-01,C0766,Corporate,Cultural,Mobile App,Cash,Phú Quốc,2,2538000.0,0.0904486757063959,Completed,4617000.0,3.0,True,False
B02284,2023-04-20,2023-06-17,C0767,Family,Adventure,Website,Bank Transfer,Hà Nội,1,4966000.0,0.1000662890413446,Completed,4469000.0,4.2,False,False
B03492,2024-09-10,2024-11-30,C0767,Student,Adventure,Website,Card,Sa Pa,1,4559000.0,0.0998995910966472,Completed,4104000.0,4.5,True,False
B02533,2023-08-15,2023-10-04,C0768,Young Professional,Adventure,Agent,Card,Hạ Long,4,5355000.0,0.0539477097691901,Completed,20264000.0,4.3,True,False
B03375,2024-07-26,2024-09-06,C0768,Family,Family,Call Center,E-wallet,Đà Nẵng,2,3322000.0,0.1397535428805824,Completed,5715000.0,4.3,True,False
B02290,2023-04-21,2023-06-14,C0769,Young Professional,Beach,Website,Card,Đà Nẵng,4,4463000.0,0.0467546888801385,Completed,17017000.0,4.5,False,False
B02292,2023-04-23,2023-06-17,C0770,Family,Family,Website,Card,Hội An,5,2738000.0,0.0442718099882185,Completed,13084000.0,3.8,False,False
B03357,2024-07-19,2024-08-12,C0770,Student,Beach,Mobile App,E-wallet,Huế,2,3614000.0,0.1368404798986754,Completed,6239000.0,3.2,True,False
B02293,2023-04-24,2023-04-24,C0771,Young Professional,Beach,Mobile App,Card,Đà Lạt,3,3308000.0,0.0554644249193594,Completed,9374000.0,4.4,False,False
B03144,2024-04-27,2024-05-21,C0771,Young Professional,Cultural,Agent,Card,Nha Trang,2,3287000.0,0.1450121748698107,Completed,5621000.0,3.5,True,False
B03881,2025-03-10,2025-05-12,C0771,Family,Adventure,Agent,Card,Phú Quốc,1,5450000.0,0.1524946252484872,Completed,4619000.0,4.4,True,False
B04150,2025-07-01,2025-08-18,C0771,Family,City Break,Website,Card,Phú Quốc,1,2427000.0,0.1135564645589818,Completed,2151000.0,3.6,True,False
B02295,2023-04-24,2023-06-02,C0772,Young Professional,City Break,Mobile App,Card,Huế,1,2106000.0,0.1337655260899685,Completed,1824000.0,4.2,False,False
B02730,2023-11-04,2024-01-14,C0772,Corporate,Beach,Agent,Card,Huế,1,3600000.0,0.0270433562846317,Completed,3503000.0,4.0,True,False
B04083,2025-06-06,2025-07-24,C0772,Young Professional,Family,Agent,Card,Hội An,1,2658000.0,0.0817242820647166,Completed,2441000.0,4.3,True,False
B02299,2023-04-27,2023-06-16,C0773,Student,Cultural,Website,Cash,Phú Quốc,2,2884000.0,0.0931225353467644,Completed,5231000.0,4.0,False,False
B03255,2024-06-10,2024-08-10,C0773,Young Professional,Foodie,Mobile App,Cash,Đà Nẵng,1,2684000.0,0.1450181158696392,Completed,2295000.0,4.3,True,False
B02706,2023-10-23,2023-11-21,C0774,Corporate,Beach,Website,Card,Hạ Long,1,3702000.0,0.0882585507144369,Completed,3375000.0,4.4,True,False
B02781,2023-11-24,2023-12-25,C0774,Family,Cultural,Agent,Bank Transfer,Sa Pa,2,2615000.0,0.1759204257584177,Completed,4310000.0,4.1,True,False
B02301,2023-04-27,2023-07-02,C0775,Student,Family,Agent,Card,Huế,2,3092000.0,0.114295913589163,Completed,5477000.0,4.8,False,False
B03202,2024-05-20,2024-09-12,C0775,Family,Beach,Agent,Card,Hạ Long,2,4038000.0,0.1148895838644876,Completed,7148000.0,4.5,True,False
B03823,2025-02-11,2025-06-01,C0775,Family,Beach,Mobile App,Bank Transfer,Đà Nẵng,2,5060000.0,0.0906949554121713,Completed,9202000.0,3.8,True,False
B02304,2023-04-30,2023-07-03,C0776,Corporate,Adventure,Website,Cash,Đà Lạt,4,4608000.0,0.124423552066331,Completed,16139000.0,4.0,False,False
B02305,2023-04-30,2023-05-20,C0777,Young Professional,Cultural,Mobile App,Card,Nha Trang,1,3188000.0,0.0802041123873899,Completed,2932000.0,4.2,False,False
B02306,2023-04-30,2023-07-06,C0778,Family,Adventure,Website,Cash,Sa Pa,1,5020000.0,0.101948688529621,Completed,4508000.0,4.0,False,False
B04047,2025-05-26,2025-06-04,C0778,Family,Family,Website,Cash,Huế,1,3268000.0,,Completed,2699000.0,4.0,True,False
B02310,2023-05-01,2023-07-03,C0779,Student,Family,Website,Card,Hạ Long,2,3956000.0,0.2036654358137518,Completed,6301000.0,5.0,False,False
B02311,2023-01-05,2023-07-06,C0780,Corporate,Beach,Website,Card,Nha Trang,1,4949000.0,0.1113599042164779,Completed,4398000.0,4.4,False,False
B03511,2024-09-18,2024-12-17,C0780,Family,Beach,Website,Card,Đà Nẵng,3,4522000.0,0.0779829114695304,Completed,12508000.0,4.1,True,False
B02315,2023-05-05,2023-07-09,C0781,Corporate,Beach,,Card,Hạ Long,1,4334000.0,0.1186189773809327,Completed,3820000.0,4.9,False,False
B03328,2024-07-12,2024-09-29,C0781,Family,Adventure,Agent,Cash,Sa Pa,3,4535000.0,0.0877906750635377,Completed,12411000.0,3.7,True,False
B02317,2023-05-05,2023-05-05,C0783,Corporate,Family,Website,Card,Đà Nẵng,3,3543000.0,0.1268814436531368,Completed,9280000.0,4.4,False,False
B04338,2025-09-10,2025-11-22,C0783,Young Professional,Beach,Website,Card,Hạ Long,1,3848000.0,0.1409596250820385,Completed,3306000.0,4.1,True,False
B02319,2023-05-05,2023-07-12,C0784,Family,Beach,Website,Card,Phú Quốc,3,4546000.0,0.0904521020921855,Completed,12404000.0,4.0,False,False
B02320,2023-05-05,2023-05-09,C0785,Student,Family,Agent,Card,Hà Nội,2,3071000.0,0.0936887458393794,Completed,5567000.0,4.0,False,False
B04186,2025-07-10,2025-09-04,C0785,Family,Family,Website,E-wallet,Đà Nẵng,3,3172000.0,0.1051011861522655,Completed,8516000.0,3.7,True,False
B02323,2023-05-07,2023-06-02,C0787,,Beach,Agent,E-wallet,Sa Pa,3,4053000.0,0.0854729014936911,Completed,11120000.0,4.4,False,False
B02975,2024-02-10,2024-02-24,C0787,Corporate,Beach,Website,Card,Huế,2,3898000.0,0.0377994198228723,Completed,7501000.0,3.5,True,False
B04195,2025-07-14,2025-08-24,C0787,Corporate,Family,Agent,E-wallet,Đà Nẵng,5,3580000.0,0.1323988223128926,Completed,15530000.0,3.9,True,False
B02324,2023-05-09,2023-06-11,C0788,Family,Cultural,Agent,Bank Transfer,Đà Nẵng,1,2879000.0,0.1468526098537567,Completed,2456000.0,4.3,False,False
B03910,2025-03-27,2025-05-11,C0788,Student,Cultural,Website,Card,Huế,3,2257000.0,0.0662679860985902,Completed,6322000.0,4.9,True,False
B02325,2023-05-09,2023-05-30,C0789,Young Professional,Family,Website,Card,Nha Trang,1,3340000.0,,Completed,3169000.0,3.4,False,False
B03068,2024-03-25,2024-05-17,C0789,Young Professional,Family,Website,Cash,Huế,1,3007000.0,0.1416594362353122,Completed,2581000.0,4.4,True,False
B04091,2025-06-09,2025-08-01,C0789,Corporate,Cultural,Website,Card,Huế,1,2454000.0,0.1148306880940745,Completed,2172000.0,3.3,True,False
B02332,2023-05-10,2023-07-03,C0791,Corporate,Foodie,Agent,Card,Huế,3,2640000.0,0.052874960392156,Completed,7501000.0,4.3,False,False
B02334,2023-05-11,2023-07-22,C0792,Young Professional,Adventure,Agent,Bank Transfer,Hạ Long,1,6113000.0,0.0826829306373957,Completed,5608000.0,4.2,False,False
B02335,2023-05-11,2023-07-25,C0793,Student,Foodie,,Cash,Đà Lạt,4,2700000.0,0.0767294600989885,Completed,9971000.0,4.9,False,False
B04122,2025-06-21,2025-07-25,C0793,Young Professional,City Break,Agent,Cash,Hà Nội,1,2931000.0,,Completed,2583000.0,4.2,True,False
B02336,2023-05-13,2023-06-21,C0794,Student,Adventure,Website,Card,Nha Trang,2,5453000.0,0.1106425721257988,Completed,9699000.0,4.7,False,False
B02610,2023-09-15,2023-10-31,C0795,Family,Foodie,Website,Bank Transfer,Đà Lạt,4,2390000.0,0.0020854890390379,Completed,9540000.0,4.3,True,False
B02704,2023-10-22,2023-11-28,C0795,Student,Foodie,Mobile App,Bank Transfer,Hà Nội,2,2053000.0,0.0573601238511092,Completed,3870000.0,4.2,True,False
B02769,2023-11-19,2024-01-09,C0795,Young Professional,Family,,Bank Transfer,Hạ Long,3,3176000.0,0.1422426742225823,Completed,8173000.0,4.6,True,False
B02344,2023-05-20,2023-06-28,C0796,Student,Beach,Agent,Card,Hà Nội,2,4543000.0,0.1172264506981638,Completed,8021000.0,4.2,False,False
B02612,2023-09-15,2023-11-13,C0797,Corporate,Cultural,Mobile App,Bank Transfer,Hội An,3,2629000.0,0.0665036636818989,Completed,7362000.0,3.9,True,False
B02349,2023-05-22,2023-07-13,C0798,Young Professional,Beach,Website,Bank Transfer,TP.HCM,2,3981000.0,0.0708553960780772,Completed,7398000.0,3.2,False,False
B02534,2023-08-16,2023-10-29,C0798,Family,Cultural,Website,Bank Transfer,Hà Nội,1,2856000.0,0.1535008110094691,Completed,2418000.0,4.2,True,False
B02351,2023-05-23,2023-08-25,C0799,Corporate,City Break,Mobile App,,Phú Quốc,1,2186000.0,0.1050485463160898,Completed,1956000.0,4.6,False,False
B02355,2023-05-25,2023-07-15,C0800,Student,Family,Website,Card,Nha Trang,2,3931000.0,0.1350436207617501,Completed,6800000.0,4.5,False,False
B02901,2024-01-10,2024-04-10,C0800,Student,Family,Mobile App,Bank Transfer,TP.HCM,3,3627000.0,0.1424631447997101,Completed,9331000.0,3.8,True,False
B02357,2023-05-27,2023-07-26,C0801,Young Professional,Cultural,Mobile App,Card,Hội An,2,2846000.0,0.1606417101084765,Completed,4778000.0,4.2,False,False
B02361,2023-05-27,2023-08-02,C0803,Student,Cultural,Website,Card,Hội An,1,2794000.0,0.0800211995137233,Completed,2570000.0,3.7,False,False
B02362,2023-05-28,2023-08-06,C0804,Young Professional,Family,Mobile App,,Hạ Long,2,3726000.0,0.0379484297347425,Completed,7169000.0,4.3,False,False
B04349,2025-09-16,2025-11-26,C0804,Family,Beach,Mobile App,Bank Transfer,Phú Quốc,1,3881000.0,0.0979118616738961,Completed,3501000.0,4.5,True,False
B02363,2023-05-29,2023-06-14,C0805,Student,Adventure,Call Center,Card,Hạ Long,3,6298000.0,0.0902733139029229,Completed,17188000.0,4.6,False,False
B02366,2023-05-30,2023-07-13,C0806,Young Professional,Adventure,Website,Card,Nha Trang,4,5547000.0,0.0765727516792859,Completed,20489000.0,4.4,False,False
B02637,2023-09-23,2023-11-06,C0806,Family,Beach,Website,Bank Transfer,Huế,1,3337000.0,0.0753157291869664,Completed,3086000.0,4.2,True,False
B02374,2023-06-04,2023-07-27,C0807,Family,Beach,Website,Card,Hà Nội,3,4604000.0,0.0940377207061736,Completed,12513000.0,4.2,False,False
B02375,2023-06-04,2023-06-22,C0808,Corporate,Adventure,Mobile App,Card,Hạ Long,1,6034000.0,0.1739904647175333,Completed,4984000.0,3.9,False,False
B03463,2024-09-01,2024-10-04,C0808,Young Professional,Adventure,Website,Card,Hội An,1,4437000.0,0.1564713560822907,Completed,3743000.0,3.4,True,False
B04311,2025-08-31,2025-11-28,C0808,Young Professional,Foodie,Mobile App,Bank Transfer,Hạ Long,3,2676000.0,0.026441228317277,Completed,7816000.0,4.5,True,False
B02376,2023-06-04,2023-07-29,C0809,Student,Beach,Website,,Đà Nẵng,1,4383000.0,0.0229030885423833,Completed,4283000.0,3.8,False,False
B02800,2023-11-30,2024-01-10,C0809,Student,Adventure,Mobile App,Card,Phú Quốc,3,5172000.0,0.0520666946426298,Completed,14708000.0,3.7,True,False
B02383,2023-06-09,2023-08-07,C0810,Student,Cultural,Website,Card,TP.HCM,2,2311000.0,0.110167184534282,Completed,4113000.0,3.8,False,False
B03278,2024-06-19,2024-09-01,C0810,Corporate,City Break,Mobile App,Card,Đà Lạt,3,2138000.0,0.0579323527474679,Completed,6042000.0,4.3,True,False
B02385,2023-06-10,2023-07-11,C0811,Student,Beach,Website,,TP.HCM,2,3748000.0,0.0664330007624574,Completed,6998000.0,4.2,False,False
B02840,2023-12-16,2024-02-16,C0811,Family,Family,Website,Card,Hà Nội,2,3045000.0,0.1068869071530758,Completed,5439000.0,4.3,True,False
B02386,2023-06-11,2023-07-16,C0812,Young Professional,Adventure,Website,Card,TP.HCM,2,5461000.0,0.0470871882824917,Completed,10408000.0,4.0,False,False
B02389,2023-06-11,2023-06-11,C0813,Corporate,Cultural,Agent,Card,Phú Quốc,1,2731000.0,0.1737739753700977,Completed,2256000.0,3.4,False,False
B02390,2023-06-11,2023-07-03,C0814,Young Professional,Beach,Website,Card,Huế,2,3976000.0,0.1251231960509981,Completed,6957000.0,4.4,False,False
B03277,2024-06-19,2024-09-23,C0814,Young Professional,Adventure,Mobile App,Card,Huế,4,4540000.0,0.1212590487926521,Completed,15958000.0,4.6,True,False
B03860,2025-02-28,2025-06-07,C0814,Family,Family,Agent,Card,Hạ Long,3,3655000.0,0.1154408100389523,Completed,9699000.0,4.2,True,False
B02393,2023-06-13,2023-09-05,C0816,Student,Beach,Website,Cash,Phú Quốc,3,4127000.0,0.1417109283182273,Completed,10626000.0,4.2,False,False
B02394,2023-06-13,2023-07-08,C0817,Young Professional,Adventure,Agent,Card,Nha Trang,1,5098000.0,0.1549761086621882,Completed,4308000.0,4.5,False,False
B02397,2023-06-15,2023-06-24,C0818,Student,Adventure,Agent,Card,Huế,2,5382000.0,0.1325836251746393,Completed,9337000.0,4.1,False,False
B03390,2024-08-01,2024-09-27,C0818,Family,Adventure,Website,Card,TP.HCM,1,4943000.0,0.1137527592307618,Completed,4381000.0,3.6,True,False
B04063,2025-05-31,2025-06-28,C0818,Student,Family,Mobile App,Cash,Đà Nẵng,2,3510000.0,0.1045629965734479,Completed,6286000.0,4.8,True,False
B02400,2023-06-16,2023-08-08,C0819,Young Professional,City Break,Mobile App,Card,Đà Nẵng,1,2726000.0,0.1279330066288651,Completed,2377000.0,4.9,False,False
B02608,2023-09-14,2023-11-17,C0819,Family,Cultural,Agent,Bank Transfer,Nha Trang,1,3248000.0,0.1754283211610797,Completed,2678000.0,4.3,True,False
B02811,2023-12-03,2024-01-14,C0819,Young Professional,Adventure,Website,Card,Hạ Long,1,6064000.0,0.137404289149098,Completed,5231000.0,4.5,True,False
B03480,2024-07-09,2024-10-11,C0819,Young Professional,Beach,Call Center,Bank Transfer,Sa Pa,1,3927000.0,0.1097981989071545,Completed,3496000.0,4.8,True,False
B03491,2024-09-10,2024-10-31,C0819,Family,Family,Website,Card,Đà Lạt,1,3098000.0,,Completed,2985000.0,5.0,True,False
B02406,2023-06-18,2023-08-22,C0820,Student,Beach,Mobile App,Card,Đà Lạt,1,3519000.0,0.0735299347492814,Completed,3260000.0,4.0,False,False
B02633,2023-09-22,2023-11-12,C0820,Family,Foodie,Agent,E-wallet,TP.HCM,1,2385000.0,0.070785833435563,Completed,2216000.0,4.7,True,False
B03026,2024-03-03,2024-03-28,C0820,Student,Beach,Website,Card,Đà Nẵng,1,4321000.0,0.1345614651580368,Completed,3740000.0,4.6,True,False
B02407,2023-06-18,2023-08-23,C0821,Family,Foodie,Agent,Bank Transfer,Hạ Long,1,2838000.0,0.0831928482952717,Completed,2602000.0,3.5,False,False
B02900,2024-01-09,2024-03-09,C0821,Young Professional,Foodie,Mobile App,Card,Hội An,1,2155000.0,0.1125490419744903,Completed,1912000.0,4.4,True,False
B03059,2024-03-23,2024-06-03,C0821,Student,Cultural,Mobile App,Cash,Phú Quốc,4,2594000.0,0.2002405300318174,Completed,8298000.0,4.0,True,False
B02408,2023-06-18,2023-08-03,C0822,Corporate,Cultural,Website,,Hà Nội,3,3086000.0,0.1340030247784665,Completed,8017000.0,4.2,False,False
B02409,2023-06-19,2023-08-04,C0823,Corporate,City Break,Website,Card,Hà Nội,1,2825000.0,0.1014573830722137,Completed,2538000.0,4.7,False,False
B02696,2023-10-18,2023-11-19,C0823,Young Professional,Adventure,Agent,Bank Transfer,Phú Quốc,1,5112000.0,0.1113452370501772,Completed,4543000.0,4.7,True,False
B04149,2025-06-30,2025-08-01,C0823,Family,Cultural,Mobile App,Cash,Phú Quốc,1,2894000.0,0.1158662007267799,Completed,2559000.0,4.3,True,False
B02412,2023-06-19,2023-07-07,C0824,Family,Family,Agent,Cash,Nha Trang,2,4003000.0,0.0454715382135152,Completed,7642000.0,4.2,False,False
B02824,2023-12-09,2024-01-20,C0824,Student,Family,Website,Card,Đà Nẵng,1,3393000.0,0.1104326409497984,Completed,3018000.0,4.0,True,False
B03935,2025-04-10,2025-06-05,C0824,Young Professional,Family,Agent,Cash,Hạ Long,1,3835000.0,0.0478482448151977,Completed,3652000.0,4.3,True,False
B04373,2025-09-28,2025-11-14,C0824,Young Professional,Adventure,Website,Cash,Nha Trang,3,5022000.0,0.1090924819370695,Completed,13422000.0,3.9,True,False
B02413,2023-06-20,2023-08-24,C0825,Corporate,Beach,Website,Card,Hạ Long,2,4035000.0,0.1251429220172142,Completed,7060000.0,4.4,False,False
B02481,2023-07-20,2023-09-04,C0825,Corporate,Adventure,Website,Bank Transfer,Hội An,2,4828000.0,0.0877630914835483,Completed,8809000.0,4.5,True,False
B02415,2023-06-20,2023-08-27,C0826,Corporate,City Break,Call Center,Card,Hội An,1,1556000.0,0.1370674134832213,Completed,1343000.0,3.4,False,False
B02494,2023-07-27,2023-09-04,C0826,Family,Beach,Website,Cash,Phú Quốc,1,3620000.0,0.1045850704473542,Completed,3241000.0,3.6,True,False
B02503,2023-07-29,2023-10-04,C0826,Family,Adventure,Call Center,Bank Transfer,Nha Trang,3,4729000.0,0.1447467041586913,Completed,12133000.0,4.3,True,False
B02416,2023-06-20,2023-07-29,C0827,Young Professional,City Break,Mobile App,,Đà Nẵng,2,2765000.0,0.078397065440028,Completed,5096000.0,4.8,False,False
B03709,2024-12-17,2025-01-24,C0827,Young Professional,Cultural,Website,Cash,Hạ Long,1,2694000.0,0.1334035887602934,Completed,2335000.0,4.0,True,False
B04038,2025-05-22,2025-07-18,C0827,,Cultural,Agent,Cash,Phú Quốc,4,2644000.0,0.1425724333019075,Completed,9068000.0,4.1,True,False
B02422,2023-06-22,2023-07-18,C0828,Young Professional,Family,Website,Card,Phú Quốc,1,3663000.0,0.0789548143131625,Completed,3374000.0,4.2,False,False
B02426,2023-06-23,2023-09-04,C0829,Corporate,Beach,Website,Cash,Hạ Long,2,4003000.0,0.1022414504495837,Completed,7187000.0,4.2,False,False
B02427,2023-06-23,2023-08-20,C0830,Young Professional,Family,Website,Card,Nha Trang,3,3807000.0,0.1598792067677791,Completed,9595000.0,4.0,False,False
B02428,2023-06-23,2023-08-03,C0831,Family,Beach,Website,Card,Đà Nẵng,3,4647000.0,0.1416931158383389,Completed,11966000.0,4.0,False,False
B02429,2023-06-24,2023-08-17,C0832,Student,City Break,Mobile App,Card,Huế,3,2034000.0,0.1741451667912918,Completed,5039000.0,4.8,False,False
B04325,2025-09-04,2025-10-21,C0832,Student,Adventure,Mobile App,Card,Đà Lạt,1,4896000.0,0.1113313913698136,Completed,4351000.0,4.0,True,False
B02431,2023-06-25,2023-07-07,C0833,Student,City Break,Website,Card,Nha Trang,1,2644000.0,0.0914025098186399,Completed,2402000.0,3.9,False,False
B03395,2024-08-02,2024-10-04,C0834,Student,Foodie,Agent,Card,Sa Pa,1,2696000.0,0.0506552477009036,Completed,2559000.0,4.0,True,False
B03658,2024-11-21,2025-01-09,C0834,Young Professional,Foodie,Website,E-wallet,Nha Trang,3,2756000.0,0.1619254880350346,Completed,6929000.0,3.5,True,False
B02435,2023-06-28,2023-08-30,C0835,Family,Foodie,Mobile App,,Huế,3,2712000.0,0.1518277637960463,Completed,6901000.0,4.7,False,False
B02541,2023-08-17,2023-09-27,C0835,Corporate,Beach,Mobile App,Card,Hội An,1,4038000.0,0.1017511667353619,Completed,3627000.0,4.7,True,False
B03509,2024-09-17,2024-11-17,C0835,Young Professional,Foodie,Mobile App,Card,Đà Nẵng,1,2462000.0,0.1480795932868928,Completed,2097000.0,3.8,True,False
B02439,2023-06-29,2023-08-16,C0836,Family,City Break,Website,Bank Transfer,Phú Quốc,4,2246000.0,0.1012024002943021,Completed,8075000.0,4.2,False,False
B02835,2023-12-14,2024-02-09,C0836,Family,Beach,Mobile App,Bank Transfer,Hà Nội,1,4719000.0,0.0735269110041872,Completed,4372000.0,4.5,True,False
B02440,2023-06-29,2023-09-10,C0837,Student,Beach,Website,Card,Nha Trang,2,4328000.0,0.0539875055091185,Completed,8189000.0,4.3,False,False
B03768,2025-01-15,2025-02-26,C0837,Family,City Break,Website,Bank Transfer,Đà Nẵng,3,2727000.0,0.0,Completed,8181000.0,4.6,True,False
B02441,2023-06-30,2023-07-18,C0838,Young Professional,Adventure,,Card,Hạ Long,1,5810000.0,0.1419838706974363,Completed,4985000.0,4.0,False,False
B02443,2023-07-01,2023-08-11,C0839,Young Professional,Cultural,Website,Bank Transfer,Đà Nẵng,1,2721000.0,0.1058045781948487,Completed,2433000.0,4.6,False,False
B02476,2023-07-17,2023-09-03,C0839,Family,City Break,Website,Cash,Nha Trang,1,2559000.0,0.109792390793668,Completed,2278000.0,4.5,True,False
B03025,2024-03-03,2024-03-11,C0839,Corporate,City Break,Website,Bank Transfer,Đà Nẵng,4,2587000.0,0.095142605550982,Completed,9363000.0,4.9,True,False
B03987,2025-05-03,2025-05-13,C0839,Family,Cultural,Agent,Cash,Hà Nội,1,2617000.0,0.1014141782745275,Completed,2352000.0,4.1,True,False
B04367,2025-09-24,2025-11-17,C0839,Young Professional,Beach,Call Center,Card,TP.HCM,2,3634000.0,0.1279845687293909,Completed,6338000.0,3.9,True,False
B02446,2023-07-02,2023-08-01,C0840,,City Break,Mobile App,Card,Đà Nẵng,4,2602000.0,0.0665466636943236,Completed,9715000.0,4.0,False,False
B02830,2023-12-10,2024-01-15,C0841,Student,Family,Website,Bank Transfer,Hạ Long,5,3520000.0,0.0878113554525146,Completed,16055000.0,4.0,True,False
B02448,2023-07-02,2023-08-05,C0842,Young Professional,Family,Agent,Bank Transfer,Hạ Long,3,3850000.0,0.1342047513018771,Completed,10000000.0,4.5,False,False
B02841,2023-12-16,2024-02-08,C0842,Family,Cultural,,,Hội An,1,2983000.0,0.1345850669438186,Completed,2582000.0,3.6,True,False
B03501,2024-09-15,2024-10-23,C0842,Student,Foodie,Mobile App,,Hạ Long,1,2309000.0,,Completed,1921000.0,4.9,True,False
B02453,2023-07-04,2023-09-03,C0843,Corporate,Cultural,Website,Bank Transfer,Đà Nẵng,2,2676000.0,0.1718476700740744,Completed,4432000.0,5.0,False,False
B03081,2024-03-30,2024-07-11,C0843,Family,Adventure,Call Center,Card,TP.HCM,3,5995000.0,0.0762276145749681,Completed,16614000.0,4.5,True,False
B02454,2023-07-04,2023-08-02,C0844,Family,City Break,Website,Cash,Sa Pa,2,2276000.0,0.0652560165141682,Completed,4255000.0,3.7,False,False
B02457,2023-07-06,2023-10-15,C0845,Family,Family,Website,Card,Nha Trang,3,3579000.0,0.1945229738237204,Completed,8648000.0,4.5,False,False
B02615,2023-09-16,2023-11-08,C0845,Young Professional,Family,Mobile App,Card,Đà Nẵng,4,3413000.0,0.0745852707322341,Completed,12634000.0,4.2,True,False
B02955,2024-02-02,2024-04-07,C0845,Family,City Break,Website,Cash,Nha Trang,2,2647000.0,0.0447899165035926,Completed,5057000.0,3.5,True,False
B03382,2024-07-30,2024-09-22,C0845,Family,Foodie,,Bank Transfer,Đà Lạt,4,2349000.0,0.1212561651312578,Completed,8257000.0,3.9,True,False
B02458,2023-07-06,2023-08-19,C0846,Family,Family,Agent,Card,Nha Trang,1,3718000.0,0.0910969848355109,Completed,3379000.0,4.0,False,False
B02460,2023-07-08,2023-08-17,C0847,,Family,Agent,Bank Transfer,TP.HCM,2,3613000.0,0.1284388542270561,Completed,6298000.0,4.6,False,False
B02582,2023-08-30,2023-09-25,C0847,Corporate,City Break,Website,Card,Đà Nẵng,4,2393000.0,0.1194268783851751,Completed,8429000.0,4.2,True,False
B02461,2023-07-08,2023-08-15,C0848,Young Professional,Adventure,Website,Card,Đà Nẵng,2,5838000.0,0.1425832558033541,Completed,10011000.0,4.3,False,False
B03273,2024-06-18,2024-08-06,C0848,Young Professional,Cultural,Mobile App,Card,TP.HCM,2,2443000.0,0.077053957577814,Completed,4510000.0,4.1,True,False
B02465,2023-07-11,2023-10-01,C0849,Student,Foodie,Website,Card,Phú Quốc,1,2593000.0,0.105317677380552,Completed,2320000.0,3.1,False,False
B02468,2023-07-12,2023-08-30,C0850,Corporate,Foodie,Website,Card,Hội An,1,2236000.0,0.1279038540583142,Completed,1950000.0,4.2,False,False
B02470,2023-07-15,2023-09-02,C0851,Young Professional,Cultural,Mobile App,Cash,Nha Trang,3,3440000.0,0.0600504071402158,Completed,9700000.0,5.0,False,False
B02474,2023-07-17,2023-08-24,C0852,Young Professional,City Break,Website,E-wallet,Đà Nẵng,1,2769000.0,0.0887902735411661,Completed,2523000.0,3.9,False,False
B03143,2024-04-26,2024-05-17,C0852,Family,Cultural,Website,Card,Phú Quốc,1,2497000.0,0.02476042548851,Completed,2435000.0,4.8,True,False
B03512,2024-09-21,2024-10-09,C0852,Young Professional,Family,Agent,Card,Đà Nẵng,1,3113000.0,0.1059044596655336,Completed,2783000.0,3.5,True,False
B02478,2023-07-19,2023-09-29,C0853,Young Professional,Cultural,Agent,Card,Sa Pa,1,2513000.0,0.0726699672487007,Completed,2330000.0,4.4,False,False
B02480,2023-07-20,2023-10-13,C0854,Corporate,Beach,Website,Card,Hạ Long,1,4016000.0,0.1687179356121139,Completed,3338000.0,3.8,False,False
B02484,2023-07-22,2023-07-28,C0855,Family,Adventure,Mobile App,Card,Nha Trang,1,5081000.0,0.1127003632541595,Completed,4508000.0,4.2,False,False
B03450,2024-08-28,2024-10-21,C0855,Family,Beach,Website,,Hội An,1,3774000.0,0.1339424905285107,Completed,3269000.0,3.9,True,False
B03816,2025-02-08,2025-03-28,C0855,Student,Adventure,Website,Cash,TP.HCM,1,5226000.0,0.0906072404967001,Completed,4752000.0,4.8,True,False
B02490,2023-07-27,2023-09-26,C0856,Student,Family,Mobile App,Cash,TP.HCM,1,3285000.0,0.0709693851756778,Completed,3052000.0,3.8,False,False
B02491,2023-07-27,2023-09-25,C0857,Student,Cultural,Call Center,Cash,Đà Nẵng,1,2654000.0,0.0785302093102467,Completed,2446000.0,3.9,False,False
B03533,2024-09-28,2024-11-29,C0857,Young Professional,Cultural,Website,Bank Transfer,Đà Nẵng,2,2817000.0,0.0797051577602118,Completed,5185000.0,4.0,True,False
B02493,2023-07-27,2023-08-19,C0858,Family,Cultural,Website,Cash,Phú Quốc,3,2851000.0,0.1031299220247713,Completed,7671000.0,4.3,False,False
B03109,2024-04-13,2024-04-24,C0858,Family,City Break,Website,Card,Đà Nẵng,3,2707000.0,0.1464526090343985,Completed,6932000.0,3.9,True,False
B02495,2023-07-28,2023-08-24,C0859,Student,City Break,Website,E-wallet,Đà Lạt,1,2457000.0,0.151070488145097,Completed,2086000.0,5.0,False,False
B02578,2023-08-28,2023-09-09,C0860,Student,Foodie,Website,Card,Phú Quốc,2,2626000.0,0.1120550392369597,Completed,4663000.0,4.0,True,False
B02496,2023-07-28,2023-09-20,C0860,,Adventure,Website,Card,Nha Trang,3,4976000.0,0.0992568731546858,Completed,13446000.0,4.1,False,False
B02498,2023-07-28,2023-08-30,C0861,Young Professional,Adventure,Mobile App,Cash,Hạ Long,2,6193000.0,0.109248463098895,Completed,11033000.0,3.4,False,False
B02500,2023-07-29,2023-09-18,C0862,Young Professional,Cultural,Website,Bank Transfer,Phú Quốc,2,2571000.0,0.1060444885189306,Completed,4597000.0,3.3,False,False
B03560,2024-10-11,2024-12-05,C0862,Student,Cultural,Website,Card,Hội An,2,2931000.0,0.1495023948235926,Completed,4986000.0,3.9,True,False
B02501,2023-07-29,2023-09-07,C0863,Student,Family,Mobile App,Card,Hội An,1,2721000.0,0.0512774178089235,Completed,2581000.0,4.6,False,False
B02502,2023-07-29,2023-08-26,C0864,Family,Adventure,,Card,Hà Nội,1,4896000.0,,Completed,4099000.0,3.4,False,False
B02776,2023-11-22,2024-01-14,C0864,Family,Foodie,Website,Bank Transfer,Phú Quốc,1,2939000.0,0.0973661197190204,Completed,2653000.0,4.3,True,False
B02510,2023-07-31,2023-10-13,C0865,Student,City Break,Mobile App,Card,Huế,1,1906000.0,0.1237646004336679,Completed,1670000.0,4.2,False,False
B02511,2023-08-01,2023-08-28,C0866,Family,Family,Website,Card,Đà Lạt,1,3377000.0,0.045747405385143,Completed,3223000.0,3.9,False,False
B03325,2024-07-12,2024-09-17,C0866,Family,Family,Website,Bank Transfer,Hạ Long,2,3494000.0,0.0829255385382213,Completed,6409000.0,3.7,True,False
B02516,2023-08-06,2023-08-06,C0867,Young Professional,Family,Mobile App,Bank Transfer,Huế,1,3460000.0,0.040609226156576,Completed,3319000.0,4.1,False,False
B02815,2023-12-03,2024-01-20,C0867,Family,Beach,Mobile App,Card,Sa Pa,2,3959000.0,0.1131633479876692,Completed,7022000.0,3.7,True,False
B03555,2024-10-09,2024-12-03,C0867,Student,Beach,Agent,Cash,Đà Lạt,2,3284000.0,0.1066986437539343,Completed,5867000.0,4.0,True,False
B04276,2025-08-18,2025-09-27,C0867,Student,Beach,Website,Cash,Hạ Long,4,3995000.0,0.1096944683904308,Completed,14227000.0,4.4,True,False
B04206,2025-07-19,2025-10-08,C0868,Student,Cultural,Website,Card,Nha Trang,1,3202000.0,0.0587141640513528,Completed,3014000.0,5.0,True,False
B03540,2024-10-01,2024-11-06,C0869,Corporate,Adventure,Website,,Sa Pa,1,4610000.0,0.0698754302435729,Completed,4288000.0,4.1,True,False
B02519,2023-08-07,2023-10-31,C0870,Student,City Break,Mobile App,Bank Transfer,Nha Trang,2,2345000.0,0.0781813383485227,Completed,4323000.0,3.2,False,False
B02524,2023-08-11,2023-09-13,C0872,,Beach,Website,Card,Hội An,1,3980000.0,0.1488672103118911,Completed,3388000.0,4.4,False,False
B02711,2023-10-26,2023-12-08,C0872,Student,Adventure,Website,Card,Hà Nội,1,4829000.0,,Completed,4829000.0,4.5,True,False
B02525,2023-08-11,2023-09-22,C0873,Corporate,City Break,Agent,Cash,Hà Nội,1,2359000.0,0.0930180532804979,Completed,2140000.0,4.5,False,False
B02872,2023-12-27,2024-02-12,C0873,Family,Cultural,Website,Bank Transfer,Sa Pa,1,2697000.0,0.1129121917389644,Completed,2392000.0,4.5,True,False
B02526,2023-08-11,2023-09-20,C0874,Corporate,Adventure,Website,Card,Hội An,2,4731000.0,0.1084328958048132,Completed,8436000.0,4.9,False,False
B02737,2023-11-06,2024-01-01,C0874,Family,Beach,Agent,Card,Hà Nội,4,4015000.0,,Completed,14374000.0,3.9,True,False
B02801,2023-11-30,2024-01-09,C0874,Student,City Break,Agent,Card,TP.HCM,3,2519000.0,0.1084009468447514,Completed,6738000.0,4.0,True,False
B03597,2024-10-27,2024-11-20,C0874,Student,Beach,Agent,Card,TP.HCM,1,3849000.0,0.1002556559546264,Completed,3463000.0,3.9,True,False
B02528,2023-08-13,2023-09-26,C0875,Young Professional,Family,Website,Bank Transfer,Hạ Long,2,3544000.0,0.1171286784635458,Completed,6258000.0,4.1,False,False
B03523,2024-09-26,2024-10-02,C0875,Corporate,Beach,Website,Card,Sa Pa,2,3888000.0,0.093984809726409,Completed,7045000.0,3.7,True,False
B03610,2024-11-03,2024-12-18,C0875,Family,Foodie,Website,Cash,Đà Nẵng,1,2718000.0,,Completed,2456000.0,4.9,True,False
B02531,2023-08-14,2023-11-29,C0876,Corporate,Beach,Website,E-wallet,Sa Pa,1,3769000.0,0.1525595530261649,Completed,3194000.0,4.2,False,False
B02537,2023-08-17,2023-09-12,C0878,Corporate,Beach,Website,Card,Hà Nội,1,4189000.0,0.1479485598511977,Completed,3569000.0,4.1,False,False
B02538,2023-08-17,2023-10-12,C0879,Corporate,Cultural,Website,Card,Đà Lạt,2,2490000.0,0.1103958501983137,Completed,4430000.0,3.6,False,False
B02885,2024-01-03,2024-03-13,C0879,Family,Beach,Website,Card,Nha Trang,3,4324000.0,0.1499716641224493,Completed,11027000.0,4.3,True,False
B03342,2024-07-15,2024-09-24,C0879,Young Professional,Family,Mobile App,Cash,Đà Nẵng,1,3438000.0,,Completed,3133000.0,4.9,True,False
B02539,2023-08-17,2023-10-20,C0880,Family,Beach,Mobile App,Cash,Hạ Long,1,4105000.0,0.0097553758420279,Completed,4065000.0,4.2,False,False
B02540,2023-08-17,2023-09-28,C0881,Young Professional,Adventure,Website,,Hà Nội,2,4643000.0,0.0516290727946426,Completed,8807000.0,3.9,False,False
B03977,2025-04-30,2025-06-01,C0881,Family,Family,Website,Cash,TP.HCM,5,3240000.0,0.1274877575487976,Completed,14135000.0,4.9,True,False
B02542,2023-08-17,2023-10-11,C0882,Student,City Break,Agent,Bank Transfer,Đà Nẵng,1,2396000.0,0.0740723153440325,Completed,2219000.0,3.9,False,False
B03162,2024-05-04,2024-07-11,C0882,Student,Family,Website,Bank Transfer,TP.HCM,1,3276000.0,0.0787221317131262,Completed,3018000.0,4.3,True,False
B02545,2023-08-18,2023-10-04,C0883,Student,Beach,Website,Bank Transfer,Hạ Long,1,4013000.0,0.1055059702977265,Completed,3590000.0,3.5,False,False
B03094,2024-04-05,2024-04-14,C0883,Young Professional,Cultural,Website,E-wallet,Huế,1,2478000.0,0.0986882479535641,Completed,2233000.0,4.9,True,False
B02549,2023-08-20,2023-10-21,C0884,Family,Adventure,Mobile App,Card,Đà Nẵng,3,5485000.0,0.1239957602792306,Completed,14415000.0,4.6,False,False
B02550,2023-08-20,2023-11-08,C0885,Young Professional,Beach,Website,Card,Đà Nẵng,3,4570000.0,0.157328870710634,Completed,11553000.0,4.1,False,False
B03377,2024-07-27,2024-08-23,C0886,Student,City Break,Website,Bank Transfer,Đà Lạt,1,2342000.0,0.1154008302859929,Completed,2072000.0,3.4,True,False
B02558,2023-08-22,2023-10-30,C0887,Family,Beach,Website,E-wallet,Phú Quốc,2,4130000.0,0.0794959586119265,Completed,7603000.0,4.4,False,False
B02560,2023-08-22,2023-11-21,C0888,Family,Cultural,Agent,E-wallet,Sa Pa,1,2260000.0,0.1075409560060655,Completed,2017000.0,4.2,False,False
B03731,2024-12-28,2025-01-17,C0888,Young Professional,Family,Website,Cash,Phú Quốc,1,3367000.0,0.1271710474096397,Completed,2939000.0,4.7,True,False
B02562,2023-08-23,2023-10-31,C0890,Family,Family,Agent,Card,Đà Nẵng,3,3496000.0,0.1042430932118083,Completed,9395000.0,3.8,False,False
B03487,2024-09-09,2024-12-02,C0890,Student,Beach,Mobile App,Card,Đà Nẵng,1,4843000.0,0.144320316747234,Completed,4144000.0,4.2,True,False
B02567,2023-08-25,2023-12-03,C0891,Young Professional,City Break,,Bank Transfer,Hạ Long,3,2457000.0,0.1297936115379332,Completed,6414000.0,4.0,False,False
B03806,2025-02-03,2025-03-28,C0891,Family,City Break,Website,Card,Sa Pa,3,2064000.0,0.086129147007777,Completed,5659000.0,4.6,True,False
B02569,2023-08-26,2023-11-19,C0892,Young Professional,Family,Website,Card,Đà Lạt,3,2863000.0,0.0973130381865237,Completed,7753000.0,3.8,False,False
B03857,2025-02-27,2025-04-24,C0892,Corporate,City Break,Agent,Bank Transfer,Hà Nội,1,2803000.0,0.0547584970765753,Completed,2650000.0,4.4,True,False
B02570,2023-08-26,2023-11-11,C0893,,Adventure,Mobile App,Bank Transfer,Đà Nẵng,1,5463000.0,,Completed,4835000.0,3.3,False,False
B03231,2024-06-04,2024-09-21,C0893,Family,Adventure,Website,Card,Sa Pa,1,4508000.0,,Completed,4028000.0,4.3,True,False
B02571,2023-08-26,2023-10-30,C0894,Young Professional,Cultural,Website,Card,Hạ Long,2,2402000.0,0.0344374586074153,Completed,4639000.0,4.5,False,False
B02572,2023-08-27,2023-10-15,C0895,Student,Cultural,Agent,Cash,Nha Trang,4,2973000.0,0.1155642706160363,Completed,10518000.0,4.3,False,False
B03065,2024-03-24,2024-05-11,C0895,Corporate,Cultural,Website,Cash,Hội An,3,2605000.0,0.0931945365205394,Completed,7087000.0,3.0,True,False
B02890,2024-01-05,2024-03-03,C0896,Family,Adventure,Mobile App,Bank Transfer,Sa Pa,1,4604000.0,0.1431395064507248,Completed,3945000.0,4.7,True,False
B03179,2024-05-11,2024-06-29,C0896,Young Professional,Cultural,Website,Card,Đà Nẵng,2,2892000.0,0.0198706573461196,Completed,5669000.0,4.8,True,False
B02575,2023-08-28,2023-09-19,C0897,Young Professional,Beach,Website,Card,TP.HCM,1,3393000.0,0.1452334146440633,Completed,2900000.0,3.5,False,False
B02576,2023-08-28,2023-09-15,C0898,Family,Adventure,Agent,E-wallet,Sa Pa,1,4907000.0,0.1363679146358933,Completed,4238000.0,3.4,False,False
B02844,2023-12-17,2024-02-05,C0898,Corporate,Cultural,Website,Card,Hà Nội,1,2821000.0,0.1263485840697549,Completed,2465000.0,4.3,True,False
B03527,2024-09-27,2024-11-01,C0898,Family,Cultural,,Card,Huế,2,2271000.0,0.0804402378839767,Completed,4177000.0,4.8,True,False
B02586,2023-09-02,2023-10-12,C0899,Young Professional,Adventure,Agent,Card,Huế,1,4736000.0,0.1007198546214833,Completed,4259000.0,3.0,False,False
B02587,2023-09-03,2023-09-26,C0900,Family,Cultural,Website,Cash,Nha Trang,1,2806000.0,0.1441116764055974,Completed,2402000.0,3.3,False,False
B03387,2024-07-31,2024-09-25,C0900,Student,Foodie,Mobile App,Cash,Nha Trang,1,2539000.0,0.0554680674669042,Completed,2398000.0,4.8,True,False
B02588,2023-09-03,2023-10-17,C0901,Young Professional,Beach,Website,Cash,Phú Quốc,1,3723000.0,0.1144838562408871,Completed,3297000.0,4.4,False,False
B02589,2023-09-03,2023-11-10,C0902,Student,Foodie,Mobile App,Card,Hội An,1,1990000.0,0.053346621176091,Completed,1884000.0,4.0,False,False
B02882,2024-01-01,2024-02-13,C0902,Family,Cultural,Website,Bank Transfer,Đà Lạt,1,2534000.0,0.1033134650296606,Completed,2272000.0,3.9,True,False
B03113,2024-04-14,2024-05-07,C0902,Family,Foodie,Website,Card,Nha Trang,3,2565000.0,0.0950365301079678,Completed,6964000.0,4.3,True,False
B03096,2024-04-06,2024-06-03,C0902,Family,Cultural,Mobile App,Bank Transfer,Hội An,2,3068000.0,0.0439918478385486,Completed,5866000.0,3.5,True,False
B02596,2023-09-08,2023-11-01,C0903,Family,Family,Mobile App,Card,Nha Trang,2,3533000.0,0.1120277410596486,Completed,6274000.0,3.8,False,False
B04140,2025-06-28,2025-08-09,C0903,Young Professional,Foodie,Website,Bank Transfer,Đà Nẵng,2,2621000.0,0.0780738911974969,Completed,4833000.0,4.2,True,False
B02600,2023-09-10,2023-11-06,C0904,Young Professional,Cultural,Agent,Card,TP.HCM,2,2211000.0,0.1297960153383021,Completed,3848000.0,3.5,False,False
B02880,2024-01-01,2024-02-13,C0904,Young Professional,Cultural,Website,Cash,Sa Pa,2,2509000.0,0.1064590977893903,Completed,4484000.0,4.2,True,False
B03925,2025-04-04,2025-06-22,C0904,Young Professional,Foodie,Website,Card,Hội An,2,2042000.0,0.120075434983238,Completed,3594000.0,3.8,True,False
B02601,2023-09-10,2023-11-03,C0905,Student,Foodie,Mobile App,Cash,Phú Quốc,2,2399000.0,0.0859783211222129,Completed,4385000.0,4.6,False,False
B02735,2023-11-06,2023-12-13,C0905,Young Professional,Beach,Mobile App,,Sa Pa,2,4051000.0,0.0773830754249353,Completed,7475000.0,4.0,True,False
B03177,2024-05-10,2024-07-04,C0905,Young Professional,Foodie,Website,E-wallet,Sa Pa,2,2589000.0,0.1050711357289212,Completed,4634000.0,3.8,True,False
B02603,2023-09-12,2023-10-18,C0906,Family,Adventure,Call Center,Bank Transfer,Hà Nội,1,4708000.0,0.0951326741482697,Completed,4260000.0,4.4,False,False
B03944,2025-04-15,2025-05-10,C0906,Family,Adventure,Agent,Card,Hội An,4,4532000.0,0.120013708739811,Completed,15952000.0,3.8,True,False
B02623,2023-09-19,2023-12-22,C0909,Corporate,Adventure,Website,Card,Phú Quốc,3,5676000.0,0.0601013534582357,Completed,16005000.0,4.0,False,False
B02627,2023-09-19,2023-10-14,C0910,Student,Foodie,Website,Bank Transfer,Huế,2,2511000.0,0.1196473918477239,Completed,4421000.0,4.1,False,False
B03784,2025-01-27,2025-02-10,C0910,Student,Foodie,Website,Bank Transfer,Đà Lạt,3,2528000.0,,Completed,6632000.0,4.8,True,False
B03864,2025-03-02,2025-05-09,C0910,Family,Beach,Website,Card,Hà Nội,2,4070000.0,0.1019901983702565,Completed,7310000.0,4.1,True,False
B03000,2024-02-20,2024-02-20,C0911,Young Professional,Cultural,Agent,,Huế,1,2477000.0,0.0755432896375319,Completed,2290000.0,3.8,True,False
B02979,2024-02-11,2024-02-24,C0911,Young Professional,Cultural,Website,Bank Transfer,Đà Lạt,4,2697000.0,0.153256198965672,Completed,9135000.0,5.0,True,False
B03899,2025-03-19,2025-06-12,C0911,Family,Adventure,Agent,Card,Huế,3,4637000.0,0.1218418645294362,Completed,12216000.0,4.5,True,False
B02638,2023-09-23,2023-12-12,C0912,Young Professional,City Break,Website,Cash,Đà Nẵng,2,2644000.0,0.1199060877410514,Completed,4654000.0,4.8,False,False
B02849,2023-12-21,2024-02-10,C0912,Family,Adventure,Agent,Bank Transfer,Hạ Long,1,5778000.0,0.0584086820402664,Completed,5441000.0,4.1,True,False
B03460,2024-08-31,2024-09-26,C0912,,Family,Mobile App,Card,Phú Quốc,3,3300000.0,0.0524278199387107,Completed,9381000.0,4.1,True,False
B02665,2023-10-07,2023-12-02,C0913,Family,Beach,Website,Bank Transfer,Hạ Long,3,4172000.0,0.1195965625055078,Completed,11019000.0,4.5,True,False
B03572,2024-10-18,2024-12-15,C0913,Young Professional,Beach,Agent,Bank Transfer,Hội An,1,4409000.0,0.0657492925251728,Completed,4119000.0,4.2,True,False
B03738,2024-12-30,2025-03-01,C0913,Young Professional,Family,Website,Card,Nha Trang,2,3482000.0,0.1022576926048541,Completed,6252000.0,3.9,True,False
B02643,2023-09-28,2023-09-30,C0914,Young Professional,Beach,Mobile App,,Phú Quốc,2,3893000.0,0.0917281584480288,Completed,7072000.0,4.0,False,False
B02644,2023-09-28,2023-11-28,C0915,Family,Beach,Website,Card,Hội An,2,3848000.0,0.0642656749815601,Completed,7201000.0,3.8,False,False
B03637,2024-11-12,2024-12-17,C0915,Young Professional,Beach,Agent,E-wallet,Nha Trang,1,4770000.0,0.1123817356826211,Completed,4234000.0,3.8,True,False
B02645,2023-09-29,2023-12-01,C0916,Student,Cultural,Agent,Card,Hà Nội,1,2980000.0,0.1227210408622293,Completed,2614000.0,4.3,False,False
B02725,2023-11-02,2023-12-06,C0916,Student,Family,Website,E-wallet,TP.HCM,2,3448000.0,0.1160064187218178,Completed,6096000.0,5.0,True,False
B03422,2024-08-14,2024-09-03,C0917,Corporate,Foodie,Mobile App,Cash,Nha Trang,1,2497000.0,0.0554967950141102,Completed,2358000.0,4.3,True,False
B02649,2023-10-01,2023-11-19,C0918,Family,Beach,Mobile App,,Phú Quốc,1,4400000.0,0.0681111240664048,Completed,4100000.0,4.0,False,False
B02651,2023-10-02,2023-11-24,C0919,Young Professional,Beach,Website,Card,Đà Lạt,3,3305000.0,0.1490303550151361,Completed,8437000.0,5.0,False,False
B02712,2023-10-28,2023-12-26,C0919,Family,Adventure,Website,Card,Đà Nẵng,3,5994000.0,0.1108148605012289,Completed,15989000.0,4.4,True,False
B03247,2024-06-08,2024-07-15,C0919,Student,Family,Website,Card,Phú Quốc,1,3689000.0,0.0539627648385059,Completed,3490000.0,4.2,True,False
B02656,2023-10-04,2023-11-05,C0920,Young Professional,Beach,Mobile App,Card,Nha Trang,1,4544000.0,0.1027082033029108,Completed,4077000.0,4.4,False,False
B03318,2024-07-09,2024-08-30,C0920,Student,Adventure,Agent,Card,Đà Lạt,2,4728000.0,0.0794167989982317,Completed,8705000.0,3.9,True,False
B02657,2023-10-04,2023-11-19,C0921,Corporate,Cultural,Agent,Card,Đà Lạt,1,2381000.0,0.0333785443966756,Completed,2302000.0,4.6,False,False
B04321,2025-09-03,2025-12-12,C0921,Family,Beach,Agent,Bank Transfer,Huế,3,3855000.0,0.0778767413988315,Completed,10664000.0,4.1,True,False
B02661,2023-10-06,2023-11-25,C0922,Student,Cultural,Agent,Card,Sa Pa,3,2352000.0,0.1664941045515531,Completed,5881000.0,4.3,False,False
B03271,2024-06-17,2024-07-27,C0922,Student,Family,Website,Bank Transfer,Phú Quốc,2,3718000.0,0.1207121572461385,Completed,6538000.0,4.1,True,False
B04282,2025-08-21,2025-10-08,C0922,Family,Beach,Website,Cash,Đà Lạt,1,3104000.0,0.1461562336259798,Completed,2650000.0,4.1,True,False
B02662,2023-10-06,2023-11-23,C0923,Young Professional,City Break,Mobile App,Card,Sa Pa,3,2095000.0,0.1149406409786397,Completed,5563000.0,3.8,False,False
B03821,2025-02-10,2025-02-22,C0923,Student,City Break,Website,Bank Transfer,Nha Trang,1,2724000.0,0.0410680321632837,Completed,2612000.0,4.2,True,False
B04031,2025-05-18,2025-06-08,C0924,Family,Beach,Website,Card,Phú Quốc,3,4211000.0,0.0907012580619002,Completed,11487000.0,4.6,True,False
B02668,2023-10-08,2023-10-30,C0925,,Foodie,Mobile App,Card,Phú Quốc,1,2703000.0,0.0391803331374947,Completed,2597000.0,4.9,False,False
B02670,2023-10-10,2024-01-02,C0926,Student,Adventure,Agent,E-wallet,Sa Pa,3,4702000.0,0.1253203924720893,Completed,12338000.0,4.0,False,False
B02743,2023-11-08,2024-01-05,C0926,Family,Cultural,Call Center,Card,Đà Lạt,2,2422000.0,0.1361416254197646,Completed,4185000.0,3.4,True,False
B02671,2023-10-10,2023-12-12,C0927,Family,Adventure,Website,Cash,Phú Quốc,2,5635000.0,0.0720244801693459,Completed,10458000.0,3.7,False,False
B02672,2023-10-10,2023-12-22,C0928,Young Professional,Cultural,Website,Cash,Phú Quốc,3,2778000.0,0.1547580606436732,Completed,7044000.0,4.0,False,False
B03744,2025-01-01,2025-02-11,C0928,Student,Cultural,Mobile App,Card,Huế,2,2280000.0,0.1101366721368926,Completed,4058000.0,4.5,True,False
B02678,2023-10-13,2023-12-02,C0930,Corporate,Beach,Website,Card,Hà Nội,3,4483000.0,0.0675077712864665,Completed,12541000.0,3.8,False,False
B03535,2024-09-28,2024-10-18,C0930,Family,Family,Website,Card,Hà Nội,1,2977000.0,0.1324864774888238,Completed,2583000.0,4.3,True,False
B03882,2025-03-11,2025-04-15,C0930,Corporate,Foodie,Website,,Phú Quốc,1,2926000.0,0.1207879623140995,Completed,2573000.0,4.8,True,False
B02679,2023-10-13,2023-12-27,C0931,Young Professional,City Break,Mobile App,Card,Hội An,3,1503000.0,0.0832843225244322,Completed,4133000.0,3.7,False,False
B04280,2025-08-19,2025-09-13,C0932,Corporate,Family,Mobile App,Card,Phú Quốc,1,3528000.0,0.0487218446182971,Completed,3356000.0,4.8,True,False
B02683,2023-10-14,2023-11-23,C0933,Student,Cultural,Website,Card,Hạ Long,1,2760000.0,0.0734391023476492,Completed,2557000.0,3.9,False,False
B03725,2024-12-24,2025-03-16,C0933,Corporate,Adventure,Website,E-wallet,Hội An,1,4511000.0,0.0717963465895501,Completed,4187000.0,4.6,True,False
B02687,2023-10-15,2023-11-25,C0934,Corporate,Adventure,Website,Cash,Nha Trang,4,5057000.0,0.1496982893735909,Completed,17200000.0,4.4,False,False
B03190,2024-05-16,2024-07-18,C0934,Family,Foodie,Mobile App,Bank Transfer,Nha Trang,1,2765000.0,0.1262196774962636,Completed,2416000.0,4.1,True,False
B02689,2023-10-16,2024-01-14,C0935,Family,Foodie,Website,E-wallet,Huế,1,2404000.0,0.1621863024143854,Completed,2014000.0,4.5,False,False
B03429,2024-08-18,2024-10-12,C0935,Corporate,Foodie,Mobile App,Bank Transfer,Huế,3,2562000.0,0.044676700032958,Completed,7343000.0,4.2,True,False
B02694,2023-10-18,2023-12-29,C0936,Student,Foodie,Mobile App,Card,Hạ Long,1,2556000.0,0.0558837406363,Completed,2413000.0,4.5,False,False
B02850,2023-12-22,2024-01-04,C0936,Young Professional,Beach,Website,Cash,Phú Quốc,1,4066000.0,0.0173799952080499,Completed,3995000.0,4.5,True,False
B02695,2023-10-18,2023-12-17,C0937,Student,Adventure,Website,Bank Transfer,Đà Lạt,1,4930000.0,0.1212801074006447,Completed,4332000.0,4.2,False,False
B03558,2024-10-10,2024-12-09,C0937,Family,Beach,Website,Bank Transfer,Huế,1,3461000.0,0.1579639208434204,Completed,2914000.0,3.8,True,False
B02697,2023-10-19,2023-11-15,C0938,Corporate,Family,Website,Cash,Đà Nẵng,1,3325000.0,0.0782382910454601,Completed,3065000.0,4.3,False,False
B02698,2023-10-19,2023-12-27,C0939,Family,Foodie,Website,Cash,Hội An,3,2218000.0,0.1643027239994174,Completed,5561000.0,4.4,False,False
B03567,2024-10-14,2024-12-29,C0939,,Foodie,Website,Card,Đà Lạt,1,2451000.0,0.1266427032837423,Completed,2141000.0,3.6,True,False
B02699,2023-10-20,2023-11-23,C0940,Young Professional,Family,Mobile App,Bank Transfer,Phú Quốc,1,3295000.0,0.1143248034264974,Completed,2918000.0,3.8,False,False
B02702,2023-10-21,2023-12-26,C0941,Student,Cultural,Mobile App,Bank Transfer,Đà Lạt,3,2775000.0,0.1459547110028015,Completed,7110000.0,4.3,False,False
B03783,2025-01-25,2025-01-25,C0941,Family,Cultural,Website,Card,Nha Trang,2,3222000.0,0.0861442578565566,Completed,5889000.0,4.2,True,False
B03779,2025-01-23,2025-04-15,C0941,Young Professional,Beach,Website,Card,TP.HCM,1,3691000.0,0.0722271956121354,Completed,3424000.0,4.3,True,False
B02705,2023-10-23,2023-12-07,C0942,Corporate,Family,Website,Card,Nha Trang,2,3884000.0,0.0728255794004178,Completed,7202000.0,3.9,False,False
B02710,2023-10-26,2023-12-01,C0943,Young Professional,Family,Website,Card,Hội An,2,2941000.0,0.0780146818349123,Completed,5423000.0,3.8,False,False
B03730,2024-12-28,2025-02-23,C0943,Student,Family,Agent,Card,Huế,2,3299000.0,0.163018986827306,Completed,5522000.0,4.9,True,False
B03769,2025-01-15,2025-04-10,C0943,Family,Adventure,Website,,Nha Trang,1,5384000.0,0.1185334162470196,Completed,4746000.0,4.2,True,False
B03958,2025-04-20,2025-05-31,C0943,Family,Beach,Website,Bank Transfer,Đà Nẵng,1,4648000.0,0.0893216982656318,Completed,4233000.0,4.0,True,False
B03416,2024-08-12,2024-09-10,C0944,Corporate,Beach,Website,Card,Phú Quốc,1,4112000.0,0.1146903417498042,Completed,3640000.0,4.6,True,False
B02715,2023-10-28,2023-12-26,C0945,Young Professional,Beach,Agent,Card,Hội An,3,4631000.0,0.1057267201553948,Completed,12424000.0,4.3,False,False
B04198,2025-07-15,2025-09-20,C0945,Young Professional,Foodie,Mobile App,E-wallet,TP.HCM,3,2417000.0,0.0824669017499069,Completed,6653000.0,3.9,True,False
B02717,2023-10-29,2023-12-25,C0947,Young Professional,Cultural,,Cash,TP.HCM,3,2170000.0,0.1354072286687549,Completed,5628000.0,4.3,False,False
B03869,2025-03-04,2025-06-05,C0947,Student,City Break,Website,Bank Transfer,Phú Quốc,1,2209000.0,0.1281161495797161,Completed,1926000.0,4.3,True,False
B02718,2023-10-30,2023-12-10,C0948,Young Professional,Family,Website,Bank Transfer,Phú Quốc,3,3587000.0,0.1164085102037758,Completed,9508000.0,4.4,False,False
B02720,2023-10-30,2023-12-13,C0949,Young Professional,Cultural,,Card,Nha Trang,3,3160000.0,0.2112559229068835,Completed,7477000.0,4.0,False,False
B02763,2023-11-18,2024-01-16,C0951,Family,Foodie,Mobile App,Card,Hạ Long,2,2528000.0,0.1208132925358092,Completed,4445000.0,4.5,True,False
B02728,2023-11-03,2024-01-28,C0951,Family,Beach,Agent,Cash,Sa Pa,2,3786000.0,0.0,Completed,7572000.0,4.2,False,False
B03998,2025-05-05,2025-05-28,C0951,Family,City Break,Website,Card,Nha Trang,1,2269000.0,0.0577650214964327,Completed,2138000.0,4.9,True,False
B04019,2025-05-12,2025-07-19,C0951,Young Professional,City Break,Agent,Card,TP.HCM,1,2731000.0,0.0818618755001521,Completed,2507000.0,4.3,True,False
B04099,2025-06-12,2025-07-22,C0951,Family,City Break,Website,E-wallet,Đà Nẵng,2,2902000.0,0.0823005845003329,Completed,5326000.0,4.5,True,False
B02733,2023-11-04,2023-12-30,C0952,Family,Family,Mobile App,E-wallet,TP.HCM,2,3196000.0,0.1108961113222551,Completed,5683000.0,3.9,False,False
B04097,2025-06-11,2025-06-30,C0952,Student,City Break,Website,,TP.HCM,2,2768000.0,0.0269509199036897,Completed,5387000.0,4.5,True,False
B02736,2023-11-06,2024-01-01,C0953,Family,City Break,Website,Card,Hội An,2,1300000.0,0.0800430616365937,Completed,2392000.0,4.8,False,False
B03040,2024-03-11,2024-03-24,C0953,Student,City Break,Mobile App,Bank Transfer,Phú Quốc,1,1996000.0,0.1365989109981862,Completed,1723000.0,4.1,True,False
B03266,2024-06-15,2024-08-13,C0953,Corporate,Beach,Website,Bank Transfer,Hạ Long,1,4429000.0,0.1371919748803345,Completed,3821000.0,4.6,True,False
B03787,2025-01-28,2025-04-01,C0953,Family,Beach,Website,Card,TP.HCM,3,3651000.0,,Completed,10470000.0,4.2,True,False
B02738,2023-11-07,2023-12-21,C0954,Young Professional,Cultural,Agent,Cash,Phú Quốc,4,2898000.0,,Completed,10102000.0,4.1,False,False
B04303,2025-08-27,2025-10-06,C0954,Student,Adventure,Mobile App,Card,TP.HCM,3,4479000.0,0.1458525377679669,Completed,11477000.0,4.5,True,False
B02740,2023-11-07,2023-12-10,C0955,Family,Beach,Website,Card,Đà Nẵng,4,4572000.0,0.0303608908510356,Completed,17733000.0,4.9,False,False
B03219,2024-05-30,2024-07-29,C0955,Student,Adventure,Website,Card,Hội An,1,5076000.0,0.0615182607254967,Completed,4764000.0,4.9,True,False
B02745,2023-11-10,2024-01-26,C0956,Student,Beach,Mobile App,Card,Phú Quốc,3,3979000.0,0.1374463975694636,Completed,10296000.0,4.8,False,False
B02916,2024-01-16,2024-04-19,C0956,Corporate,Foodie,Website,Card,Hà Nội,1,2291000.0,0.1242329804229802,Completed,2006000.0,4.2,True,False
B02748,2023-11-13,2024-01-26,C0958,Young Professional,Cultural,Website,Card,Đà Nẵng,1,2658000.0,0.1045354908515044,Completed,2380000.0,3.4,False,False
B03046,2024-03-16,2024-04-27,C0958,Student,Beach,Website,Card,Hội An,1,4618000.0,0.0662540633626054,Completed,4312000.0,3.9,True,False
B02752,2023-11-14,2024-01-03,C0960,Young Professional,City Break,Website,Bank Transfer,Sa Pa,2,2083000.0,0.0846412032101759,Completed,3813000.0,4.2,False,False
B03885,2025-03-12,2025-05-29,C0960,Young Professional,Beach,Agent,Card,Sa Pa,3,3701000.0,0.1311390968879121,Completed,9647000.0,3.7,True,False
B02753,2023-11-14,2024-01-30,C0961,Family,Cultural,Website,Card,Sa Pa,1,2444000.0,0.0287937899115271,Completed,2374000.0,4.4,False,False
B03066,2024-03-24,2024-05-08,C0961,Student,Cultural,Mobile App,Card,TP.HCM,1,2374000.0,0.1336082460570214,Completed,2057000.0,3.3,True,False
B02853,2023-12-22,2024-01-25,C0962,Young Professional,Adventure,Website,Card,Đà Lạt,3,4364000.0,0.1251745291457603,Completed,11453000.0,3.3,True,False
B03949,2025-04-17,2025-05-22,C0962,Corporate,Foodie,Agent,Card,Phú Quốc,4,2709000.0,0.1397789509479771,Completed,9321000.0,4.0,True,False
B02755,2023-11-16,2024-01-21,C0963,Family,Foodie,Website,Card,Phú Quốc,5,2525000.0,0.1069811573942559,Completed,11274000.0,4.1,False,False
B03300,2024-06-30,2024-09-01,C0963,Young Professional,Adventure,Website,E-wallet,Hà Nội,2,4477000.0,0.0582163464810218,Completed,8433000.0,3.9,True,False
B02757,2023-11-16,2023-12-16,C0964,Young Professional,Beach,Website,Card,Phú Quốc,2,4591000.0,0.1073811043830683,Completed,8196000.0,4.1,False,False
B03014,2024-02-28,2024-03-21,C0964,Young Professional,Cultural,Mobile App,Card,TP.HCM,2,2274000.0,0.1091683135033308,Completed,4052000.0,4.2,True,False
B03670,2024-11-27,2024-12-21,C0964,Student,Family,Mobile App,Bank Transfer,Hạ Long,2,3833000.0,0.1701566848154428,Completed,6362000.0,3.0,True,False
B02761,2023-11-18,2024-01-09,C0965,Corporate,Beach,Mobile App,Card,Sa Pa,1,3838000.0,0.1133667574623064,Completed,3403000.0,3.6,False,False
B02764,2023-11-18,2024-01-24,C0966,Young Professional,Family,Website,Bank Transfer,Sa Pa,2,3148000.0,0.155403793382768,Completed,5318000.0,4.5,False,False
B03901,2025-03-20,2025-05-23,C0966,Corporate,Cultural,Website,Card,Sa Pa,3,2330000.0,0.0598161094201014,Completed,6572000.0,3.8,True,False
B04358,2025-09-19,2025-11-25,C0966,Young Professional,Beach,Agent,Card,Đà Lạt,1,3247000.0,0.0997380478256697,Completed,2923000.0,4.7,True,False
B02765,2023-11-18,2023-12-21,C0967,Family,Beach,Website,Card,TP.HCM,1,3897000.0,0.1671665298660484,Completed,3246000.0,4.1,False,False
B02922,2024-01-23,2024-04-26,C0967,Young Professional,City Break,Website,Card,Nha Trang,2,2651000.0,0.0676970921469526,Completed,4943000.0,4.8,True,False
B03295,2024-06-27,2024-08-31,C0967,Corporate,Beach,Call Center,Card,Hà Nội,2,4347000.0,0.1354139366745705,Completed,7517000.0,4.2,True,False
B02768,2023-11-18,2024-02-21,C0968,Young Professional,Foodie,Mobile App,Bank Transfer,Nha Trang,3,2945000.0,0.0369435773866994,Completed,8509000.0,4.5,False,False
B03996,2025-04-05,2025-05-28,C0968,Family,City Break,Website,Bank Transfer,Phú Quốc,2,2126000.0,0.141937406394198,Completed,3648000.0,3.9,True,False
B02770,2023-11-19,2023-12-16,C0969,Corporate,Adventure,Website,Bank Transfer,Hà Nội,3,4922000.0,0.1310283476063334,Completed,12831000.0,4.5,False,False
B02779,2023-11-23,2024-01-04,C0970,Family,Foodie,Website,Cash,Hà Nội,2,2036000.0,0.0,Completed,4072000.0,3.5,False,False
B03472,2024-09-05,2024-11-04,C0970,Young Professional,Family,Mobile App,Bank Transfer,Đà Nẵng,2,3217000.0,0.0734912149059568,Completed,5961000.0,3.9,True,False
B02780,2023-11-24,2024-01-28,C0971,Young Professional,Foodie,,Card,Phú Quốc,2,2794000.0,0.0633990568124813,Completed,5234000.0,5.0,False,False
B03550,2024-10-06,2024-11-15,C0971,Family,City Break,Agent,E-wallet,Huế,1,2050000.0,0.1534160801664201,Completed,1735000.0,5.0,True,False
B03593,2024-10-26,2024-12-23,C0971,Family,Cultural,Website,Cash,Đà Lạt,3,2540000.0,0.1407999144950629,Completed,6547000.0,4.2,True,False
B02782,2023-11-24,2024-01-25,C0972,Young Professional,Cultural,Website,Card,Huế,1,2263000.0,0.0377618217157402,Completed,2178000.0,5.0,False,False
B03661,2024-11-24,2025-01-14,C0973,Family,Beach,Website,Bank Transfer,Hội An,3,3980000.0,,Completed,10333000.0,4.0,True,False
B03243,2024-06-07,2024-09-02,C0974,Family,Beach,Mobile App,Card,TP.HCM,1,3591000.0,0.0961429554583026,Completed,3246000.0,3.8,True,False
B02802,2023-12-01,2024-01-22,C0975,Family,Adventure,,Bank Transfer,Hội An,2,4596000.0,0.1097694462972629,Completed,8183000.0,4.1,False,False
B04335,2025-09-07,2025-10-24,C0976,Young Professional,City Break,Call Center,Card,Phú Quốc,2,2179000.0,0.1261200639898924,Completed,3808000.0,4.5,True,False
B02805,2023-12-01,2023-12-10,C0977,Family,Cultural,Agent,Card,Hội An,1,2752000.0,0.0387930359804927,Completed,2645000.0,4.0,False,False
B02807,2023-12-01,2024-02-03,C0978,Family,Family,Mobile App,Card,Huế,1,3397000.0,0.1093425964776208,Completed,3026000.0,4.0,False,False
B02810,2023-12-03,2023-12-30,C0979,Student,Foodie,Website,Card,TP.HCM,2,2553000.0,0.0622120909059809,Completed,4788000.0,4.7,False,False
B02831,2023-12-11,2024-02-08,C0980,Young Professional,Family,Website,,Hà Nội,3,3319000.0,0.1257031913390771,Completed,8705000.0,4.3,True,False
B02816,2023-12-05,2024-03-22,C0980,Corporate,City Break,Mobile App,Cash,Hội An,3,1356000.0,0.0754031928643876,Completed,3761000.0,4.2,False,False
B02817,2023-12-06,2024-02-13,C0981,Family,Foodie,Website,Bank Transfer,Huế,4,2689000.0,0.0405109035519692,Completed,10320000.0,3.9,False,False
B02819,2023-12-07,2024-02-15,C0982,Young Professional,Cultural,Website,E-wallet,Hạ Long,2,2718000.0,0.0992833097369556,Completed,4896000.0,4.4,False,False
B02821,2023-12-08,2023-12-28,C0983,Young Professional,Beach,Agent,Card,Hà Nội,3,4544000.0,0.0962347560416719,Completed,12320000.0,4.2,False,False
B03665,2024-11-25,2024-12-11,C0983,Young Professional,Adventure,Website,E-wallet,Hội An,2,5136000.0,0.0272655788800041,Completed,9992000.0,3.7,True,False
B02822,2023-08-12,2024-01-09,C0984,Family,Family,Mobile App,Cash,Hội An,1,2657000.0,0.0960218022975817,Completed,2402000.0,3.8,False,False
B04002,2025-05-06,2025-06-25,C0984,Family,Cultural,Website,Cash,Huế,1,2411000.0,0.1635339401634069,Completed,2017000.0,4.7,True,False
B03105,2024-04-11,2024-04-20,C0985,Family,Beach,,Cash,Sa Pa,1,4220000.0,0.0709974246380888,Completed,3920000.0,4.2,True,False
B04155,2025-07-02,2025-08-15,C0985,Student,Beach,Agent,Card,Nha Trang,2,4842000.0,0.1301696999437671,Completed,8423000.0,5.0,True,False
B02827,2023-12-10,2024-03-10,C0986,Student,Beach,,Card,Sa Pa,2,3895000.0,0.1529038604405133,Completed,6599000.0,4.6,False,False
B04191,2025-07-12,2025-09-21,C0986,Young Professional,City Break,Website,Card,Hà Nội,1,2657000.0,0.0578822563858075,Completed,2503000.0,3.3,True,False
B02828,2023-12-10,2024-01-16,C0987,Family,Adventure,Website,Cash,Nha Trang,1,4974000.0,0.0789267333553465,Completed,4581000.0,4.7,False,False
B02829,2023-12-10,2024-02-10,C0988,,Adventure,Website,Card,Hà Nội,2,5486000.0,0.1782909484654777,Completed,9016000.0,4.6,False,False
B02832,2023-12-11,2024-02-08,C0989,Student,Adventure,Agent,E-wallet,Sa Pa,1,4861000.0,0.0390516348046835,Completed,4671000.0,4.0,False,False
B02833,2023-12-12,2024-01-22,C0990,Family,Adventure,Mobile App,Card,Đà Nẵng,1,5199000.0,0.0805987274309911,Completed,4780000.0,3.7,False,False
B02836,2023-12-14,2024-01-27,C0992,Young Professional,Family,Agent,Card,TP.HCM,4,2985000.0,0.0797671716608165,Completed,10988000.0,5.0,False,False
B02839,2023-12-16,2024-02-25,C0993,Student,Cultural,Website,E-wallet,Nha Trang,1,3392000.0,0.1546638488122351,Completed,2867000.0,3.6,False,False
B02851,2023-12-22,2024-01-05,C0994,Young Professional,Cultural,Website,Cash,Hạ Long,1,2628000.0,0.0555474902859838,Completed,2482000.0,3.9,False,False
B02852,2023-12-22,2024-01-28,C0995,Student,Adventure,Mobile App,Bank Transfer,Phú Quốc,1,5268000.0,0.0,Completed,5268000.0,4.1,False,False
B03717,2024-12-22,2025-02-05,C0995,Family,Family,Website,Card,Hạ Long,4,3694000.0,0.1168612632415279,Completed,13049000.0,4.6,True,False
B02865,2023-12-26,2024-02-02,C0996,Family,Foodie,Website,Card,Hà Nội,2,2236000.0,0.0977424574364463,Completed,4035000.0,3.8,True,False
B02854,2023-12-23,2024-02-18,C0996,Family,Adventure,Website,E-wallet,Phú Quốc,1,5529000.0,0.0676465591329507,Completed,5155000.0,3.2,False,False
B02855,2023-12-23,2024-02-14,C0997,Student,City Break,Website,Card,Huế,2,2096000.0,0.129850905609708,Completed,3648000.0,3.6,False,False
B02858,2023-12-24,2024-02-27,C0998,Young Professional,Beach,Website,Card,Đà Lạt,3,3769000.0,0.0667290050167584,Completed,10552000.0,3.6,False,False
B04360,2025-09-20,2025-12-30,C0998,Family,Adventure,Agent,Bank Transfer,Phú Quốc,5,5434000.0,0.0680549628870045,Completed,25321000.0,4.4,True,False
B02862,2023-12-25,2024-01-31,C0999,Student,City Break,Website,Card,Sa Pa,1,2012000.0,0.080781448457297,Completed,1849000.0,3.5,False,False
B02863,2023-12-25,2024-01-20,C1000,Young Professional,Family,Agent,Bank Transfer,Phú Quốc,1,3426000.0,0.1268807829855781,Completed,2991000.0,4.0,False,False
B02867,2023-12-26,2024-01-11,C1001,Corporate,Beach,Agent,Card,Phú Quốc,1,4223000.0,0.1502062909631947,Completed,3589000.0,3.2,False,False
B03033,2024-03-07,2024-05-04,C1001,Young Professional,Beach,Mobile App,Bank Transfer,Phú Quốc,1,4052000.0,0.0690056162696021,Completed,3772000.0,4.4,True,False
B03181,2024-05-12,2024-06-23,C1001,Family,Family,Website,Card,Hội An,1,2844000.0,0.0585348130977971,Completed,0.0,,True,False
B02878,2023-12-30,2024-01-18,C1003,Young Professional,Beach,Agent,Card,Đà Nẵng,4,4556000.0,0.0569009229036666,Completed,17187000.0,3.8,False,False
B03324,2024-07-11,2024-08-15,C1003,Corporate,Family,Mobile App,Cash,Đà Lạt,1,3162000.0,0.1006940967963133,Completed,2844000.0,4.9,True,False
B03453,2024-08-29,2024-09-28,C1003,Corporate,Beach,Website,E-wallet,TP.HCM,4,3597000.0,0.0747882120248497,Completed,13312000.0,3.8,True,False
B02886,2024-01-04,2024-02-19,C1004,Family,Foodie,Website,Card,Huế,1,2719000.0,0.0658062889276776,Completed,2540000.0,4.1,False,False
B02887,2024-01-05,2024-03-11,C1005,Young Professional,Beach,Mobile App,Card,Huế,5,3390000.0,0.1460278614447316,Completed,14475000.0,4.5,False,False
B03876,2025-03-07,2025-04-21,C1005,Student,Cultural,Website,,Đà Lạt,2,2540000.0,0.1545974030707551,Completed,4295000.0,4.2,True,False
B02889,2024-01-05,2024-02-28,C1006,Young Professional,Cultural,Agent,Cash,Hội An,1,2895000.0,0.1576280971449019,Completed,2439000.0,4.2,False,False
B02892,2024-01-06,2024-02-20,C1007,Corporate,City Break,Website,Card,Nha Trang,4,2691000.0,0.042160690430215,Completed,10310000.0,4.5,False,False
B03693,2024-12-12,2025-01-27,C1007,Young Professional,Adventure,Website,Card,Huế,4,4837000.0,0.0801483874910815,Completed,17797000.0,4.9,True,False
B02895,2024-01-07,2024-03-20,C1008,Family,Cultural,Website,E-wallet,Hạ Long,1,2590000.0,0.083253494184913,Completed,2374000.0,4.1,False,False
B02896,2024-01-07,2024-02-10,C1009,Student,Cultural,Agent,Card,Sa Pa,1,2733000.0,0.1095693506041245,Completed,2434000.0,4.4,False,False
B03433,2024-08-20,2024-10-06,C1009,Corporate,Adventure,Website,Cash,Huế,4,4314000.0,0.0687244655048484,Completed,16070000.0,4.9,True,False
B03086,2024-04-01,2024-05-25,C1010,Student,Family,Website,Cash,Nha Trang,2,3509000.0,0.0937313651697292,Completed,6360000.0,3.9,True,False
B02903,2024-01-10,2024-02-20,C1011,Young Professional,Beach,Website,Bank Transfer,TP.HCM,1,4144000.0,0.1178959552531945,Completed,3655000.0,4.1,False,False
B02919,2024-01-20,2024-03-19,C1011,Young Professional,Cultural,Website,Card,TP.HCM,1,2212000.0,0.103334337153727,Completed,1983000.0,4.3,True,False
B03119,2024-04-17,2024-06-11,C1011,Corporate,Beach,Mobile App,Card,Đà Lạt,5,3305000.0,0.0739394380002049,Completed,15303000.0,3.8,True,False
B02912,2024-01-14,2024-02-14,C1014,Student,Beach,Agent,Card,Hạ Long,1,4043000.0,0.1514120631989356,Completed,3431000.0,4.3,False,False
B04175,2025-07-06,2025-09-07,C1014,,Adventure,Agent,Card,Hội An,3,4383000.0,0.0757749616759106,Completed,12153000.0,4.5,True,False
B02918,2024-01-19,2024-03-01,C1015,Family,Cultural,Agent,Card,Hội An,3,2817000.0,0.0,Completed,8451000.0,4.1,False,False
B02921,2024-01-21,2024-04-17,C1016,Corporate,Family,Agent,Bank Transfer,Hội An,3,2870000.0,,Completed,7058000.0,4.4,False,False
B02924,2024-01-25,2024-03-11,C1017,Family,Cultural,Agent,Card,Đà Lạt,2,2534000.0,0.1275498814085426,Completed,4422000.0,5.0,False,False
B03009,2024-02-26,2024-03-21,C1017,Student,Cultural,Agent,,Nha Trang,1,3315000.0,,Completed,3029000.0,4.4,True,False
B02925,2024-01-25,2024-03-07,C1018,,Adventure,Website,Bank Transfer,Hội An,1,4555000.0,0.1364683531796431,Completed,3933000.0,3.8,False,False
B04039,2025-05-22,2025-06-03,C1018,Family,Beach,Agent,Card,Đà Lạt,4,3511000.0,0.1115870175851109,Completed,12477000.0,5.0,True,False
B02933,2024-01-27,2024-03-09,C1019,Student,Adventure,Website,Bank Transfer,Hạ Long,2,5935000.0,0.1293831905540024,Completed,10334000.0,4.3,True,False
B02930,2024-01-26,2024-03-12,C1019,Family,Foodie,Website,E-wallet,Đà Lạt,4,2419000.0,0.094213406554799,Completed,8764000.0,5.0,False,False
B04296,2025-08-23,2025-10-21,C1019,Young Professional,City Break,Website,Card,Đà Lạt,2,2201000.0,0.0490419075860341,Completed,4186000.0,3.5,True,False
B03923,2025-04-03,2025-05-06,C1020,Young Professional,Family,Agent,Cash,Đà Nẵng,3,3303000.0,0.1154993627851901,Completed,8765000.0,4.1,True,False
B04176,2025-07-06,2025-07-07,C1020,Young Professional,Foodie,Call Center,Card,Nha Trang,1,2588000.0,0.1358735541966191,Completed,2236000.0,4.7,True,False
B04025,2025-05-16,2025-07-26,C1020,Family,Cultural,,Bank Transfer,Hạ Long,3,2805000.0,0.0151018862035609,Completed,8288000.0,4.4,True,False
B02935,2024-01-28,2024-04-06,C1021,Young Professional,Adventure,Mobile App,Card,Đà Lạt,1,4816000.0,0.0,Completed,4816000.0,4.0,False,False
B02937,2024-01-28,2024-03-25,C1023,Student,Family,Agent,Card,Nha Trang,2,3686000.0,0.0814419227226828,Completed,6772000.0,4.5,False,False
B02939,2024-01-29,2024-01-29,C1024,Family,Beach,Agent,Card,Nha Trang,2,4581000.0,0.0930948557130893,Completed,8309000.0,4.7,False,False
B02946,2024-01-30,2024-04-22,C1025,Family,Family,Mobile App,Card,Đà Nẵng,4,3538000.0,0.1718991718524508,Completed,11719000.0,4.8,False,False
B03445,2024-08-25,2024-09-15,C1025,Young Professional,City Break,Agent,Card,Đà Nẵng,2,2594000.0,0.1146914767389975,Completed,4593000.0,5.0,True,False
B02947,2024-01-31,2024-03-15,C1026,Young Professional,Adventure,Website,Bank Transfer,Hội An,1,4548000.0,0.0359620319461223,Completed,4384000.0,3.9,False,False
B03927,2025-04-06,2025-05-06,C1026,Student,Beach,Mobile App,Bank Transfer,Đà Lạt,1,3380000.0,0.0856900672293347,Completed,3090000.0,4.3,True,False
B04200,2025-07-16,2025-08-11,C1026,Student,Adventure,Website,Card,Hạ Long,3,6769000.0,0.1287268424050815,Completed,17693000.0,4.0,True,False
B02949,2024-01-31,2024-04-06,C1027,Corporate,Adventure,Website,Cash,Huế,2,5113000.0,0.1974659613183385,Completed,8207000.0,4.9,False,False
B03824,2025-02-12,2025-04-13,C1027,Student,Adventure,Website,E-wallet,Đà Lạt,1,4542000.0,0.1063441594500227,Completed,4059000.0,4.6,True,False
B02956,2024-02-02,2024-04-07,C1028,Family,Family,Website,Card,Hà Nội,2,3263000.0,0.0771065660080463,Completed,6023000.0,4.5,False,False
B03938,2025-04-12,2025-06-02,C1028,Corporate,Cultural,,Cash,Hà Nội,1,2846000.0,0.1359233799614785,Completed,2459000.0,3.5,True,False
B02960,2024-02-04,2024-03-30,C1029,Family,Adventure,Call Center,Card,TP.HCM,2,5365000.0,0.1239509162778596,Completed,9400000.0,4.6,False,False
B02961,2024-02-05,2024-02-21,C1030,Student,Beach,Website,Cash,Đà Nẵng,4,4515000.0,0.1269089502498215,Completed,15768000.0,3.2,False,False
B03272,2024-06-18,2024-07-07,C1030,Family,Cultural,Mobile App,Card,Nha Trang,1,3573000.0,0.1062507168407366,Completed,3193000.0,4.7,True,False
B02966,2024-02-06,2024-03-31,C1031,Young Professional,Foodie,Website,Bank Transfer,Hà Nội,1,2135000.0,0.1649082070767921,Completed,1783000.0,3.4,False,False
B03465,2024-09-02,2024-11-03,C1031,Family,Family,Call Center,Card,TP.HCM,3,3198000.0,0.0475040292589065,Completed,9138000.0,3.9,True,False
B02968,2024-02-07,2024-02-23,C1032,Family,Adventure,Website,Card,Phú Quốc,1,5792000.0,0.0719473077121447,Completed,5375000.0,4.0,False,False
B02969,2024-02-07,2024-02-16,C1033,,Adventure,Website,Cash,Đà Lạt,2,4592000.0,0.0821090244692088,Completed,8430000.0,4.7,False,False
B02977,2024-02-10,2024-05-19,C1036,Young Professional,Foodie,Agent,Bank Transfer,Hạ Long,1,2355000.0,0.0410910417196124,Completed,2258000.0,4.6,False,False
B03660,2024-11-23,2024-12-21,C1036,Corporate,Cultural,Agent,Cash,Đà Nẵng,3,2872000.0,0.0661541575570834,Completed,8046000.0,4.7,True,False
B02980,2024-02-12,2024-03-02,C1037,,Family,Mobile App,Card,TP.HCM,2,2983000.0,0.030088225341266,Completed,5786000.0,3.6,False,False
B03284,2024-06-21,2024-07-17,C1037,Young Professional,Cultural,Mobile App,Card,Phú Quốc,2,2740000.0,0.0934706635140406,Completed,4968000.0,4.1,True,False
B03801,2025-02-02,2025-03-23,C1037,Young Professional,Family,Mobile App,Card,Phú Quốc,4,3466000.0,0.0962283064770017,Completed,12530000.0,3.8,True,False
B02983,2024-02-12,2024-03-09,C1038,Family,Family,Website,Card,Hạ Long,4,3596000.0,0.0088121664414826,Completed,14257000.0,4.1,False,False
B02986,2024-02-14,2024-03-24,C1039,Student,Adventure,,Cash,Hội An,2,4909000.0,0.1130157552193936,Completed,8708000.0,3.9,False,False
B02987,2024-02-15,2024-03-29,C1040,Young Professional,City Break,Website,Bank Transfer,Hà Nội,1,2430000.0,0.1150388980924098,Completed,2150000.0,3.5,False,False
B03268,2024-06-15,2024-07-08,C1040,Family,Beach,Agent,Card,Hội An,3,4756000.0,0.1306420017017463,Completed,12404000.0,3.0,True,False
B03368,2024-07-23,2024-09-16,C1040,Young Professional,Cultural,Website,E-wallet,Hạ Long,1,2638000.0,0.0889466190963601,Completed,2403000.0,3.8,True,False
B02988,2024-02-15,2024-04-02,C1041,Family,Adventure,Mobile App,Bank Transfer,Hạ Long,1,6204000.0,0.0498037761638479,Completed,5895000.0,4.0,False,False
B02989,2024-02-17,2024-03-26,C1042,Corporate,Beach,,Bank Transfer,TP.HCM,4,3499000.0,0.1344710769253786,Completed,12114000.0,4.7,False,False
B02990,2024-02-17,2024-04-11,C1043,Family,Family,,Card,Phú Quốc,1,3749000.0,0.1215835988799618,Completed,3293000.0,4.8,False,False
B03762,2025-01-10,2025-03-06,C1043,Corporate,Adventure,Website,Card,Hà Nội,4,4760000.0,0.0829744954167319,Completed,17460000.0,4.2,True,False
B02991,2024-02-17,2024-03-03,C1044,Family,City Break,Website,Card,Đà Lạt,3,2262000.0,0.0806697131988774,Completed,6239000.0,3.9,False,False
B03488,2024-09-09,2024-09-09,C1045,Family,Adventure,Agent,Cash,Huế,1,4679000.0,0.1303090983810544,Completed,4069000.0,3.5,True,False
B03545,2024-10-04,2024-11-23,C1045,Family,Beach,Website,Card,Đà Nẵng,1,4051000.0,,Completed,3568000.0,4.5,True,False
B02997,2024-02-18,2024-04-29,C1046,Student,Beach,,Bank Transfer,Hà Nội,3,5122000.0,0.0443456241065101,Completed,14685000.0,3.8,False,False
B03636,2024-11-12,2025-01-06,C1046,Student,Beach,Agent,Card,Phú Quốc,2,4211000.0,0.1093028367029209,Completed,7501000.0,4.4,True,False
B03004,2024-02-21,2024-03-14,C1047,Family,Beach,Mobile App,E-wallet,TP.HCM,1,3487000.0,0.1084806668199636,Completed,3109000.0,4.3,False,False
B03006,2024-02-23,2024-05-24,C1048,Student,Family,Website,Card,Hội An,3,2767000.0,0.0478605808723942,Completed,7904000.0,4.0,False,False
B04100,2025-06-12,2025-08-08,C1048,Family,Beach,Call Center,Card,Nha Trang,1,4973000.0,0.069725990308035,Completed,4626000.0,4.5,True,False
B03008,2024-02-25,2024-03-16,C1049,Corporate,Cultural,Agent,Bank Transfer,Sa Pa,1,2337000.0,0.0395621597524655,Completed,2245000.0,4.2,False,False
B03469,2024-09-04,2024-10-11,C1049,Student,Cultural,Mobile App,Cash,Hà Nội,1,2665000.0,0.1600415661927024,Completed,2238000.0,4.3,True,False
B03010,2024-02-26,2024-04-20,C1050,Family,City Break,Website,Card,Đà Lạt,2,2359000.0,0.1247439684375544,Completed,4129000.0,3.8,False,False
B04271,2025-08-17,2025-09-09,C1050,Family,Beach,Website,Card,Hà Nội,4,3866000.0,0.0869100327867229,Completed,14120000.0,4.5,True,False
B03984,2025-05-01,2025-06-26,C1051,Young Professional,Cultural,Website,Card,Phú Quốc,1,2504000.0,0.1222278052739968,Completed,2198000.0,4.2,True,False
B04247,2025-08-03,2025-09-30,C1051,Young Professional,Family,Agent,Bank Transfer,Phú Quốc,1,3330000.0,0.1384708566651235,Completed,2869000.0,4.1,True,False
B03016,2024-02-28,2024-04-10,C1053,Family,Foodie,Website,Cash,Phú Quốc,1,3016000.0,0.1308868184039457,Completed,2621000.0,4.4,False,False
B04110,2025-06-15,2025-09-20,C1053,Family,Family,Website,Card,Phú Quốc,1,3227000.0,0.1139010877933586,Completed,2859000.0,3.6,True,False
B03018,2024-02-29,2024-03-15,C1054,,Cultural,Website,Cash,Đà Nẵng,3,2830000.0,0.148204647866078,Completed,7232000.0,4.1,False,False
B03298,2024-06-28,2024-08-26,C1054,Family,Beach,Website,Card,Nha Trang,3,4372000.0,0.124680867513337,Completed,11481000.0,4.2,True,False
B03711,2024-12-19,2025-01-09,C1054,Student,Cultural,Website,Bank Transfer,Đà Nẵng,2,2741000.0,0.1631837076016968,Completed,4587000.0,3.8,True,False
B03019,2024-02-29,2024-05-10,C1055,Student,City Break,Website,Card,Hội An,1,1448000.0,0.1288660944907332,Completed,1261000.0,4.6,False,False
B03326,2024-07-12,2024-08-22,C1055,Young Professional,Cultural,,Card,Đà Lạt,2,2638000.0,0.025960223510169,Completed,5139000.0,4.7,True,False
B03374,2024-07-26,2024-09-08,C1055,Young Professional,Beach,Agent,Card,Hà Nội,2,4013000.0,0.0862648797020845,Completed,7334000.0,3.8,True,False
B03022,2024-03-01,2024-03-27,C1056,Young Professional,Beach,Website,,Hội An,5,4171000.0,,Completed,18495000.0,3.5,False,False
B03024,2024-03-02,2024-04-26,C1057,Student,Beach,Agent,Card,Phú Quốc,2,4185000.0,0.1284712703519961,Completed,7295000.0,4.1,False,False
B04021,2025-05-14,2025-07-11,C1057,Family,City Break,Website,Card,Hội An,2,1407000.0,0.0900764605393838,Completed,2561000.0,4.8,True,False
B04228,2025-07-26,2025-08-10,C1057,Family,Cultural,Mobile App,Card,Đà Lạt,2,2941000.0,0.068312212377797,Completed,5480000.0,4.9,True,False
B03027,2024-03-03,2024-04-25,C1058,Young Professional,City Break,Website,Cash,TP.HCM,3,2964000.0,0.0615015009351492,Completed,8345000.0,3.9,False,False
B03028,2024-03-03,2024-04-28,C1059,Family,City Break,Agent,Card,Sa Pa,3,2108000.0,0.0957573027825507,Completed,5718000.0,4.3,False,False
B03031,2024-03-06,2024-05-01,C1060,Family,Beach,Call Center,E-wallet,Hạ Long,3,3711000.0,0.0946767362120953,Completed,10079000.0,4.3,False,False
B03601,2024-10-28,2025-01-13,C1060,Family,Cultural,Agent,Card,Hạ Long,2,2838000.0,0.0581968897111307,Completed,5346000.0,4.0,True,False
B03032,2024-03-07,2024-04-12,C1061,Family,City Break,Website,Cash,TP.HCM,1,2843000.0,0.1368575374783547,Completed,2454000.0,3.0,False,False
B03035,2024-03-07,2024-03-29,C1062,Corporate,City Break,Website,Card,TP.HCM,4,2450000.0,0.1039110074826072,Completed,8782000.0,5.0,False,False
B03514,2024-09-22,2024-11-20,C1062,Student,Foodie,Mobile App,Card,Đà Nẵng,1,2394000.0,0.1046459106428921,Completed,2143000.0,4.0,True,False
B03430,2024-08-18,2024-10-27,C1063,Student,Beach,Mobile App,Card,Phú Quốc,1,3904000.0,0.1082651197542797,Completed,3481000.0,3.9,True,False
B03515,2024-09-22,2024-12-20,C1063,Family,Family,Website,Card,Hà Nội,2,3307000.0,0.0275703934297356,Completed,6432000.0,4.1,True,False
B03038,2024-03-09,2024-04-07,C1064,Young Professional,Foodie,Website,Card,Sa Pa,1,2953000.0,0.0554815016961777,Completed,2789000.0,4.1,False,False
B03205,2024-05-22,2024-06-21,C1064,Student,Adventure,Website,Cash,Hà Nội,1,4977000.0,0.0516012047097355,Completed,4720000.0,4.1,True,False
B03261,2024-06-14,2024-07-16,C1064,Student,Beach,Website,Card,Hạ Long,1,4067000.0,0.1111377348037439,Completed,3615000.0,4.7,True,False
B04242,2025-08-01,2025-09-19,C1064,Corporate,City Break,Website,Bank Transfer,Hạ Long,4,2640000.0,0.0895289816029376,Completed,9615000.0,4.2,True,False
B03039,2024-03-09,2024-03-23,C1065,Young Professional,Beach,Mobile App,E-wallet,Đà Lạt,1,3156000.0,0.0669464442958262,Completed,2945000.0,5.0,False,False
B03044,2024-03-15,2024-06-10,C1067,Corporate,Beach,Website,Bank Transfer,Sa Pa,3,4513000.0,0.1279634663762743,Completed,11807000.0,4.2,False,False
B04055,2025-05-29,2025-06-01,C1067,Young Professional,Beach,Website,Cash,Hạ Long,2,4428000.0,0.1148937953422353,Completed,7839000.0,4.2,True,False
B03047,2024-03-16,2024-04-24,C1068,Student,Beach,Website,,Đà Lạt,1,3478000.0,0.101840944164214,Completed,3124000.0,4.6,False,False
B03388,2024-07-31,2024-08-30,C1068,Corporate,Adventure,Mobile App,Card,Đà Nẵng,1,5672000.0,0.1317777058909187,Completed,4925000.0,4.1,True,False
B03049,2024-03-17,2024-03-20,C1069,Corporate,Beach,Website,Card,Hà Nội,1,4335000.0,0.122562840990406,Completed,3804000.0,4.2,False,False
B04124,2025-06-24,2025-07-20,C1069,Student,Adventure,Mobile App,,Đà Nẵng,2,6382000.0,0.1224192814791394,Completed,11201000.0,4.1,True,False
B03054,2024-03-21,2024-04-21,C1071,Young Professional,Beach,Website,E-wallet,Huế,2,3603000.0,0.0426034154731017,Completed,6899000.0,4.4,False,False
B03056,2024-03-21,2024-06-01,C1072,Student,Beach,Website,Bank Transfer,Đà Nẵng,1,4696000.0,0.1581965215296843,Completed,3953000.0,4.3,False,False
B03175,2024-05-09,2024-06-05,C1072,Family,Adventure,Call Center,Card,Nha Trang,1,5120000.0,0.0576862223529163,Completed,4825000.0,4.1,True,False
B03058,2024-03-22,2024-04-20,C1074,Young Professional,Cultural,Website,Bank Transfer,Sa Pa,1,2454000.0,,Completed,2221000.0,4.4,False,False
B03060,2024-03-23,2024-05-20,C1075,Young Professional,Beach,Website,Cash,Nha Trang,5,4150000.0,0.0802423026745567,Completed,19085000.0,4.2,False,False
B03061,2024-03-23,2024-05-15,C1076,Family,Family,Website,,Hà Nội,2,3262000.0,0.0951077904094576,Completed,5904000.0,4.0,False,False
B03309,2024-07-04,2024-09-17,C1076,Young Professional,Beach,Website,Card,TP.HCM,3,3533000.0,0.148504876980127,Completed,9025000.0,3.8,True,False
B04332,2025-09-05,2025-11-17,C1077,Family,City Break,Agent,Bank Transfer,Nha Trang,2,2518000.0,0.0645999289617152,Completed,4711000.0,4.8,True,False
B03067,2024-03-25,2024-06-22,C1078,Student,Cultural,Website,Card,Hạ Long,3,2739000.0,0.0754619605090344,Completed,7597000.0,4.0,False,False
B03069,2024-03-25,2024-04-23,C1079,Young Professional,Family,Website,Card,TP.HCM,2,3198000.0,0.0952036063531527,Completed,5787000.0,4.7,False,False
B03071,2024-03-26,2024-04-11,C1080,Student,Adventure,Website,Cash,Hội An,2,5048000.0,0.0538598128532764,Completed,9552000.0,4.4,False,False
B04160,2025-07-04,2025-09-02,C1080,Young Professional,Cultural,Mobile App,Card,Phú Quốc,1,2502000.0,0.0892323472123182,Completed,2279000.0,4.2,True,False
B03073,2024-03-27,2024-06-09,C1081,Family,Family,Website,Cash,Sa Pa,5,3466000.0,0.1251970150221583,Completed,15160000.0,4.8,False,False
B03280,2024-06-20,2024-08-03,C1081,Young Professional,Cultural,Mobile App,E-wallet,TP.HCM,2,2509000.0,0.0426787339152863,Completed,4804000.0,4.9,True,False
B04355,2025-09-19,2025-10-23,C1081,Family,Cultural,Mobile App,Cash,TP.HCM,5,2152000.0,0.1231601112911608,Completed,9435000.0,4.2,True,False
B03079,2024-03-30,2024-05-14,C1083,Family,Foodie,Agent,Bank Transfer,Huế,2,2327000.0,0.1356357391170026,Completed,4023000.0,4.2,False,False
B03084,2024-03-31,2024-04-27,C1084,Young Professional,Beach,Website,Card,Huế,2,4070000.0,0.1874266990178388,Completed,6614000.0,4.1,False,False
B03727,2024-12-27,2025-04-08,C1084,Family,City Break,Mobile App,Bank Transfer,Huế,1,2224000.0,0.0116498674755202,Completed,2198000.0,4.1,True,False
B03085,2024-03-31,2024-06-17,C1085,Family,Adventure,Agent,Bank Transfer,TP.HCM,2,5125000.0,,Completed,9134000.0,4.2,False,False
B03087,2024-04-02,2024-05-24,C1086,Corporate,Cultural,Website,E-wallet,Đà Nẵng,1,2741000.0,0.0709338733538783,Completed,2547000.0,4.2,False,False
B03089,2024-04-03,2024-06-02,C1087,Student,Beach,Agent,Bank Transfer,Đà Lạt,3,3302000.0,0.1058698518478555,Completed,8857000.0,3.6,False,False
B03090,2024-04-04,2024-05-17,C1088,Corporate,Beach,Mobile App,Card,Huế,1,3702000.0,0.0805478014227116,Completed,3404000.0,5.0,False,False
B03289,2024-06-24,2024-09-11,C1088,,Cultural,Agent,Card,Đà Lạt,4,2483000.0,,Completed,8741000.0,4.2,True,False
B03095,2024-04-06,2024-05-12,C1089,Young Professional,Family,Website,Card,Phú Quốc,2,3048000.0,0.1139952256375561,Completed,5401000.0,4.7,False,False
B04283,2025-08-21,2025-09-16,C1089,Family,Beach,Website,Bank Transfer,Hạ Long,2,3914000.0,0.0594905123460184,Completed,7362000.0,4.3,True,False
B03098,2024-04-07,2024-05-17,C1090,Corporate,Adventure,Mobile App,Card,Phú Quốc,4,5038000.0,0.0702901196899667,Completed,18736000.0,4.4,False,False
B03389,2024-07-31,2024-10-14,C1091,Family,City Break,Website,Card,Đà Nẵng,2,2448000.0,0.1243408855088995,Completed,4287000.0,3.9,True,False
B03664,2024-11-25,2025-01-11,C1091,Young Professional,Family,Agent,Cash,Hạ Long,1,3466000.0,0.1195754103000563,Completed,3052000.0,4.7,True,False
B03102,2024-04-09,2024-05-26,C1092,Corporate,Beach,Website,Card,Phú Quốc,2,4153000.0,0.1086591321644278,Completed,7403000.0,3.2,False,False
B04177,2025-07-06,2025-08-07,C1092,Young Professional,Adventure,Website,Cash,Sa Pa,2,5329000.0,0.0472916199119707,Completed,10154000.0,4.4,True,False
B04188,2025-07-11,2025-08-14,C1092,,City Break,Mobile App,Cash,Hạ Long,2,2860000.0,0.1228990308498008,Completed,5017000.0,4.0,True,False
B03103,2024-04-09,2024-05-24,C1093,Corporate,Beach,Website,Card,Phú Quốc,1,3908000.0,0.1120008053087203,Completed,3470000.0,3.9,False,False
B03346,2024-07-17,2024-08-24,C1093,Family,City Break,Mobile App,Card,Huế,4,2074000.0,0.0400996589668556,Completed,7963000.0,4.5,True,False
B03934,2025-04-09,2025-06-08,C1093,Student,Cultural,Website,Card,Phú Quốc,2,2768000.0,0.0745797578441745,Completed,5123000.0,4.6,True,False
B04297,2025-08-24,2025-10-28,C1093,Student,Beach,Website,Bank Transfer,Hạ Long,1,4079000.0,0.0756727198670416,Completed,3770000.0,4.2,True,False
B03107,2024-04-12,2024-05-03,C1094,Student,Foodie,Website,E-wallet,Đà Nẵng,4,2498000.0,0.0701037506991655,Completed,9292000.0,4.5,False,False
B03111,2024-04-13,2024-06-06,C1095,Family,Cultural,,Card,Sa Pa,2,2602000.0,0.1258126168752167,Completed,4549000.0,3.6,False,False
B03432,2024-08-18,2024-10-10,C1096,Young Professional,Cultural,Agent,Cash,Đà Nẵng,1,2818000.0,0.1602611523478701,Completed,2366000.0,4.3,True,False
B03125,2024-04-20,2024-07-22,C1097,Young Professional,Foodie,Mobile App,Cash,TP.HCM,2,2636000.0,0.1399104541178395,Completed,4534000.0,4.6,False,False
B03781,2025-01-24,2025-03-01,C1097,,Adventure,Mobile App,Card,Hội An,1,4551000.0,0.1099903375764116,Completed,4050000.0,3.7,True,False
B03134,2024-04-22,2024-06-04,C1098,Young Professional,Cultural,Mobile App,Card,Nha Trang,3,3611000.0,0.0556802781235587,Completed,10230000.0,3.5,False,False
B03137,2024-04-23,2024-06-17,C1099,Student,Adventure,Website,Bank Transfer,Phú Quốc,1,5415000.0,0.0984239011065647,Completed,4882000.0,4.8,False,False
B03407,2024-08-08,2024-09-25,C1099,Young Professional,Family,Website,Bank Transfer,Huế,1,2938000.0,0.1812468982173801,Completed,2405000.0,4.2,True,False
B03141,2024-04-25,2024-05-20,C1100,Family,Beach,Website,E-wallet,Đà Nẵng,1,4799000.0,0.0904610892965937,Completed,4365000.0,3.7,False,False
B03518,2024-09-24,2024-11-09,C1100,,Cultural,Mobile App,Bank Transfer,Hạ Long,1,2586000.0,0.0799124730936039,Completed,2379000.0,5.0,True,False
B03669,2024-11-26,2025-01-23,C1100,Student,Beach,Website,Card,Hà Nội,1,4275000.0,0.1081834576516621,Completed,3813000.0,4.5,True,False
B03210,2024-05-24,2024-07-15,C1101,Family,Adventure,Website,,Hà Nội,1,4576000.0,0.159501618198851,Completed,3846000.0,4.4,True,False
B03142,2024-04-26,2024-08-07,C1101,Student,Adventure,Website,Card,Nha Trang,2,4962000.0,0.075765679215883,Completed,9172000.0,4.8,False,False
B03148,2024-04-29,2024-05-29,C1102,Young Professional,Cultural,Mobile App,Card,Hạ Long,3,2608000.0,0.1192543333942704,Completed,6891000.0,4.2,False,False
B03149,2024-04-29,2024-06-09,C1103,Young Professional,Beach,Mobile App,Card,TP.HCM,1,3974000.0,0.0636254579039417,Completed,3721000.0,4.4,False,False
B03150,2024-04-30,2024-07-09,C1104,Young Professional,Cultural,Call Center,Card,Hạ Long,2,2784000.0,0.1237429568769798,Completed,4879000.0,4.6,False,False
B03503,2024-09-15,2024-11-24,C1104,Young Professional,Cultural,Mobile App,Card,Hội An,2,2894000.0,0.0928512112251807,Completed,5251000.0,4.1,True,False
B03152,2024-05-01,2024-06-23,C1105,,Adventure,Mobile App,Card,Đà Nẵng,1,5857000.0,0.0990603722960594,Completed,5277000.0,4.5,False,False
B03153,2024-05-02,2024-08-02,C1106,Family,Beach,Website,Bank Transfer,Đà Nẵng,1,4537000.0,0.146487325097426,Completed,3872000.0,4.2,False,False
B04030,2025-05-18,2025-06-15,C1106,Family,Family,Agent,E-wallet,Huế,1,3676000.0,0.0641672649182525,Completed,3440000.0,3.8,True,False
B04246,2025-08-03,2025-10-13,C1106,Student,Beach,Website,Card,Đà Nẵng,2,4404000.0,0.1748527018634702,Completed,7268000.0,4.5,True,False
B03159,2024-05-04,2024-06-15,C1107,Family,Cultural,Agent,Bank Transfer,Phú Quốc,1,2825000.0,0.0969042968899927,Completed,2551000.0,3.0,False,False
B04234,2025-07-27,2025-09-26,C1107,Student,Cultural,Agent,,Huế,1,2292000.0,0.1455804443448863,Completed,1958000.0,4.1,True,False
B03166,2024-05-06,2024-06-12,C1109,Young Professional,Cultural,Website,E-wallet,Huế,3,2388000.0,0.0447197317358791,Completed,6844000.0,4.0,False,False
B03168,2024-05-07,2024-07-25,C1110,Young Professional,Family,Website,Cash,Hạ Long,2,4105000.0,0.1230289183296691,Completed,7200000.0,4.2,False,False
B03753,2025-01-06,2025-02-09,C1110,Family,Beach,Website,Card,Hội An,3,4277000.0,0.0637781878377231,Completed,12013000.0,4.0,True,False
B03171,2024-05-08,2024-05-30,C1111,Young Professional,Beach,Website,Card,Huế,1,3499000.0,0.0659146692113273,Completed,3268000.0,3.7,False,False
B03172,2024-05-08,2024-06-17,C1112,Family,Foodie,Website,Card,Nha Trang,2,2606000.0,0.0536357848992181,Completed,4932000.0,4.1,False,False
B03467,2024-09-02,2024-12-15,C1112,Young Professional,Cultural,Website,Cash,TP.HCM,3,2460000.0,0.1109753335812755,Completed,6561000.0,3.7,True,False
B03173,2024-05-08,2024-07-25,C1113,Student,Family,Agent,Card,Phú Quốc,1,3697000.0,0.0959765624386456,Completed,3342000.0,3.6,False,False
B03174,2024-05-09,2024-06-01,C1114,Family,Adventure,Website,Card,Đà Nẵng,1,5663000.0,0.0037422081237755,Completed,5642000.0,3.4,False,False
B03182,2024-05-12,2024-06-13,C1115,Student,Cultural,Call Center,Bank Transfer,Đà Nẵng,2,2936000.0,0.091353016153052,Completed,5336000.0,4.2,False,False
B03183,2024-05-12,2024-06-26,C1116,Young Professional,Beach,Website,E-wallet,Hạ Long,4,4591000.0,0.1222958715511929,Completed,16118000.0,4.3,False,False
B04005,2025-05-07,2025-06-26,C1116,Student,City Break,Agent,Card,Sa Pa,1,2223000.0,0.1378509726923872,Completed,1917000.0,4.3,True,False
B03193,2024-05-17,2024-06-16,C1119,Family,Cultural,Mobile App,Card,Nha Trang,2,3380000.0,0.0801363992080069,Completed,6218000.0,4.2,False,False
B03635,2024-11-11,2025-01-05,C1119,Young Professional,Cultural,Agent,Card,TP.HCM,3,2292000.0,0.036907761967114,Completed,6622000.0,4.7,True,False
B03195,2024-05-18,2024-06-13,C1121,Student,Beach,Website,Card,Hạ Long,1,4022000.0,0.0137290910387828,Completed,3967000.0,4.6,False,False
B03611,2024-11-03,2025-01-10,C1121,Family,Beach,Website,Bank Transfer,Đà Nẵng,3,4283000.0,0.0628802650137327,Completed,12041000.0,3.9,True,False
B03196,2024-05-18,2024-07-11,C1122,Young Professional,Family,Call Center,Bank Transfer,Huế,1,3213000.0,0.126806642261206,Completed,2806000.0,3.4,False,False
B03199,2024-05-19,2024-06-16,C1123,Family,Beach,Mobile App,Bank Transfer,Đà Nẵng,3,4586000.0,0.1434183944739236,Completed,11785000.0,4.5,False,False
B03200,2024-05-19,2024-07-10,C1124,Family,City Break,Agent,Card,Sa Pa,4,2305000.0,0.0777261247988478,Completed,8503000.0,4.9,False,False
B03924,2025-04-04,2025-04-28,C1124,Young Professional,Beach,Website,,Hội An,3,4283000.0,0.0398064612224441,Completed,12338000.0,4.4,True,False
B03201,2024-05-19,2024-06-11,C1125,Student,Foodie,Website,Card,Sa Pa,3,2829000.0,0.1102129932014693,Completed,0.0,,False,False
B03203,2024-05-20,2024-08-15,C1126,Young Professional,City Break,Agent,Card,Đà Nẵng,1,2710000.0,0.0589560468702722,Completed,2550000.0,4.0,False,False
B03384,2024-07-31,2024-10-21,C1126,Family,Family,Agent,Card,Đà Lạt,1,3040000.0,0.1143986959102765,Completed,2692000.0,3.7,True,False
B04106,2025-06-14,2025-08-19,C1126,Family,Cultural,Agent,Bank Transfer,Đà Nẵng,2,2840000.0,0.1098809261274488,Completed,5056000.0,4.7,True,False
B03206,2024-05-22,2024-07-26,C1127,Student,Family,Agent,Bank Transfer,Huế,1,3294000.0,0.0908981505618954,Completed,2995000.0,4.2,False,False
B03306,2024-07-03,2024-09-17,C1127,Family,Adventure,Website,Card,Sa Pa,1,4889000.0,0.1082693654376743,Completed,4360000.0,4.2,True,False
B03646,2024-11-16,2024-11-30,C1127,Corporate,Cultural,Website,Card,Phú Quốc,1,2693000.0,0.0538139964100127,Completed,2548000.0,3.9,True,False
B03827,2025-02-14,2025-02-14,C1127,Family,Foodie,Website,Bank Transfer,Huế,1,2823000.0,0.0406396671301143,Completed,2708000.0,4.2,True,False
B04059,2025-05-30,2025-08-12,C1127,Corporate,City Break,Agent,Card,TP.HCM,3,2874000.0,0.0380860956753991,Completed,8294000.0,4.6,True,False
B03216,2024-05-29,2024-08-18,C1128,Young Professional,Beach,Website,Bank Transfer,Nha Trang,2,4827000.0,0.106479924155528,Completed,8626000.0,4.0,False,False
B03220,2024-05-30,2024-07-01,C1129,Student,Foodie,Mobile App,Bank Transfer,Phú Quốc,2,2897000.0,0.090942337796275,Completed,5267000.0,4.3,False,False
B03562,2024-10-12,2024-11-28,C1129,Student,Adventure,Mobile App,Card,Hà Nội,1,4778000.0,0.1120824108376835,Completed,4242000.0,4.0,True,False
B03221,2024-05-31,2024-08-19,C1130,Student,Foodie,Agent,E-wallet,Phú Quốc,1,2829000.0,0.0878999440195594,Completed,2580000.0,3.7,False,False
B03222,2024-05-31,2024-07-14,C1131,Young Professional,Adventure,Website,E-wallet,Hạ Long,5,6240000.0,0.0554056145294189,Completed,29471000.0,3.7,False,False
B03225,2024-06-01,2024-07-29,C1132,Family,Foodie,Website,,Đà Nẵng,2,2756000.0,0.0992680660686865,Completed,4965000.0,3.9,False,False
B03228,2024-06-02,2024-08-23,C1133,Family,Family,Agent,Bank Transfer,Huế,3,3166000.0,0.05414058196205,Completed,8984000.0,3.6,False,False
B03229,2024-06-03,2024-08-29,C1134,Student,Cultural,Website,Card,TP.HCM,4,2538000.0,0.0806746177805629,Completed,9333000.0,4.2,False,False
B03908,2025-03-26,2025-03-27,C1134,Young Professional,Adventure,Website,Card,Sa Pa,1,4414000.0,0.1177170863313612,Completed,3894000.0,4.2,True,False
B04314,2025-09-02,2025-11-03,C1134,Young Professional,Beach,Website,Card,Nha Trang,4,4339000.0,0.1591799233354378,Completed,14593000.0,4.4,True,False
B04230,2025-07-26,2025-07-26,C1135,Family,Beach,Agent,Card,Nha Trang,2,4561000.0,0.0646082091890033,Completed,8533000.0,3.9,True,False
B03238,2024-06-05,2024-07-23,C1137,Young Professional,City Break,Website,Cash,TP.HCM,3,2752000.0,0.0956023582695969,Completed,7467000.0,5.0,False,False
B03462,2024-08-31,2024-10-24,C1137,Student,City Break,Website,Bank Transfer,Đà Nẵng,3,2585000.0,0.0264466667217438,Completed,7550000.0,4.6,True,False
B03240,2024-06-06,2024-06-30,C1138,Corporate,Beach,,Card,Hội An,1,4023000.0,0.1210987782101553,Completed,3536000.0,3.7,False,False
B03251,2024-06-09,2024-08-11,C1140,Young Professional,Beach,Agent,Card,Huế,3,3641000.0,0.1013538949001792,Completed,9816000.0,4.7,False,False
B03982,2025-05-01,2025-06-06,C1141,Family,Beach,Agent,E-wallet,Hội An,1,4391000.0,0.0907464469314554,Completed,3993000.0,4.3,True,False
B03254,2024-06-10,2024-06-10,C1143,Student,Family,,Card,Phú Quốc,2,3383000.0,0.0236435191441715,Completed,6606000.0,4.0,False,False
B03256,2024-06-11,2024-08-05,C1144,Corporate,Cultural,Agent,Cash,Huế,3,2535000.0,0.1073619910080958,Completed,6789000.0,4.4,False,False
B03258,2024-06-11,2024-07-16,C1145,Student,Family,Mobile App,Cash,Đà Nẵng,4,3588000.0,0.0579468165083215,Completed,13520000.0,4.4,False,False
B03259,2024-06-12,2024-09-04,C1146,Young Professional,Adventure,Agent,E-wallet,Đà Lạt,2,4251000.0,0.1537337148836536,Completed,7195000.0,4.3,False,False
B03260,2024-06-12,2024-07-23,C1147,Corporate,City Break,Mobile App,Card,Đà Nẵng,1,2712000.0,0.0719975729363484,Completed,2517000.0,4.9,False,False
B03647,2024-11-16,2024-12-19,C1147,Young Professional,Adventure,Mobile App,Card,Nha Trang,4,5488000.0,0.1451699913867994,Completed,18765000.0,3.3,True,False
B03262,2024-06-14,2024-07-31,C1148,Corporate,City Break,Mobile App,Card,TP.HCM,2,3044000.0,0.1124174625597215,Completed,5404000.0,3.8,False,False
B03263,2024-06-14,2024-07-19,C1149,Young Professional,Cultural,Website,Card,Nha Trang,1,3222000.0,0.0879363152173339,Completed,2939000.0,3.9,False,False
B03269,2024-06-17,2024-08-11,C1150,Young Professional,Beach,Website,Card,Huế,1,3857000.0,0.087993155290042,Completed,3518000.0,3.8,False,False
B03444,2024-08-24,2024-10-29,C1150,Student,Foodie,Website,Card,Đà Lạt,3,2310000.0,0.1054813818124857,Completed,6199000.0,4.9,True,False
B03960,2025-04-21,2025-06-10,C1150,Corporate,Foodie,Call Center,Card,Sa Pa,1,2979000.0,0.0854280961902728,Completed,2725000.0,4.8,True,False
B03270,2024-06-17,2024-06-17,C1151,Family,Cultural,Website,Card,Hạ Long,3,2898000.0,0.1576527972999497,Completed,7323000.0,4.8,False,False
B03355,2024-07-19,2024-09-02,C1152,Student,Cultural,Website,Card,Nha Trang,1,3243000.0,0.1184790069154756,Completed,2859000.0,4.6,True,False
B03281,2024-06-20,2024-07-02,C1154,Corporate,Beach,Mobile App,Card,Đà Nẵng,2,5081000.0,0.078689947310496,Completed,9362000.0,4.4,False,False
B03282,2024-06-21,2024-07-09,C1155,Family,Adventure,Agent,Bank Transfer,Huế,1,5245000.0,0.0602665804481096,Completed,4929000.0,3.8,False,False
B03452,2024-08-28,2024-09-21,C1155,Family,Adventure,Website,Card,TP.HCM,2,5295000.0,0.1066922440047398,Completed,9460000.0,4.1,True,False
B03285,2024-06-22,2024-07-31,C1156,Family,Cultural,Website,Cash,Nha Trang,2,3608000.0,0.0799786794313079,Completed,6639000.0,4.4,False,False
B03287,2024-06-22,2024-08-25,C1157,Young Professional,Family,Agent,Card,Huế,5,3365000.0,0.0920161034586649,Completed,15277000.0,4.2,False,False
B03296,2024-06-27,2024-07-22,C1159,Young Professional,Adventure,Mobile App,Card,Phú Quốc,1,5490000.0,0.0878876846426516,Completed,5007000.0,4.3,False,False
B04216,2025-07-23,2025-09-15,C1159,,Adventure,Website,Bank Transfer,Hạ Long,1,5930000.0,0.1502723429100408,Completed,5039000.0,5.0,True,False
B03645,2024-11-16,2024-12-19,C1160,Young Professional,Cultural,Website,,Hạ Long,3,3072000.0,0.0672038835941807,Completed,8597000.0,3.7,True,False
B03305,2024-07-03,2024-08-29,C1161,Family,City Break,Agent,Bank Transfer,Hà Nội,1,2756000.0,0.1777212304715694,Completed,2266000.0,4.9,False,False
B03307,2024-07-03,2024-08-05,C1162,Family,Cultural,Agent,Card,Đà Nẵng,3,2771000.0,0.0255933180710405,Completed,8100000.0,4.6,False,False
B03311,2024-07-05,2024-08-16,C1163,Corporate,Cultural,Website,Card,Sa Pa,3,2582000.0,0.1115405462147024,Completed,6882000.0,4.2,False,False
B04304,2025-08-28,2025-10-03,C1163,Corporate,Cultural,Agent,Bank Transfer,Hà Nội,2,2594000.0,0.1553001059420794,Completed,4382000.0,4.4,True,False
B03312,2024-07-05,2024-10-06,C1164,Young Professional,Beach,Website,Card,Nha Trang,1,4485000.0,0.126727494879269,Completed,3917000.0,4.2,False,False
B03314,2024-07-06,2024-08-31,C1165,Corporate,Cultural,Website,E-wallet,Nha Trang,4,3289000.0,0.068728150844721,Completed,12252000.0,4.2,False,False
B04243,2025-08-02,2025-10-13,C1165,Young Professional,Foodie,Agent,Card,Hạ Long,2,2554000.0,0.0636543120134615,Completed,4783000.0,4.6,True,False
B03317,2024-07-08,2024-08-17,C1166,Student,Foodie,Website,Card,Nha Trang,2,2645000.0,0.0037951233703649,Completed,5270000.0,4.4,False,False
B03319,2024-07-10,2024-10-08,C1167,Young Professional,Family,Website,Cash,Hà Nội,3,2979000.0,0.0737102239614683,Completed,8278000.0,3.8,False,False
B03321,2024-07-10,2024-08-24,C1168,Family,Beach,,Bank Transfer,Nha Trang,1,4143000.0,0.1438020983050444,Completed,3547000.0,4.0,False,False
B03628,2024-11-09,2025-02-08,C1168,Young Professional,Adventure,Mobile App,Card,Sa Pa,4,5294000.0,0.0658441665059259,Completed,19782000.0,4.2,True,False
B03327,2024-07-12,2024-09-15,C1169,Family,Beach,Website,Card,Hà Nội,2,4429000.0,0.1530308303332415,Completed,7502000.0,4.0,False,False
B03330,2024-07-13,2024-09-08,C1170,Family,Cultural,Mobile App,Card,Đà Nẵng,2,2574000.0,0.0817531814790525,Completed,4727000.0,3.5,False,False
B03655,2024-11-19,2024-12-15,C1171,Family,Foodie,Agent,Card,Đà Nẵng,2,2640000.0,0.1386876539778126,Completed,4548000.0,4.4,True,False
B04136,2025-06-27,2025-07-16,C1171,Family,Foodie,,Card,Hạ Long,1,2445000.0,0.0686931657618277,Completed,2277000.0,4.7,True,False
B03335,2024-07-13,2024-08-24,C1173,Family,Beach,Website,E-wallet,Phú Quốc,2,4483000.0,0.1326510166644056,Completed,7777000.0,3.8,False,False
B03336,2024-07-14,2024-09-14,C1174,Student,Beach,Website,Card,Hội An,1,4300000.0,0.0731509444290435,Completed,3985000.0,4.4,False,False
B03604,2024-10-30,2025-02-26,C1174,Student,Foodie,Mobile App,Bank Transfer,Nha Trang,2,2790000.0,0.0598749195673696,Completed,5246000.0,4.4,True,False
B03339,2024-07-15,2024-09-28,C1175,Young Professional,Adventure,Website,E-wallet,Nha Trang,1,4781000.0,0.1598508229500355,Completed,4017000.0,4.6,False,False
B03347,2024-07-17,2024-09-07,C1176,Family,City Break,Website,Card,Hội An,1,1306000.0,0.1453252682891864,Completed,1116000.0,4.4,False,False
B03348,2024-07-17,2024-09-23,C1177,Young Professional,Cultural,Mobile App,Card,Hà Nội,3,2507000.0,0.1088983473450674,Completed,6702000.0,3.9,False,False
B03556,2024-10-09,2024-11-10,C1179,Student,Adventure,Website,Bank Transfer,Huế,1,4708000.0,0.1025038943680524,Completed,4225000.0,3.9,True,False
B03704,2024-12-15,2025-01-21,C1179,Family,Family,Agent,Card,Nha Trang,1,3526000.0,0.0941280096574765,Completed,3194000.0,4.9,True,False
B03352,2024-07-18,2024-09-23,C1180,Family,Foodie,Agent,Card,Hội An,1,2081000.0,0.0969724134837541,Completed,1879000.0,4.4,False,False
B03893,2025-03-16,2025-06-16,C1180,Student,Beach,Agent,Card,Hà Nội,3,4339000.0,0.0871737324596325,Completed,11882000.0,4.1,True,False
B03356,2024-07-19,2024-08-22,C1181,Corporate,Cultural,Website,Bank Transfer,Hội An,1,2913000.0,0.1006085936477308,Completed,2620000.0,3.9,False,False
B04013,2025-05-11,2025-07-17,C1181,Student,Family,Website,Cash,Sa Pa,2,3347000.0,0.0871096949735135,Completed,6111000.0,4.2,True,False
B03361,2024-07-21,2024-08-30,C1182,Student,Foodie,Agent,Cash,Sa Pa,1,2599000.0,0.127053169730868,Completed,2269000.0,3.3,False,False
B03365,2024-07-22,2024-10-09,C1183,Family,Family,Website,Card,Hạ Long,2,3445000.0,0.0573414700160126,Completed,6495000.0,4.7,False,False
B03366,2024-07-23,2024-08-20,C1184,Corporate,Adventure,Website,Bank Transfer,Nha Trang,1,4866000.0,0.11645697553301,Completed,4299000.0,4.0,False,False
B03369,2024-07-23,2024-09-29,C1185,Young Professional,Beach,Website,Cash,Phú Quốc,2,3905000.0,0.1263751447356201,Completed,6823000.0,4.5,False,False
B03538,2024-09-30,2024-11-12,C1185,Young Professional,Family,Agent,Card,Đà Lạt,4,2926000.0,0.0179480483413147,Completed,11494000.0,4.2,True,False
B03370,2024-07-24,2024-10-01,C1186,Young Professional,Adventure,Mobile App,Bank Transfer,Hội An,2,4562000.0,0.1372062731304166,Completed,7872000.0,4.3,False,False
B03671,2024-11-27,2024-12-05,C1186,Young Professional,Foodie,Agent,Card,Hà Nội,3,2222000.0,0.1298637477504881,Completed,5800000.0,4.5,True,False
B03371,2024-07-24,2024-10-01,C1187,Young Professional,Adventure,Mobile App,E-wallet,Nha Trang,4,4897000.0,0.0892758154731929,Completed,17839000.0,4.3,False,False
B03820,2025-02-10,2025-04-30,C1187,,Cultural,Website,Card,Sa Pa,3,2534000.0,0.0951058111654469,Completed,6879000.0,4.1,True,False
B03372,2024-07-25,2024-09-25,C1188,Young Professional,Adventure,Agent,Card,Hạ Long,2,5712000.0,0.1150367411109371,Completed,10110000.0,4.4,False,False
B03376,2024-07-27,2024-09-12,C1189,Student,Adventure,Mobile App,E-wallet,Phú Quốc,2,5436000.0,0.1216412872326221,Completed,9550000.0,4.5,False,False
B03378,2024-07-28,2024-09-04,C1190,Young Professional,Beach,Mobile App,Card,Sa Pa,2,3632000.0,0.1535879513435347,Completed,6148000.0,4.0,False,False
B03383,2024-07-30,2024-09-21,C1192,Corporate,Cultural,Mobile App,,Hạ Long,2,2588000.0,0.1607913959688779,Completed,4344000.0,4.8,False,False
B03851,2025-02-25,2025-03-26,C1192,Student,Adventure,Agent,Cash,Hạ Long,2,5504000.0,0.1176697401279595,Completed,9713000.0,4.1,True,False
B03385,2024-07-31,2024-09-14,C1193,Family,Family,Mobile App,Bank Transfer,TP.HCM,1,3571000.0,0.0208369380310022,Completed,3497000.0,4.8,False,False
B03578,2024-10-20,2024-10-28,C1193,Student,Beach,Call Center,Card,Hội An,2,4068000.0,0.0717750822902967,Completed,7552000.0,3.4,True,False
B03386,2024-07-31,2024-11-09,C1194,Student,Beach,Agent,Cash,TP.HCM,2,3829000.0,0.0911791372913474,Completed,6960000.0,5.0,False,False
B03392,2024-08-02,2024-10-22,C1195,Family,Adventure,Website,Card,Phú Quốc,1,5185000.0,,Completed,4656000.0,4.8,False,False
B03399,2024-08-03,2024-10-16,C1197,Student,Foodie,Mobile App,Card,Sa Pa,2,2760000.0,0.0480479552386354,Completed,5255000.0,4.2,False,False
B03401,2024-08-04,2024-09-04,C1198,Family,Foodie,Website,Card,TP.HCM,1,2485000.0,0.0793827098433056,Completed,2288000.0,3.7,False,False
B03828,2025-02-14,2025-03-21,C1198,Family,Beach,Agent,Card,Nha Trang,1,4545000.0,0.0269119033981837,Completed,4423000.0,4.3,True,False
B03403,2024-08-04,2024-10-16,C1199,,Foodie,Mobile App,Card,Đà Nẵng,1,2746000.0,0.2100289700738225,Completed,2169000.0,4.2,False,False
B03404,2024-08-05,2024-10-09,C1200,Student,Cultural,,Bank Transfer,Sa Pa,1,2397000.0,0.1173071597828387,Completed,2116000.0,5.0,False,False
B03947,2025-04-16,2025-04-26,C1200,Young Professional,Family,Website,Bank Transfer,Đà Nẵng,2,3773000.0,0.1387887922541946,Completed,6499000.0,4.4,True,False
B03406,2024-08-06,2024-08-25,C1201,Family,Beach,Agent,Card,Phú Quốc,3,4334000.0,0.0205007548426879,Completed,12735000.0,4.0,False,False
B04146,2025-06-29,2025-08-04,C1201,Student,Family,Website,Card,Sa Pa,4,3506000.0,0.0838954406498627,Completed,12847000.0,4.2,True,False
B03408,2024-08-08,2024-09-03,C1202,Young Professional,Beach,Website,,Nha Trang,2,4308000.0,0.0989196384056735,Completed,7764000.0,4.0,False,False
B03411,2024-08-11,2024-10-26,C1203,Corporate,City Break,Website,Card,Hà Nội,2,2520000.0,0.0807408374993631,Completed,4633000.0,4.0,False,False
B03412,2024-08-11,2024-11-04,C1204,Family,Beach,Mobile App,Cash,Hà Nội,1,3952000.0,0.065654758545962,Completed,3693000.0,4.4,False,False
B03414,2024-08-11,2024-09-27,C1205,Young Professional,Beach,Agent,Card,Phú Quốc,3,4068000.0,0.020265909035834,Completed,11957000.0,3.6,False,False
B03417,2024-08-13,2024-10-20,C1206,Family,Family,Mobile App,Card,Đà Nẵng,1,3547000.0,0.1282403052619044,Completed,3092000.0,3.8,False,False
B04319,2025-09-02,2025-12-04,C1206,Student,Family,Agent,Card,Hội An,3,2859000.0,0.0790885311963018,Completed,7899000.0,3.4,True,False
B03418,2024-08-13,2024-10-16,C1207,Family,Family,Mobile App,E-wallet,Nha Trang,3,3389000.0,0.0620018056677404,Completed,9537000.0,4.9,False,False
B03423,2024-08-15,2024-10-07,C1208,Young Professional,Adventure,Website,Card,Phú Quốc,4,5150000.0,0.125534450557074,Completed,18014000.0,4.0,False,False
B03424,2024-08-15,2024-10-27,C1209,Student,Beach,Website,Card,Huế,2,3550000.0,0.1174071274062923,Completed,6266000.0,3.9,False,False
B03582,2024-10-21,2025-01-10,C1209,Young Professional,Beach,Call Center,Card,Nha Trang,2,4216000.0,,Completed,7843000.0,3.5,True,False
B03798,2025-02-02,2025-02-09,C1209,Young Professional,Beach,Website,Card,Phú Quốc,1,4350000.0,0.1077735518620515,Completed,3881000.0,3.4,True,False
B03425,2024-08-16,2024-11-09,C1210,Family,Family,Website,Card,Đà Nẵng,2,3457000.0,0.1254123532651489,Completed,6047000.0,3.4,False,False
B03434,2024-08-20,2024-09-13,C1211,Young Professional,Cultural,Website,Card,Phú Quốc,3,2533000.0,0.0562145547358525,Completed,7172000.0,3.8,False,False
B03436,2024-08-21,2024-08-31,C1212,Corporate,Family,,Card,Huế,1,3228000.0,0.1257214841720348,Completed,2822000.0,4.6,False,False
B03438,2024-08-22,2024-09-04,C1213,Corporate,Family,Mobile App,Card,Hạ Long,4,3694000.0,0.1029403902337489,Completed,13255000.0,4.9,False,False
B03439,2024-08-23,2024-09-30,C1214,Student,Beach,Mobile App,Card,Hạ Long,1,3759000.0,0.1804904764313362,Completed,3081000.0,4.5,False,False
B04094,2025-06-10,2025-07-22,C1214,Student,Beach,Mobile App,Card,Phú Quốc,1,4039000.0,0.0574235799698189,Completed,3807000.0,3.7,True,False
B03442,2024-08-23,2024-11-22,C1215,Family,City Break,Website,Card,TP.HCM,2,2444000.0,0.1240622340557244,Completed,4282000.0,4.6,False,False
B03446,2024-08-26,2024-09-19,C1216,Young Professional,Cultural,Mobile App,Card,Nha Trang,2,3211000.0,0.1201188860614772,Completed,5651000.0,3.6,False,False
B03448,2024-08-27,2024-09-25,C1217,Family,Foodie,Agent,Bank Transfer,Nha Trang,2,2498000.0,0.1187867910074501,Completed,4403000.0,5.0,False,False
B03692,2024-12-10,2025-02-04,C1217,Student,Family,Website,Bank Transfer,Phú Quốc,1,3648000.0,0.0505094781723823,Completed,3464000.0,3.5,True,False
B03449,2024-08-27,2024-10-18,C1218,Student,City Break,Mobile App,Card,Phú Quốc,3,2165000.0,0.1630497201751876,Completed,5436000.0,3.7,False,False
B03702,2024-12-15,2025-02-06,C1219,Family,City Break,,Card,Huế,3,2083000.0,0.0486066370261091,Completed,5945000.0,4.0,True,False
B03457,2024-08-30,2024-11-01,C1220,Corporate,Beach,Agent,Card,Đà Nẵng,1,4344000.0,0.0408195707627341,Completed,4167000.0,4.9,False,False
B03464,2024-09-01,2024-09-21,C1222,Family,Cultural,Website,Card,Hạ Long,1,2661000.0,0.0973524990887976,Completed,2402000.0,4.5,False,False
B03466,2024-09-02,2024-11-12,C1223,Student,Beach,Agent,Card,Phú Quốc,1,3942000.0,0.0836961990432041,Completed,3612000.0,4.1,False,False
B03839,2025-02-17,2025-04-24,C1223,Young Professional,Adventure,Mobile App,Bank Transfer,Hạ Long,1,6231000.0,0.1110070561364579,Completed,5539000.0,4.4,True,False
B03468,2024-09-03,2024-12-02,C1224,Family,Cultural,Website,Bank Transfer,Phú Quốc,1,2667000.0,0.0419194044787359,Completed,2555000.0,3.6,False,False
B03473,2024-09-05,2024-10-04,C1225,Young Professional,Cultural,Website,E-wallet,Hội An,1,2493000.0,0.1074575086028861,Completed,2225000.0,4.0,False,False
B03476,2024-09-05,2024-10-05,C1226,Young Professional,Cultural,Website,,Hà Nội,2,2409000.0,0.1446958432641112,Completed,4121000.0,4.4,False,False
B03478,2024-09-06,2024-09-06,C1228,Family,Family,Website,Cash,Phú Quốc,5,3368000.0,0.1503042570899597,Completed,14309000.0,4.2,False,False
B03479,2024-09-06,2024-10-14,C1229,Family,City Break,Website,Card,Huế,3,1817000.0,0.1121186565480105,Completed,4840000.0,4.3,False,False
B03485,2024-09-09,2024-11-20,C1230,Corporate,Foodie,Website,Card,Đà Nẵng,2,2611000.0,0.1336326256906703,Completed,4524000.0,4.2,False,False
B03489,2024-09-10,2024-11-11,C1231,Corporate,Beach,Mobile App,Card,Nha Trang,1,4353000.0,0.0986578568989071,Completed,3924000.0,4.0,False,False
B03490,2024-09-10,2024-11-02,C1232,Young Professional,Adventure,Mobile App,Card,Hội An,2,4691000.0,0.0,Completed,9382000.0,4.3,False,False
B03494,2024-09-11,2024-11-05,C1233,Family,Adventure,Website,Card,Hạ Long,3,5956000.0,0.1505136929843981,Completed,15179000.0,4.5,False,False
B03498,2024-09-14,2024-11-09,C1234,Young Professional,Foodie,Website,Card,Hà Nội,2,1915000.0,0.1250910032468074,Completed,3351000.0,4.0,False,False
B03507,2024-09-16,2024-11-29,C1235,Family,Beach,Website,Card,Hà Nội,1,4046000.0,0.1345369366871597,Completed,3502000.0,4.5,False,False
B03508,2024-09-17,2024-10-20,C1236,,City Break,Website,Cash,Đà Nẵng,4,2578000.0,0.0373295543467164,Completed,9927000.0,4.1,False,False
B03516,2024-09-22,2024-11-09,C1237,Family,Beach,Mobile App,Cash,Hạ Long,1,4172000.0,0.0763658255722665,Completed,3853000.0,4.1,False,False
B03517,2024-09-24,2024-11-15,C1238,Corporate,Family,Website,Card,Nha Trang,2,3530000.0,0.1003271908098603,Completed,6352000.0,4.2,False,False
B03520,2024-09-25,2024-12-04,C1240,Student,Cultural,Website,Card,Sa Pa,1,2424000.0,0.1188204204103434,Completed,2136000.0,4.5,False,False
B03521,2024-09-25,2024-10-04,C1241,Young Professional,Cultural,Website,Bank Transfer,Phú Quốc,1,2359000.0,0.1356455656901116,Completed,2039000.0,4.2,False,False
B03525,2024-09-26,2024-11-06,C1242,Student,Adventure,Website,Card,Huế,1,4644000.0,0.1634381184703147,Completed,3885000.0,4.1,False,False
B03529,2024-09-27,2024-10-27,C1243,Family,Family,Website,Card,Nha Trang,1,3341000.0,0.0320455408362189,Completed,3234000.0,4.5,False,False
B03599,2024-10-27,2024-11-17,C1243,Corporate,Cultural,Website,Card,Hạ Long,1,2679000.0,0.1111456126725448,Completed,2381000.0,4.7,True,False
B03530,2024-09-27,2024-10-18,C1244,Corporate,Family,Website,Bank Transfer,Đà Lạt,4,3011000.0,,Completed,11544000.0,4.5,False,False
B03531,2024-09-27,2024-10-24,C1245,Young Professional,Cultural,Website,Card,Hội An,2,2766000.0,0.0909214713519161,Completed,5029000.0,4.8,False,False
B03832,2025-02-16,2025-03-16,C1245,Young Professional,Foodie,Agent,Cash,Phú Quốc,2,2561000.0,0.0870655519115531,Completed,4676000.0,4.1,True,False
B03532,2024-09-27,2024-11-14,C1246,Young Professional,Cultural,Website,Cash,Đà Lạt,1,2533000.0,0.1013091548476895,Completed,2276000.0,4.0,False,False
B03534,2024-09-28,2024-11-18,C1247,Family,City Break,Agent,Card,Hà Nội,3,2448000.0,0.111774780354215,Completed,6523000.0,3.5,False,False
B03539,2024-10-01,2024-10-25,C1248,Student,Cultural,,Card,Hạ Long,2,2627000.0,0.1316065893780376,Completed,4563000.0,4.5,False,False
B04194,2025-07-13,2025-08-29,C1248,Young Professional,Adventure,Mobile App,,Huế,4,5135000.0,0.0707297239333938,Completed,19087000.0,4.5,True,False
B03542,2024-10-01,2024-11-16,C1250,Family,Beach,Website,Bank Transfer,Đà Nẵng,1,4211000.0,0.1120854871930502,Completed,3739000.0,4.1,False,False
B03837,2025-02-17,2025-03-15,C1250,Family,Beach,Agent,Card,Đà Lạt,1,3401000.0,0.1075825527344171,Completed,3035000.0,3.7,True,False
B03546,2024-10-04,2024-12-20,C1251,Family,Family,Mobile App,E-wallet,Đà Lạt,1,3242000.0,0.1380218385517725,Completed,2795000.0,3.7,False,False
B03547,2024-10-04,2024-11-29,C1252,Corporate,Cultural,Website,Card,Đà Nẵng,1,2623000.0,0.1265137126475278,Completed,2291000.0,3.6,False,False
B03548,2024-10-05,2025-01-08,C1253,Family,Foodie,Agent,Bank Transfer,Hội An,1,1924000.0,0.0944000804043911,Completed,1742000.0,4.4,False,False
B03553,2024-10-08,2024-12-30,C1254,Student,City Break,Website,Bank Transfer,TP.HCM,2,2953000.0,0.1068692224498711,Completed,5275000.0,4.8,False,False
B04215,2025-07-22,2025-09-23,C1254,Corporate,Family,Website,Cash,Sa Pa,2,2994000.0,0.1518921818637335,Completed,5078000.0,4.0,True,False
B03561,2024-10-12,2024-11-10,C1256,Young Professional,Family,Website,Card,Đà Lạt,1,2671000.0,0.0541820371881858,Completed,2526000.0,4.0,False,False
B03566,2024-10-14,2024-11-11,C1257,Young Professional,Foodie,Mobile App,E-wallet,TP.HCM,2,2416000.0,0.1221527017531067,Completed,4242000.0,3.9,False,False
B03570,2024-10-17,2024-11-19,C1258,Student,City Break,Agent,Bank Transfer,Huế,4,1946000.0,0.1887769548628144,Completed,6315000.0,4.2,False,False
B03571,2024-10-18,2024-10-31,C1259,Young Professional,Beach,Agent,Card,Huế,1,3403000.0,0.0713580276887174,Completed,3160000.0,4.1,False,False
B03573,2024-10-19,2024-12-03,C1260,Family,Family,Mobile App,Card,Đà Lạt,1,3157000.0,0.1226742088188758,Completed,2770000.0,3.8,False,False
B03576,2024-10-19,2024-11-08,C1261,Young Professional,Cultural,Website,Card,Đà Nẵng,2,2711000.0,0.124413618089878,Completed,4747000.0,4.1,False,False
B04045,2025-05-25,2025-07-18,C1261,Family,Cultural,Website,Bank Transfer,Nha Trang,2,3343000.0,0.0913604619518176,Completed,6075000.0,3.0,True,False
B03577,2024-10-20,2024-12-11,C1262,Corporate,Adventure,Mobile App,Bank Transfer,TP.HCM,3,5525000.0,0.1165522346493424,Completed,14643000.0,4.1,False,False
B03613,2024-11-04,2025-01-06,C1262,Corporate,Beach,Mobile App,Bank Transfer,Hội An,1,3873000.0,0.1469500777988027,Completed,3304000.0,4.4,True,False
B03792,2025-01-31,2025-02-06,C1262,Family,Adventure,Website,Card,Đà Lạt,2,4817000.0,0.0591899075119293,Completed,9064000.0,4.0,True,False
B04108,2025-06-15,2025-06-15,C1262,Young Professional,Cultural,Mobile App,Cash,Huế,2,2570000.0,0.1289644491202289,Completed,4477000.0,4.8,True,False
B04081,2025-06-05,2025-09-15,C1262,Family,Family,Website,Cash,Đà Nẵng,1,3417000.0,0.1570604621703594,Completed,2880000.0,4.0,True,False
B03579,2024-10-20,2024-12-01,C1263,Family,City Break,Website,Card,Sa Pa,2,2125000.0,0.144555983111252,Completed,3636000.0,3.7,False,False
B03583,2024-10-22,2025-01-10,C1264,Young Professional,Beach,Agent,Card,Đà Nẵng,4,3885000.0,0.1005955059945498,Completed,13977000.0,4.4,False,False
B03584,2024-10-23,2025-01-13,C1265,Family,Foodie,Mobile App,Card,Huế,5,2484000.0,0.1450411431193148,Completed,10619000.0,4.1,False,False
B03688,2024-12-08,2025-01-17,C1265,,Cultural,Agent,Bank Transfer,Sa Pa,3,2380000.0,0.1686635828627299,Completed,5936000.0,3.6,True,False
B03588,2024-10-24,2024-11-17,C1266,Young Professional,Beach,Mobile App,Card,Sa Pa,1,3732000.0,0.1000372074124609,Completed,3359000.0,4.0,False,False
B03589,2024-10-24,2025-01-12,C1267,Student,City Break,,E-wallet,Sa Pa,1,2151000.0,0.1263621799784014,Completed,1879000.0,4.3,False,False
B03590,2024-10-25,2025-01-02,C1268,Family,Beach,Website,Card,Hà Nội,4,4065000.0,0.0871604396198464,Completed,14843000.0,4.5,False,False
B03595,2024-10-26,2024-11-18,C1269,Family,Adventure,Agent,Card,TP.HCM,1,4767000.0,0.1214943357191575,Completed,4188000.0,3.9,False,False
B03600,2024-10-27,2024-12-17,C1270,Family,Beach,Agent,Card,Hạ Long,4,4472000.0,0.1099745419396364,Completed,15921000.0,4.8,False,False
B03603,2024-10-29,2024-12-25,C1271,Family,Beach,Mobile App,Card,Huế,2,3901000.0,0.0794408540904513,Completed,7182000.0,4.3,False,False
B03883,2025-03-11,2025-06-06,C1271,Young Professional,City Break,Agent,Card,Huế,4,1907000.0,0.1502591768299943,Completed,6482000.0,4.3,True,False
B03608,2024-02-11,2024-12-24,C1273,Family,Beach,Mobile App,Cash,Đà Lạt,3,3488000.0,0.1600394533999739,Completed,8789000.0,4.5,False,False
B03990,2025-05-03,2025-06-08,C1274,Young Professional,City Break,Website,Bank Transfer,Sa Pa,2,2308000.0,0.0678930786767013,Completed,4303000.0,4.5,True,False
B03614,2024-11-04,2025-01-24,C1275,Student,Cultural,Agent,Bank Transfer,Nha Trang,1,3090000.0,0.1051602289515675,Completed,2765000.0,4.7,False,False
B04341,2025-09-12,2025-10-26,C1275,Corporate,Cultural,Agent,Card,Hà Nội,4,2535000.0,0.1155855813804939,Completed,8968000.0,4.3,True,False
B03617,2024-11-06,2025-01-01,C1276,Young Professional,Beach,Website,Card,Hà Nội,1,4192000.0,0.1026848432899116,Completed,3762000.0,4.6,False,False
B03621,2024-11-07,2025-01-10,C1278,Corporate,Foodie,Website,E-wallet,Đà Nẵng,4,2680000.0,0.0276272715806042,Completed,10424000.0,4.6,False,False
B03870,2025-03-04,2025-03-29,C1278,Corporate,Beach,Call Center,Card,Phú Quốc,4,4110000.0,0.10796243618729,Completed,14665000.0,5.0,True,False
B03623,2024-11-08,2024-12-20,C1279,Young Professional,Adventure,Agent,Bank Transfer,Hạ Long,1,5621000.0,0.0539614330800616,Completed,5318000.0,4.2,False,False
B04015,2025-05-12,2025-07-24,C1279,Corporate,City Break,Website,Card,Nha Trang,1,2846000.0,0.1101453754405977,Completed,2533000.0,3.8,True,False
B03624,2024-11-08,2025-01-02,C1280,Young Professional,Beach,Call Center,Card,Hà Nội,4,4218000.0,0.2178920996151981,Completed,13196000.0,4.3,False,False
B04069,2025-06-01,2025-07-09,C1280,,Cultural,Mobile App,Cash,Đà Nẵng,1,3100000.0,0.1556012819986023,Completed,2618000.0,4.7,True,False
B03625,2024-11-08,2024-11-28,C1281,Student,Adventure,Mobile App,Bank Transfer,Đà Nẵng,1,5141000.0,,Completed,4708000.0,4.4,False,False
B03630,2024-11-10,2024-12-16,C1282,Young Professional,City Break,Agent,,Đà Nẵng,1,2787000.0,0.1451000063278893,Completed,2383000.0,3.4,False,False
B03684,2024-12-03,2025-01-20,C1282,Student,Beach,Agent,Bank Transfer,Phú Quốc,3,4262000.0,0.0837770296737112,Completed,11715000.0,4.1,True,False
B03633,2024-11-11,2024-12-29,C1283,Young Professional,Cultural,Website,Bank Transfer,Huế,1,2540000.0,,Completed,2256000.0,3.6,False,False
B03638,2024-11-12,2024-12-06,C1284,Young Professional,Family,Mobile App,Card,Đà Nẵng,2,3635000.0,0.0514631283601731,Completed,6896000.0,4.4,False,False
B03640,2024-11-13,2025-01-15,C1285,Young Professional,Adventure,Website,Cash,Đà Lạt,2,4506000.0,0.0661419178778751,Completed,8416000.0,4.4,False,False
B03700,2024-12-14,2025-02-23,C1285,Family,Beach,Agent,Cash,Sa Pa,1,4136000.0,0.1332665369738185,Completed,3585000.0,4.5,True,False
B03643,2024-11-14,2025-01-04,C1286,Young Professional,Adventure,Mobile App,Cash,Phú Quốc,2,5180000.0,0.0416686809549534,Completed,9928000.0,4.2,False,False
B03644,2024-11-14,2024-11-14,C1287,Student,Cultural,Agent,Card,Hạ Long,1,2595000.0,0.0607438673975841,Completed,2437000.0,3.9,False,False
B03965,2025-04-23,2025-07-09,C1287,Corporate,Family,Agent,Bank Transfer,Hà Nội,1,3309000.0,0.094867005354261,Completed,2995000.0,4.1,True,False
B04161,2025-07-04,2025-08-24,C1287,Student,Family,Website,Card,Đà Nẵng,3,3488000.0,0.021266085353425,Completed,10241000.0,4.2,True,False
B03648,2024-11-17,2025-02-09,C1288,Family,Foodie,Website,Card,TP.HCM,1,2780000.0,0.1290022822143073,Completed,2421000.0,4.9,False,False
B04275,2025-08-18,2025-10-12,C1288,Corporate,Foodie,Website,Card,Đà Nẵng,4,2585000.0,0.0361176903628144,Completed,9967000.0,3.7,True,False
B03652,2024-11-19,2025-01-10,C1290,Student,Beach,Mobile App,Bank Transfer,Phú Quốc,2,3767000.0,0.1225563071105936,Completed,6611000.0,3.9,False,False
B03826,2025-02-13,2025-04-22,C1290,Young Professional,Beach,Agent,Card,Phú Quốc,1,4539000.0,0.0755931305828709,Completed,4196000.0,4.1,True,False
B03654,2024-11-19,2025-01-02,C1291,Student,Adventure,Website,Card,Sa Pa,1,4595000.0,0.1356746282306621,Completed,3972000.0,4.5,False,False
B04062,2025-05-30,2025-05-30,C1292,Young Professional,Beach,Mobile App,E-wallet,Phú Quốc,1,3970000.0,0.0858178568364409,Completed,3629000.0,4.5,True,False
B04157,2025-07-03,2025-07-25,C1293,Student,Adventure,Agent,Cash,Hội An,3,4715000.0,0.1196090433900916,Completed,12453000.0,4.7,True,False
B03677,2024-11-30,2024-12-06,C1295,Corporate,Family,Mobile App,Card,Huế,1,2937000.0,0.0286437079771222,Completed,2853000.0,4.2,False,False
B04086,2025-06-07,2025-07-14,C1295,Young Professional,Cultural,Mobile App,Card,Đà Lạt,2,2677000.0,0.1276789770133405,Completed,4670000.0,4.6,True,False
B03680,2024-11-30,2025-01-30,C1296,Student,City Break,Website,Bank Transfer,Đà Nẵng,1,2550000.0,0.0610180955930908,Completed,2394000.0,3.8,False,False
B03687,2024-12-06,2025-01-30,C1297,Corporate,Adventure,Mobile App,Card,Nha Trang,1,4615000.0,0.0,Completed,4615000.0,4.4,False,False
B04330,2025-09-05,2025-12-07,C1297,Corporate,Family,Agent,Card,Hạ Long,2,3781000.0,0.1459399858852284,Completed,6458000.0,4.5,True,False
B03689,2024-12-09,2025-03-01,C1298,Young Professional,Beach,Website,,Hà Nội,3,4334000.0,0.0693511428879839,Completed,12100000.0,4.2,False,False
B03690,2024-12-09,2025-02-10,C1299,Student,Family,Agent,Card,Hà Nội,2,3368000.0,0.0990277431015581,Completed,6069000.0,4.5,False,False
B03691,2024-12-09,2025-02-27,C1300,Family,Cultural,Agent,Card,Sa Pa,2,2552000.0,0.1463020570997597,Completed,4357000.0,4.5,False,False
B03842,2025-02-18,2025-05-03,C1300,Family,Family,Website,Card,Đà Lạt,1,2792000.0,0.0759669413658031,Completed,2580000.0,4.5,True,False
B03695,2024-12-13,2025-01-26,C1301,,Beach,Website,E-wallet,Hà Nội,2,4027000.0,0.1284011738607622,Completed,7020000.0,3.7,False,False
B03825,2025-02-12,2025-03-10,C1302,Student,Adventure,Website,Cash,Hội An,1,4561000.0,0.0864950647299894,Completed,4166000.0,4.9,True,False
B03696,2024-12-13,2025-03-15,C1302,Young Professional,Beach,Mobile App,Card,Nha Trang,2,4175000.0,0.1468988127868368,Completed,7123000.0,3.7,False,False
B03699,2024-12-14,2025-03-07,C1303,Young Professional,Cultural,Agent,Bank Transfer,TP.HCM,2,2228000.0,0.0993065276447561,Completed,4013000.0,5.0,False,False
B03922,2025-04-02,2025-06-02,C1303,Family,City Break,Website,Card,Hội An,3,1415000.0,0.070627180977209,Completed,3945000.0,3.5,True,False
B03701,2024-12-15,2025-01-07,C1304,Young Professional,Family,Mobile App,Bank Transfer,Sa Pa,1,2898000.0,0.0782248335476818,Completed,2671000.0,4.4,False,False
B03703,2024-12-15,2025-02-22,C1305,Corporate,Beach,Agent,Bank Transfer,Huế,1,3547000.0,,Completed,3283000.0,4.6,False,False
B03713,2024-12-21,2025-01-06,C1306,Family,Beach,Mobile App,Card,Hà Nội,2,4076000.0,0.0916461174910797,Completed,7405000.0,3.9,False,False
B03714,2024-12-21,2025-02-11,C1307,,Beach,Website,Card,Sa Pa,1,3868000.0,0.059225211445453,Completed,3639000.0,3.9,False,False
B03716,2024-12-22,2025-01-09,C1308,Corporate,Family,Website,Card,Đà Lạt,2,2957000.0,0.0612487341008396,Completed,5552000.0,3.7,False,False
B03724,2024-12-24,2025-01-24,C1310,Student,Cultural,,Cash,Hạ Long,3,2721000.0,0.0844288888839427,Completed,7474000.0,4.8,False,False
B03728,2024-12-28,2025-03-07,C1311,Family,City Break,Agent,Cash,Đà Nẵng,1,2675000.0,0.0850785149767453,Completed,2447000.0,4.9,False,False
B03729,2024-12-28,2025-03-10,C1312,Student,Beach,Website,E-wallet,Huế,1,3235000.0,,Completed,2664000.0,4.3,False,False
B03732,2024-12-29,2025-04-04,C1313,Corporate,Adventure,,Card,Huế,1,4918000.0,0.0815832026484434,Completed,4517000.0,3.6,False,False
B04347,2025-09-15,2025-12-16,C1314,,Cultural,,Card,Đà Nẵng,2,2886000.0,0.0659212962633292,Completed,5392000.0,3.4,True,False
B03740,2024-12-30,2025-01-28,C1315,Family,City Break,Website,E-wallet,Phú Quốc,1,2180000.0,0.1288155639445812,Completed,1899000.0,4.4,False,False
B03743,2025-01-01,2025-01-25,C1316,Student,Cultural,Mobile App,Cash,Hà Nội,1,2614000.0,0.1484708433589582,Completed,2226000.0,4.3,False,False
B03745,2025-01-01,2025-03-02,C1317,Family,Beach,Website,Card,Hội An,5,3883000.0,0.0813439144146933,Completed,17836000.0,3.7,False,False
B04090,2025-06-08,2025-08-14,C1317,Family,Family,Website,Card,Hà Nội,2,3257000.0,0.1219938030588542,Completed,5719000.0,4.9,True,False
B03746,2025-02-01,2025-02-02,C1318,Family,Foodie,Website,Card,TP.HCM,3,2483000.0,0.1071418353887529,Completed,6651000.0,4.3,False,False
B04312,2025-09-01,2025-12-08,C1318,Young Professional,Cultural,Website,Bank Transfer,Nha Trang,2,3670000.0,0.0808719576786855,Completed,6746000.0,5.0,True,False
B03751,2025-01-04,2025-01-04,C1319,Family,City Break,Agent,Bank Transfer,Hà Nội,2,2663000.0,0.1120253013885593,Completed,4729000.0,4.0,False,False
B03752,2025-01-05,2025-02-26,C1320,,Cultural,Website,Card,Phú Quốc,1,2811000.0,0.0796599423628081,Completed,2587000.0,3.9,False,False
B03834,2025-02-16,2025-05-05,C1320,Young Professional,Foodie,Agent,E-wallet,Nha Trang,1,2481000.0,0.1444246028536902,Completed,2123000.0,4.0,True,False
B03758,2025-01-09,2025-03-20,C1322,,Cultural,Website,Cash,Nha Trang,5,2932000.0,0.125479816157922,Completed,12820000.0,4.0,False,False
B04235,2025-07-27,2025-09-05,C1322,Family,Beach,Mobile App,Card,TP.HCM,5,3314000.0,0.0323957921536362,Completed,16033000.0,4.2,True,False
B03761,2025-01-10,2025-02-28,C1323,Student,Family,Agent,Bank Transfer,Đà Nẵng,5,3890000.0,0.1165553875714351,Completed,17183000.0,4.4,False,False
B03764,2025-01-11,2025-03-19,C1324,Family,Cultural,Website,Bank Transfer,Huế,2,2396000.0,0.115459907767094,Completed,4239000.0,4.1,False,False
B03765,2025-01-11,2025-04-06,C1325,Young Professional,Cultural,Agent,Card,Hạ Long,1,2854000.0,0.0199525824827201,Completed,2797000.0,3.7,False,False
B03776,2025-01-20,2025-03-18,C1326,Young Professional,Family,Agent,Card,Huế,3,2899000.0,0.1483134027338238,Completed,7407000.0,4.1,False,False
B03778,2025-01-21,2025-03-06,C1327,,City Break,,E-wallet,Hội An,3,1478000.0,0.0578409922867648,Completed,4178000.0,5.0,False,False
B03785,2025-01-27,2025-03-30,C1328,Young Professional,City Break,Website,,Đà Lạt,2,2294000.0,0.1430236395078255,Completed,3932000.0,4.2,False,False
B03788,2025-01-28,2025-03-26,C1329,Student,Cultural,Website,Cash,Huế,1,2284000.0,0.1189681789068643,Completed,2012000.0,4.3,False,False
B03791,2025-01-30,2025-04-23,C1331,Student,City Break,Mobile App,Card,Hội An,1,1514000.0,0.0641224069730012,Completed,1417000.0,4.5,False,False
B03794,2025-02-01,2025-02-27,C1332,Young Professional,Family,Website,Card,Huế,1,3164000.0,,Completed,2838000.0,3.9,False,False
B04007,2025-05-09,2025-06-20,C1332,Young Professional,Beach,Website,Card,Hội An,1,4052000.0,0.1122133950393197,Completed,3597000.0,4.1,True,False
B03799,2025-02-02,2025-05-18,C1333,Young Professional,Cultural,Website,Cash,Hà Nội,2,2688000.0,0.05112295056181,Completed,5101000.0,4.0,False,False
B04264,2025-08-14,2025-10-10,C1334,Student,City Break,Website,Card,Hạ Long,1,2579000.0,0.10661948432152,Completed,2304000.0,3.3,True,False
B03809,2025-02-05,2025-03-31,C1336,Student,Family,Website,Card,Hội An,2,2504000.0,,Completed,4826000.0,3.8,False,False
B03813,2025-02-07,2025-03-29,C1337,Student,Beach,Website,Card,Hà Nội,3,4105000.0,0.1062301627894975,Completed,11007000.0,4.6,False,False
B04166,2025-07-05,2025-09-03,C1337,Student,Beach,Mobile App,Bank Transfer,Đà Nẵng,1,4464000.0,0.076792379433703,Completed,4121000.0,5.0,True,False
B03814,2025-02-08,2025-05-15,C1338,Family,Beach,Website,Card,Nha Trang,4,4065000.0,0.0990119815366279,Completed,14650000.0,4.0,False,False
B03815,2025-02-08,2025-03-24,C1339,Family,Cultural,Agent,Card,Sa Pa,5,2368000.0,0.1366499912898039,Completed,10222000.0,5.0,False,False
B03818,2025-02-09,2025-05-29,C1340,Family,Family,Mobile App,Cash,Hạ Long,1,3566000.0,0.1214008985629332,Completed,3133000.0,4.1,False,False
B03819,2025-02-09,2025-03-31,C1341,Family,Cultural,Mobile App,Bank Transfer,Phú Quốc,2,2450000.0,0.0665078144943246,Completed,4574000.0,3.9,False,False
B03831,2025-02-15,2025-03-19,C1342,Family,Family,Call Center,Card,Đà Nẵng,2,3538000.0,0.0738363422931456,Completed,6554000.0,4.2,False,False
B03833,2025-02-16,2025-03-19,C1343,Family,Family,Website,Card,Hội An,1,2532000.0,0.049537958999027,Completed,2407000.0,3.5,False,False
B03835,2025-02-16,2025-04-07,C1344,Family,Cultural,Website,Cash,Hạ Long,4,2777000.0,0.039931715490394,Completed,10664000.0,4.7,False,False
B03843,2025-02-18,2025-03-17,C1345,Young Professional,Family,Mobile App,Card,Nha Trang,2,3679000.0,0.1234620718397617,Completed,6450000.0,4.1,False,False
B03844,2025-02-18,2025-04-12,C1346,Family,Cultural,Website,Card,TP.HCM,1,2410000.0,0.0570135550692803,Completed,2273000.0,4.4,False,False
B03846,2025-02-21,2025-02-21,C1347,Family,Family,Website,Cash,Nha Trang,3,3520000.0,0.1503246024090758,Completed,8973000.0,4.4,False,False
B03863,2025-03-01,2025-03-01,C1350,Family,Beach,Mobile App,Card,Huế,3,3387000.0,0.1168109483933572,Completed,8974000.0,4.3,False,False
B03865,2025-03-02,2025-04-18,C1351,Student,City Break,Website,,Nha Trang,2,2774000.0,0.1993300302080144,Completed,4442000.0,3.3,False,False
B03868,2025-03-03,2025-04-22,C1352,Family,Cultural,Website,Card,Hạ Long,2,2895000.0,0.0825230684486715,Completed,5312000.0,3.9,False,False
B03874,2025-03-06,2025-04-06,C1353,Young Professional,City Break,Agent,Card,TP.HCM,1,2465000.0,0.1650221276749369,Completed,2058000.0,4.8,False,False
B03879,2025-03-08,2025-06-03,C1354,Corporate,Beach,,Card,Phú Quốc,1,4452000.0,0.0960008726881084,Completed,4025000.0,4.5,False,False
B03880,2025-03-09,2025-04-26,C1355,Student,Cultural,Website,Card,Nha Trang,1,3543000.0,0.1360828236287974,Completed,3061000.0,4.4,False,False
B03884,2025-03-12,2025-05-23,C1356,Family,City Break,Agent,Bank Transfer,Phú Quốc,1,2175000.0,0.1480228705003125,Completed,1853000.0,3.8,False,False
B03888,2025-03-15,2025-06-03,C1357,Young Professional,Cultural,Website,Card,Nha Trang,2,3316000.0,,Completed,5900000.0,4.0,False,False
B03890,2025-03-15,2025-05-02,C1358,Young Professional,Cultural,Agent,Cash,Huế,1,2212000.0,0.109630936082231,Completed,1969000.0,4.5,False,False
B03891,2025-03-15,2025-06-08,C1359,Family,Foodie,Mobile App,Card,Đà Nẵng,1,2427000.0,0.0814141746150998,Completed,2229000.0,3.9,False,False
B03892,2025-03-16,2025-04-10,C1360,Young Professional,Beach,Agent,Card,TP.HCM,3,3824000.0,0.0894149789223944,Completed,10446000.0,4.4,False,False
B03937,2025-04-12,2025-05-21,C1361,Family,Cultural,Mobile App,Card,Huế,4,2250000.0,0.1138283756522046,Completed,7976000.0,3.8,True,False
B03894,2025-03-16,2025-05-31,C1361,Young Professional,Family,Website,Card,Phú Quốc,1,3325000.0,0.120677535776161,Completed,2924000.0,4.5,False,False
B03902,2025-03-22,2025-05-11,C1363,Young Professional,Cultural,Website,Card,TP.HCM,1,2251000.0,0.1094429647452933,Completed,2005000.0,4.7,False,False
B03904,2025-03-24,2025-05-08,C1364,Corporate,Cultural,Website,Card,Hà Nội,2,2679000.0,0.146996179863741,Completed,4570000.0,3.0,False,False
B03905,2025-03-25,2025-05-02,C1365,Family,Beach,Mobile App,Card,Phú Quốc,1,4010000.0,0.1387520807637169,Completed,3454000.0,4.7,False,False
B03906,2025-03-25,2025-06-01,C1366,Student,Beach,Website,Card,Hà Nội,2,4712000.0,0.123458033004297,Completed,8261000.0,3.6,False,False
B03909,2025-03-27,2025-05-09,C1368,Family,Beach,Mobile App,Card,Hà Nội,1,4016000.0,0.1140351576906513,Completed,3558000.0,4.5,False,False
B03912,2025-03-27,2025-06-04,C1369,Family,Cultural,Website,Card,Huế,4,2314000.0,0.134475236357767,Completed,8011000.0,4.7,False,False
B03914,2025-03-29,2025-05-30,C1370,Student,Beach,Website,Bank Transfer,Phú Quốc,2,4103000.0,0.1369923448949552,Completed,7082000.0,4.4,False,False
B03926,2025-04-05,2025-06-26,C1371,Corporate,City Break,Website,,Phú Quốc,2,2228000.0,0.1602289332647575,Completed,3742000.0,4.1,False,False
B03928,2025-04-06,2025-06-06,C1372,Corporate,Adventure,Mobile App,Card,Sa Pa,4,4792000.0,0.0637220263522677,Completed,17947000.0,4.3,False,False
B04020,2025-05-13,2025-08-20,C1372,Corporate,Adventure,,Card,Hạ Long,3,6331000.0,0.1085503024845156,Completed,16931000.0,4.3,True,False
B04290,2025-08-22,2025-09-01,C1372,Young Professional,City Break,Mobile App,E-wallet,Đà Lạt,3,2280000.0,,Completed,5915000.0,4.7,True,False
B03929,2025-04-06,2025-04-17,C1373,Student,Beach,Website,Card,Đà Lạt,2,3334000.0,0.0907750679935087,Completed,6063000.0,4.3,False,False
B03933,2025-04-09,2025-07-21,C1376,Student,Beach,Website,Card,Huế,3,3623000.0,0.1222344218625626,Completed,9540000.0,3.6,False,False
B03936,2025-04-11,2025-06-30,C1377,Young Professional,Cultural,Mobile App,Bank Transfer,Sa Pa,3,2434000.0,0.0832940897529646,Completed,6694000.0,3.7,False,False
B03943,2025-04-15,2025-05-10,C1378,Young Professional,Family,Mobile App,Card,Huế,5,3105000.0,,Completed,13403000.0,3.9,False,False
B03945,2025-04-15,2025-06-29,C1379,Corporate,Family,Website,Cash,Đà Lạt,2,3373000.0,0.1174001266794307,Completed,5954000.0,3.4,False,False
B03950,2025-04-17,2025-07-18,C1380,Student,Cultural,Website,Cash,Đà Lạt,2,2515000.0,0.1020458359392146,Completed,4517000.0,4.5,False,False
B03951,2025-04-17,2025-06-09,C1381,Young Professional,Cultural,Website,Card,Phú Quốc,2,2682000.0,0.0674251958517312,Completed,5002000.0,4.2,False,False
B04294,2025-08-23,2025-12-08,C1381,Student,Family,Website,Card,Sa Pa,1,3572000.0,0.1485051752965574,Completed,3042000.0,4.4,True,False
B03952,2025-04-18,2025-05-30,C1382,Family,City Break,Website,Card,Phú Quốc,1,2214000.0,0.1141894702601549,Completed,1961000.0,4.7,False,False
B03956,2025-04-20,2025-04-27,C1383,Young Professional,City Break,Website,Bank Transfer,TP.HCM,3,2720000.0,0.1018729906804277,Completed,7329000.0,3.9,False,False
B03989,2025-05-03,2025-07-02,C1384,Corporate,Family,Website,E-wallet,Hạ Long,4,3960000.0,0.0753782632648992,Completed,14646000.0,4.6,True,False
B03963,2025-04-22,2025-06-02,C1385,Young Professional,City Break,Website,Card,Sa Pa,3,2296000.0,0.1326068643228746,Completed,5975000.0,4.3,False,False
B03964,2025-04-23,2025-05-27,C1386,Young Professional,Foodie,Agent,Bank Transfer,Đà Lạt,1,2358000.0,0.0789933832365126,Completed,2172000.0,4.4,False,False
B03966,2025-04-24,2025-06-09,C1387,Student,Adventure,Agent,Bank Transfer,Hạ Long,4,5890000.0,0.1321640131078448,Completed,20446000.0,3.4,False,False
B03969,2025-04-25,2025-06-07,C1388,Student,Adventure,Agent,Cash,Nha Trang,1,5180000.0,0.1079954044006046,Completed,4621000.0,4.6,False,False
B04252,2025-08-05,2025-09-03,C1388,Young Professional,Family,Agent,Bank Transfer,Phú Quốc,3,3408000.0,0.16409756911629,Completed,8546000.0,4.4,True,False
B03973,2025-04-27,2025-06-19,C1389,Family,Beach,Website,Card,Nha Trang,3,4430000.0,0.1656673627138745,Completed,11088000.0,3.4,False,False
B03975,2025-04-29,2025-07-08,C1390,Family,Beach,Mobile App,Card,Hội An,1,4245000.0,0.0418325282189872,Completed,4067000.0,4.2,False,False
B03979,2025-04-30,2025-07-24,C1391,Young Professional,Beach,Agent,Card,Huế,4,3536000.0,0.148115443602729,Completed,12049000.0,3.6,False,False
B04362,2025-09-22,2025-11-07,C1391,Family,Foodie,Mobile App,Card,Hội An,1,1912000.0,0.0832391870409526,Completed,1753000.0,4.3,True,False
B03980,2025-04-30,2025-05-19,C1392,Young Professional,Beach,Website,Card,Phú Quốc,2,3937000.0,0.1262988946377235,Completed,6880000.0,3.5,False,False
B03981,2025-05-01,2025-05-11,C1393,Family,Adventure,Website,Card,Sa Pa,1,4673000.0,0.1053742533483372,Completed,4181000.0,4.5,False,False
B03985,2025-05-01,2025-06-25,C1394,Corporate,Beach,Website,E-wallet,Đà Nẵng,3,4535000.0,0.0808583052436801,Completed,12505000.0,4.5,False,False
B03993,2025-05-04,2025-08-19,C1395,Family,City Break,Website,Card,Hội An,3,1457000.0,0.1179317104432423,Completed,3856000.0,5.0,False,False
B03995,2025-05-04,2025-06-30,C1396,Family,Beach,Mobile App,Bank Transfer,Hội An,3,4553000.0,0.0861427569895446,Completed,12482000.0,4.4,False,False
B04001,2025-05-06,2025-05-27,C1398,Family,Cultural,Website,Bank Transfer,TP.HCM,1,2126000.0,0.0632500163905216,Completed,1992000.0,4.6,False,False
B04010,2025-05-11,2025-07-24,C1399,Family,Beach,Mobile App,Card,Sa Pa,3,4097000.0,0.0901649358973794,Completed,11183000.0,5.0,False,False
B04011,2025-05-11,2025-07-10,C1400,Family,Family,Website,Card,Đà Nẵng,1,3952000.0,0.0550296744581634,Completed,3735000.0,4.5,False,False
B04012,2025-05-11,2025-08-14,C1401,Family,Beach,Agent,Card,Nha Trang,1,4219000.0,0.0797578895890588,Completed,3883000.0,3.6,False,False
B04014,2025-05-11,2025-07-13,C1402,Corporate,Beach,Website,Card,Huế,4,4003000.0,0.0782406997972021,Completed,14759000.0,4.0,False,False
B04184,2025-07-09,2025-08-28,C1402,Student,Cultural,Agent,Card,Nha Trang,4,3264000.0,0.1009007498588308,Completed,11739000.0,3.7,True,False
B04016,2025-05-12,2025-08-11,C1403,Student,Family,Website,Bank Transfer,Đà Lạt,4,3268000.0,0.0383207258679376,Completed,12571000.0,3.9,False,False
B04017,2025-05-12,2025-06-19,C1404,Corporate,Beach,Website,Bank Transfer,Huế,2,3704000.0,0.0533137683524068,Completed,7013000.0,5.0,False,False
B04048,2025-05-26,2025-07-17,C1404,Student,City Break,Agent,Bank Transfer,Đà Nẵng,1,2898000.0,0.1546568030447209,Completed,2450000.0,4.1,True,False
B04022,2025-05-14,2025-05-14,C1405,,Family,Agent,Bank Transfer,Hà Nội,1,3150000.0,0.104355441392986,Completed,2821000.0,4.0,False,False
B04024,2025-05-16,2025-08-01,C1406,Young Professional,Beach,Website,Cash,Huế,1,3927000.0,0.0836951789317568,Completed,3598000.0,4.2,False,False
B04028,2025-05-17,2025-07-06,C1407,Student,Beach,Mobile App,Card,Hạ Long,1,4605000.0,0.0878587778445539,Completed,4200000.0,3.0,False,False
B04029,2025-05-18,2025-07-22,C1408,Family,Cultural,Mobile App,E-wallet,Phú Quốc,2,2855000.0,,Completed,5451000.0,3.6,False,False
B04032,2025-05-19,2025-06-21,C1409,Young Professional,Adventure,Website,Bank Transfer,Hội An,2,5055000.0,0.1686044930059685,Completed,8405000.0,4.6,False,False
B04033,2025-05-20,2025-06-06,C1410,Student,Cultural,Agent,Card,Hạ Long,3,2712000.0,0.1127118121036804,Completed,7219000.0,4.0,False,False
B04041,2025-05-24,2025-08-09,C1411,Young Professional,Adventure,Mobile App,Bank Transfer,Phú Quốc,2,5678000.0,0.1326376975751328,Completed,9850000.0,5.0,False,False
B04042,2025-05-24,2025-06-10,C1412,Young Professional,Family,Mobile App,Card,Đà Lạt,1,3202000.0,0.0472951781726435,Completed,3051000.0,3.9,False,False
B04050,2025-05-26,2025-07-09,C1413,Family,Adventure,Website,Cash,Hà Nội,3,4637000.0,0.1164785508415327,Completed,12291000.0,3.6,False,False
B04053,2025-05-27,2025-06-29,C1414,Family,Family,Website,E-wallet,Phú Quốc,2,3450000.0,0.0695755320537575,Completed,6420000.0,4.0,False,False
B04054,2025-05-27,2025-08-23,C1415,Corporate,Family,Mobile App,Card,Phú Quốc,2,4120000.0,0.0955982044254287,Completed,7452000.0,4.0,False,False
B04056,2025-05-29,2025-08-04,C1416,Student,Foodie,Website,,Đà Nẵng,2,2626000.0,0.1065912387901318,Completed,4692000.0,4.5,False,False
B04065,2025-05-31,2025-07-12,C1417,Young Professional,Adventure,Website,Card,Hà Nội,1,4957000.0,0.10572852694546,Completed,4433000.0,4.0,False,False
B04072,2025-06-01,2025-07-07,C1419,Family,Family,Website,Bank Transfer,Hạ Long,1,4128000.0,0.1018499064257663,Completed,3708000.0,4.2,False,False
B04078,2025-06-05,2025-07-12,C1420,Family,Cultural,Agent,Card,Hạ Long,4,2982000.0,0.1445518776272264,Completed,10204000.0,4.3,False,False
B04359,2025-09-20,2025-11-16,C1422,Young Professional,Family,Agent,Cash,Hà Nội,1,3208000.0,0.074077667661227,Completed,2970000.0,5.0,True,False
B04087,2025-06-07,2025-08-10,C1423,Corporate,Beach,Website,Bank Transfer,Hội An,2,4177000.0,0.0459638711366863,Completed,7970000.0,4.0,False,False
B04088,2025-06-08,2025-07-01,C1424,Family,Beach,Website,,Nha Trang,4,4879000.0,0.0547249517611102,Completed,18448000.0,3.9,False,False
B04147,2025-06-29,2025-07-10,C1425,Young Professional,Family,Mobile App,Bank Transfer,Huế,3,3315000.0,0.0621252362602602,Completed,9327000.0,4.5,True,False
B04096,2025-06-11,2025-08-11,C1425,Family,Family,Agent,Cash,Hội An,2,2803000.0,0.1298365231314588,Completed,4878000.0,3.9,False,False
B04204,2025-07-18,2025-08-05,C1426,Student,Adventure,Agent,Card,Đà Nẵng,1,5797000.0,0.0775923947656388,Completed,5347000.0,4.3,True,False
B04102,2025-06-12,2025-09-08,C1426,Young Professional,Foodie,Website,Card,Huế,2,2652000.0,0.1541636371645622,Completed,4486000.0,4.5,False,False
B04105,2025-06-14,2025-08-12,C1427,Student,Family,Mobile App,E-wallet,Hội An,1,2721000.0,0.0478351355083917,Completed,2591000.0,4.5,False,False
B04107,2025-06-14,2025-06-28,C1428,Corporate,Beach,Website,Bank Transfer,Hà Nội,1,4752000.0,0.0852407875599595,Completed,4347000.0,3.5,False,False
B04111,2025-06-15,2025-08-23,C1429,Family,Cultural,,Card,Hội An,2,3033000.0,0.1190305597611244,Completed,5344000.0,4.4,False,False
B04112,2025-06-15,2025-07-20,C1430,Family,Foodie,Call Center,,Hà Nội,4,2458000.0,0.1876236561654858,Completed,7987000.0,3.6,False,False
B04119,2025-06-19,2025-08-09,C1432,Student,Beach,Mobile App,Card,Nha Trang,3,4922000.0,,Completed,14354000.0,3.2,False,False
B04120,2025-06-19,2025-08-02,C1433,Family,City Break,Agent,Card,Đà Lạt,2,2519000.0,0.1175189414843602,Completed,4446000.0,4.6,False,False
B04164,2025-07-05,2025-08-05,C1433,Young Professional,Beach,Mobile App,,Hội An,4,4211000.0,0.0376853870098573,Completed,16209000.0,4.0,True,False
B04121,2025-06-20,2025-07-22,C1434,Young Professional,City Break,Website,Cash,Hội An,2,1636000.0,0.1209217932738968,Completed,2876000.0,4.5,False,False
B04132,2025-06-26,2025-08-09,C1436,Corporate,Family,Agent,Card,Hội An,4,2842000.0,0.1097858727884851,Completed,10120000.0,4.0,False,False
B04134,2025-06-26,2025-08-15,C1437,Young Professional,Adventure,Mobile App,Card,Hội An,1,5132000.0,0.1008323190428057,Completed,4615000.0,4.3,False,False
B04137,2025-06-27,2025-07-23,C1438,Family,Adventure,Website,Card,Hội An,3,4994000.0,0.1229868835373438,Completed,13139000.0,3.8,False,False
B04178,2025-07-07,2025-08-06,C1439,Student,Foodie,Agent,Bank Transfer,Phú Quốc,1,2891000.0,0.1268335775457024,Completed,2524000.0,4.4,True,False
B04142,2025-06-28,2025-08-19,C1439,Young Professional,Adventure,Website,,Phú Quốc,3,5343000.0,0.129798175566017,Completed,13948000.0,3.6,False,False
B04143,2025-06-29,2025-08-12,C1440,Corporate,Beach,Mobile App,Card,Sa Pa,1,3940000.0,0.1757194767271701,Completed,3248000.0,4.1,False,False
B04153,2025-07-01,2025-08-17,C1441,Student,Adventure,Agent,Card,Đà Nẵng,3,6100000.0,,Completed,15609000.0,3.9,False,False
B04156,2025-07-03,2025-09-20,C1442,Young Professional,Cultural,Website,E-wallet,Đà Lạt,2,2318000.0,0.0796243817452291,Completed,4267000.0,4.4,False,False
B04278,2025-08-19,2025-09-22,C1442,Corporate,Beach,Mobile App,Card,Đà Lạt,3,3170000.0,0.1368290474045666,Completed,8209000.0,4.4,True,False
B04165,2025-07-05,2025-08-27,C1444,Young Professional,Adventure,Website,Card,TP.HCM,4,5214000.0,0.0341201471571931,Completed,20144000.0,5.0,False,False
B04168,2025-07-05,2025-08-18,C1445,Young Professional,Beach,Website,Card,Nha Trang,5,4730000.0,0.1335016717655696,Completed,20493000.0,5.0,False,False
B04170,2025-07-05,2025-08-19,C1446,Student,City Break,Mobile App,Card,TP.HCM,3,2856000.0,0.1079621213971316,Completed,7643000.0,4.7,False,False
B04171,2025-07-06,2025-08-11,C1447,,City Break,Agent,Card,Nha Trang,2,2511000.0,0.1229161206828905,Completed,4405000.0,5.0,False,False
B04172,2025-07-06,2025-08-12,C1448,Young Professional,Family,Website,Card,Hội An,1,2857000.0,0.2022415712174087,Completed,2279000.0,4.1,False,False
B04180,2025-07-08,2025-08-23,C1449,Family,Adventure,Website,Card,Hà Nội,1,4872000.0,0.1138244598950156,Completed,4317000.0,3.8,False,False
B04181,2025-07-09,2025-08-18,C1450,Corporate,Adventure,Website,Card,Phú Quốc,4,5248000.0,0.1144799597742157,Completed,18589000.0,4.6,False,False
B04182,2025-07-09,2025-07-31,C1451,Young Professional,Adventure,Website,Card,Hạ Long,3,6225000.0,0.0672116537042469,Completed,17420000.0,4.0,False,False
B04190,2025-07-12,2025-10-23,C1453,,Adventure,Agent,Bank Transfer,Đà Nẵng,1,5365000.0,,Completed,4815000.0,4.0,False,False
B04196,2025-07-15,2025-09-06,C1455,Corporate,Foodie,Website,Bank Transfer,Nha Trang,1,2692000.0,0.1196020514523773,Completed,2370000.0,4.6,False,False
B04199,2025-07-15,2025-08-02,C1456,Family,Cultural,Mobile App,Card,Phú Quốc,1,2777000.0,0.1486114276904446,Completed,2364000.0,4.3,False,False
B04201,2025-07-16,2025-08-29,C1457,Student,Cultural,Agent,E-wallet,Sa Pa,1,2550000.0,0.067202655668509,Completed,2379000.0,4.3,False,False
B04202,2025-07-17,2025-08-21,C1458,Family,Cultural,Website,Cash,Hội An,2,2905000.0,0.0248410109423307,Completed,5666000.0,3.8,False,False
B04207,2025-07-19,2025-09-01,C1460,Young Professional,Family,Mobile App,Card,Đà Lạt,3,3071000.0,0.1366510989788411,Completed,7954000.0,4.2,False,False
B04211,2025-07-21,2025-09-09,C1462,Corporate,Cultural,Website,Card,Hội An,2,2811000.0,0.060574441764091,Completed,5281000.0,4.7,False,False
B04213,2025-07-21,2025-08-28,C1464,Young Professional,Foodie,Agent,Cash,Phú Quốc,2,3029000.0,0.0491684198635037,Completed,5760000.0,4.2,False,False
B04218,2025-07-23,2025-10-09,C1465,Student,Cultural,Website,Bank Transfer,Huế,2,2439000.0,0.1047648121520058,Completed,4367000.0,4.3,False,False
B04219,2025-07-24,2025-10-03,C1466,Student,Beach,Agent,Cash,Hà Nội,1,4363000.0,0.0563165470646205,Completed,4117000.0,4.0,False,False
B04220,2025-07-24,2025-09-21,C1467,Student,Family,Website,Card,Nha Trang,1,3501000.0,0.102445071265994,Completed,3142000.0,4.3,False,False
B04225,2025-07-24,2025-09-29,C1468,,Adventure,Agent,Card,Hà Nội,1,4414000.0,0.100732005282792,Completed,3969000.0,3.9,False,False
B04227,2025-07-25,2025-09-05,C1469,Family,Foodie,Mobile App,Card,Nha Trang,1,2626000.0,0.0523258661797552,Completed,2489000.0,4.5,False,False
B04232,2025-07-27,2025-10-07,C1470,Young Professional,Beach,Website,E-wallet,Nha Trang,1,4617000.0,0.183261658794517,Completed,3771000.0,4.5,False,False
B04237,2025-07-28,2025-10-10,C1471,Student,Adventure,Website,Card,Hà Nội,3,4324000.0,0.058403741235967,Completed,12214000.0,4.3,False,False
B04245,2025-08-02,2025-10-13,C1473,Corporate,Beach,Agent,Bank Transfer,Đà Lạt,1,3032000.0,0.1547168647901999,Completed,2563000.0,4.4,False,False
B04249,2025-08-04,2025-09-04,C1474,Young Professional,Beach,Agent,Card,Sa Pa,1,4171000.0,0.0903381411296902,Completed,3794000.0,4.8,False,False
B04254,2025-08-09,2025-11-04,C1475,Family,Cultural,Mobile App,Cash,Phú Quốc,2,2652000.0,0.1495976047862554,Completed,4511000.0,3.7,False,False
B04255,2025-08-10,2025-09-24,C1476,,Beach,Website,Card,Hạ Long,2,4006000.0,0.0805590842747626,Completed,7367000.0,4.1,False,False
B04256,2025-08-10,2025-11-10,C1477,Young Professional,Beach,Agent,Cash,TP.HCM,4,3461000.0,0.1116346525637206,Completed,12299000.0,4.6,False,False
B04257,2025-08-10,2025-10-11,C1478,Young Professional,Cultural,Agent,Card,Nha Trang,3,3310000.0,0.0976906203452471,Completed,8960000.0,3.9,False,False
B04258,2025-08-10,2025-08-30,C1479,Corporate,Foodie,Mobile App,Card,Đà Lạt,3,2664000.0,0.1114355612096101,Completed,7101000.0,4.0,False,False
B04261,2025-08-12,2025-08-15,C1480,Student,Beach,Agent,Bank Transfer,Phú Quốc,2,4307000.0,0.0307216212898838,Completed,8349000.0,3.9,False,False
B04265,2025-08-15,2025-10-11,C1481,Student,Cultural,Agent,Bank Transfer,Huế,1,2202000.0,0.0440759485975709,Completed,2105000.0,3.4,False,False
B04267,2025-08-16,2025-10-07,C1483,Family,Cultural,Agent,E-wallet,Nha Trang,1,2956000.0,0.0461933312622594,Completed,2819000.0,4.5,False,False
B04361,2025-09-20,2025-11-26,C1483,Young Professional,Family,Mobile App,Card,TP.HCM,3,3337000.0,0.1222784036659813,Completed,8787000.0,4.0,True,False
B04268,2025-08-17,2025-10-19,C1484,Student,Cultural,,Cash,Hội An,1,2708000.0,0.1293973358735314,Completed,2358000.0,4.7,False,False
B04269,2025-08-17,2025-09-28,C1485,Young Professional,Family,Website,Card,Huế,4,2789000.0,0.1148258401959308,Completed,9875000.0,3.8,False,False
B04277,2025-08-19,2025-10-13,C1487,Family,City Break,Website,Card,Hội An,1,1412000.0,0.0699717955912059,Completed,1313000.0,4.7,False,False
B04295,2025-08-23,2025-10-07,C1488,Family,Beach,Mobile App,Card,Phú Quốc,1,3720000.0,0.1372903847632685,Completed,3209000.0,4.6,False,False
B04298,2025-08-24,2025-11-02,C1489,Family,Adventure,Mobile App,Cash,Nha Trang,1,4806000.0,0.1317821508777566,Completed,4173000.0,4.7,False,False
B04306,2025-08-28,2025-10-02,C1491,Young Professional,Cultural,Agent,Bank Transfer,Hạ Long,1,2813000.0,,Completed,2493000.0,4.1,False,False
B04308,2025-08-29,2025-10-24,C1492,Family,Adventure,Agent,,Nha Trang,4,4502000.0,0.0620682848328109,Completed,16890000.0,4.6,False,False
B04310,2025-08-31,2025-10-04,C1493,Family,Family,Website,Bank Transfer,Hạ Long,4,3507000.0,0.0589365254577729,Completed,13201000.0,4.3,False,False
B04316,2025-09-02,2025-09-15,C1494,Young Professional,Beach,Website,Card,Đà Nẵng,1,4102000.0,0.0629214661248667,Completed,3844000.0,4.1,False,False
B04322,2025-09-03,2025-10-30,C1495,Young Professional,Adventure,Mobile App,Cash,Đà Nẵng,2,5060000.0,,Completed,8865000.0,3.8,False,False
B04324,2025-09-04,2025-11-06,C1496,Family,City Break,Website,Card,Sa Pa,2,2090000.0,0.1210994922672056,Completed,3674000.0,4.1,False,False
B04326,2025-09-04,2025-11-09,C1497,Young Professional,City Break,Agent,Cash,Huế,1,2017000.0,0.0582940117349914,Completed,1899000.0,3.9,False,False
B04331,2025-09-05,2025-11-01,C1498,Family,Cultural,Mobile App,,Phú Quốc,3,2680000.0,0.0899819812595658,Completed,7317000.0,3.9,False,False
B04333,2025-09-06,2025-11-18,C1499,Young Professional,Cultural,Mobile App,Card,Hà Nội,1,2778000.0,0.1562513743738556,Completed,2344000.0,3.6,False,False
B04334,2025-09-06,2025-11-06,C1500,Family,Family,Agent,Card,Nha Trang,4,3663000.0,0.0756025111517252,Completed,13544000.0,3.9,False,False
B04337,2025-09-09,2025-12-04,C1501,Family,Beach,Website,Card,Hạ Long,1,4422000.0,0.0842139855148122,Completed,4050000.0,4.2,False,False
B04339,2025-09-11,2025-10-18,C1502,Student,Family,Website,Cash,Phú Quốc,1,3551000.0,0.1341030820312345,Completed,3075000.0,5.0,False,False
B04340,2025-09-11,2025-11-12,C1503,Family,City Break,Website,Bank Transfer,Đà Nẵng,1,2522000.0,0.1692417604668141,Completed,2095000.0,4.3,False,False
B04344,2025-09-13,2025-10-16,C1504,,Family,Website,Card,Phú Quốc,3,3418000.0,0.1527137889430583,Completed,8688000.0,4.1,False,False
B04356,2025-09-19,2025-10-22,C1505,Family,City Break,Call Center,Cash,Hội An,1,1439000.0,0.0600675759153761,Completed,1353000.0,4.8,False,False
B04374,2025-09-28,2025-11-08,C1505,Family,Family,Mobile App,Cash,TP.HCM,4,3454000.0,0.1684088990832296,Completed,11489000.0,4.2,True,False
B04365,2025-09-24,2025-12-01,C1506,Young Professional,Foodie,Agent,Card,Phú Quốc,1,3117000.0,0.0242126160063303,Completed,3042000.0,4.5,False,False
B04369,2025-09-25,2025-10-27,C1508,Corporate,City Break,Website,E-wallet,Hạ Long,2,2448000.0,0.1074710958922747,Completed,4370000.0,4.6,False,False
B04372,2025-09-26,2025-11-12,C1509,Family,City Break,Website,Cash,Hội An,3,1308000.0,0.0922038405874577,Completed,3562000.0,4.6,False,False
